sign,gardiner,codepoint,function,value,meaning,group,qualifier,source_note
𓀀,A1,U+13000,determinative,s,man,,,"Mark-Jan Nederhof, sign-function list (Unicode 5.2 set), https://mjn.host.cs.st-andrews.ac.uk/egyptian/unicode/ — used under his written grant of 2026-09-04; published here CC BY 4.0"
𓀀,A1,U+13000,logogram or determinative,rḥw,men,A1:Z2,plural=true,"Mark-Jan Nederhof, sign-function list (Unicode 5.2 set), https://mjn.host.cs.st-andrews.ac.uk/egyptian/unicode/ — used under his written grant of 2026-09-04; published here CC BY 4.0"
𓀀,A1,U+13000,determinative,,man and his occupations,,,"Mark-Jan Nederhof, sign-function list (Unicode 5.2 set), https://mjn.host.cs.st-andrews.ac.uk/egyptian/unicode/ — used under his written grant of 2026-09-04; published here CC BY 4.0"
𓀀,A1,U+13000,determinative,,people and their occupations,A1*B1:Z1*Z1*Z1,plural=true,"Mark-Jan Nederhof, sign-function list (Unicode 5.2 set), https://mjn.host.cs.st-andrews.ac.uk/egyptian/unicode/ — used under his written grant of 2026-09-04; published here CC BY 4.0"
𓀀,A1,U+13000,determinative,,in personal names,,,"Mark-Jan Nederhof, sign-function list (Unicode 5.2 set), https://mjn.host.cs.st-andrews.ac.uk/egyptian/unicode/ — used under his written grant of 2026-09-04; published here CC BY 4.0"
𓀀,A1,U+13000,logogram,=ꞽ,I,,,"Mark-Jan Nederhof, sign-function list (Unicode 5.2 set), https://mjn.host.cs.st-andrews.ac.uk/egyptian/unicode/ — used under his written grant of 2026-09-04; published here CC BY 4.0"
𓀀,A1,U+13000,determinative,,first person singular,,,"Mark-Jan Nederhof, sign-function list (Unicode 5.2 set), https://mjn.host.cs.st-andrews.ac.uk/egyptian/unicode/ — used under his written grant of 2026-09-04; published here CC BY 4.0"
𓀁,A2,U+13001,determinative,,eat and drink,,,"Mark-Jan Nederhof, sign-function list (Unicode 5.2 set), https://mjn.host.cs.st-andrews.ac.uk/egyptian/unicode/ — used under his written grant of 2026-09-04; published here CC BY 4.0"
𓀁,A2,U+13001,determinative,,"speak, think, feel",,,"Mark-Jan Nederhof, sign-function list (Unicode 5.2 set), https://mjn.host.cs.st-andrews.ac.uk/egyptian/unicode/ — used under his written grant of 2026-09-04; published here CC BY 4.0"
𓀁,A2,U+13001,determinative,ꞽ,O (vocative interjection),,,"Mark-Jan Nederhof, sign-function list (Unicode 5.2 set), https://mjn.host.cs.st-andrews.ac.uk/egyptian/unicode/ — used under his written grant of 2026-09-04; published here CC BY 4.0"
𓀂,A3,U+13002,determinative,ḥmsꞽ,sit,,root=ḥms,"Mark-Jan Nederhof, sign-function list (Unicode 5.2 set), https://mjn.host.cs.st-andrews.ac.uk/egyptian/unicode/ — used under his written grant of 2026-09-04; published here CC BY 4.0"
𓀃,A4,U+13003,determinative,,"praise, supplicate",,,"Mark-Jan Nederhof, sign-function list (Unicode 5.2 set), https://mjn.host.cs.st-andrews.ac.uk/egyptian/unicode/ — used under his written grant of 2026-09-04; published here CC BY 4.0"
𓀃,A4,U+13003,determinative,,hide,,,"Mark-Jan Nederhof, sign-function list (Unicode 5.2 set), https://mjn.host.cs.st-andrews.ac.uk/egyptian/unicode/ — used under his written grant of 2026-09-04; published here CC BY 4.0"
𓀃,A4,U+13003,determinative,,resist,,,"Mark-Jan Nederhof, sign-function list (Unicode 5.2 set), https://mjn.host.cs.st-andrews.ac.uk/egyptian/unicode/ — used under his written grant of 2026-09-04; published here CC BY 4.0"
𓀄,A5,U+13004,determinative,,hide,,,"Mark-Jan Nederhof, sign-function list (Unicode 5.2 set), https://mjn.host.cs.st-andrews.ac.uk/egyptian/unicode/ — used under his written grant of 2026-09-04; published here CC BY 4.0"
𓀆,A6,U+13006,logogram or determinative,wꜥb,pure,,,"Mark-Jan Nederhof, sign-function list (Unicode 5.2 set), https://mjn.host.cs.st-andrews.ac.uk/egyptian/unicode/ — used under his written grant of 2026-09-04; published here CC BY 4.0"
𓀇,A6a,U+13007,determinative,sꜣṯ,make libation,,,"Mark-Jan Nederhof, sign-function list (Unicode 5.2 set), https://mjn.host.cs.st-andrews.ac.uk/egyptian/unicode/ — used under his written grant of 2026-09-04; published here CC BY 4.0"
𓀈,A6b,U+13008,determinative,sꜣṯ,make libation,,,"Mark-Jan Nederhof, sign-function list (Unicode 5.2 set), https://mjn.host.cs.st-andrews.ac.uk/egyptian/unicode/ — used under his written grant of 2026-09-04; published here CC BY 4.0"
𓀉,A7,U+13009,determinative,,"weary, weak",,,"Mark-Jan Nederhof, sign-function list (Unicode 5.2 set), https://mjn.host.cs.st-andrews.ac.uk/egyptian/unicode/ — used under his written grant of 2026-09-04; published here CC BY 4.0"
𓀉,A7,U+13009,determinative,ḥmsꞽ,sit,,root=ḥms,"Mark-Jan Nederhof, sign-function list (Unicode 5.2 set), https://mjn.host.cs.st-andrews.ac.uk/egyptian/unicode/ — used under his written grant of 2026-09-04; published here CC BY 4.0"
𓀊,A8,U+1300A,determinative,hnw,jubilation,,root=hn,"Mark-Jan Nederhof, sign-function list (Unicode 5.2 set), https://mjn.host.cs.st-andrews.ac.uk/egyptian/unicode/ — used under his written grant of 2026-09-04; published here CC BY 4.0"
𓀋,A9,U+1300B,logogram or determinative,ꜣṯp,load,,,"Mark-Jan Nederhof, sign-function list (Unicode 5.2 set), https://mjn.host.cs.st-andrews.ac.uk/egyptian/unicode/ — used under his written grant of 2026-09-04; published here CC BY 4.0"
𓀋,A9,U+1300B,logogram or determinative,fꜣꞽ,raise,,root=fꜣ,"Mark-Jan Nederhof, sign-function list (Unicode 5.2 set), https://mjn.host.cs.st-andrews.ac.uk/egyptian/unicode/ — used under his written grant of 2026-09-04; published here CC BY 4.0"
𓀋,A9,U+1300B,logogram or determinative,kꜣt,work,,root=kꜣ,"Mark-Jan Nederhof, sign-function list (Unicode 5.2 set), https://mjn.host.cs.st-andrews.ac.uk/egyptian/unicode/ — used under his written grant of 2026-09-04; published here CC BY 4.0"
𓀌,A10,U+1300C,determinative,,sailing,,,"Mark-Jan Nederhof, sign-function list (Unicode 5.2 set), https://mjn.host.cs.st-andrews.ac.uk/egyptian/unicode/ — used under his written grant of 2026-09-04; published here CC BY 4.0"
𓀍,A11,U+1300D,logogram or determinative,ḫnms,friend,,,"Mark-Jan Nederhof, sign-function list (Unicode 5.2 set), https://mjn.host.cs.st-andrews.ac.uk/egyptian/unicode/ — used under his written grant of 2026-09-04; published here CC BY 4.0"
𓀎,A12,U+1300E,logogram or determinative,mšꜥ,army,,,"Mark-Jan Nederhof, sign-function list (Unicode 5.2 set), https://mjn.host.cs.st-andrews.ac.uk/egyptian/unicode/ — used under his written grant of 2026-09-04; published here CC BY 4.0"
𓀎,A12,U+1300E,determinative,,army,,,"Mark-Jan Nederhof, sign-function list (Unicode 5.2 set), https://mjn.host.cs.st-andrews.ac.uk/egyptian/unicode/ — used under his written grant of 2026-09-04; published here CC BY 4.0"
𓀏,A13,U+1300F,determinative,,enemy,,,"Mark-Jan Nederhof, sign-function list (Unicode 5.2 set), https://mjn.host.cs.st-andrews.ac.uk/egyptian/unicode/ — used under his written grant of 2026-09-04; published here CC BY 4.0"
𓀐,A14,U+13010,determinative,,death,,,"Mark-Jan Nederhof, sign-function list (Unicode 5.2 set), https://mjn.host.cs.st-andrews.ac.uk/egyptian/unicode/ — used under his written grant of 2026-09-04; published here CC BY 4.0"
𓀐,A14,U+13010,determinative,,enemy,,,"Mark-Jan Nederhof, sign-function list (Unicode 5.2 set), https://mjn.host.cs.st-andrews.ac.uk/egyptian/unicode/ — used under his written grant of 2026-09-04; published here CC BY 4.0"
𓀒,A15,U+13012,logogram or determinative,ḫr,fall,,,"Mark-Jan Nederhof, sign-function list (Unicode 5.2 set), https://mjn.host.cs.st-andrews.ac.uk/egyptian/unicode/ — used under his written grant of 2026-09-04; published here CC BY 4.0"
𓀒,A15,U+13012,logogram,sḫrt,overthrow (infinitive),A15:X1,root=sḫr,"Mark-Jan Nederhof, sign-function list (Unicode 5.2 set), https://mjn.host.cs.st-andrews.ac.uk/egyptian/unicode/ — used under his written grant of 2026-09-04; published here CC BY 4.0"
𓀓,A16,U+13013,determinative,ksꞽ,bow down,,root=ks,"Mark-Jan Nederhof, sign-function list (Unicode 5.2 set), https://mjn.host.cs.st-andrews.ac.uk/egyptian/unicode/ — used under his written grant of 2026-09-04; published here CC BY 4.0"
𓀔,A17,U+13014,logogram or determinative,ẖrd,child,,,"Mark-Jan Nederhof, sign-function list (Unicode 5.2 set), https://mjn.host.cs.st-andrews.ac.uk/egyptian/unicode/ — used under his written grant of 2026-09-04; published here CC BY 4.0"
𓀔,A17,U+13014,determinative,,young,,,"Mark-Jan Nederhof, sign-function list (Unicode 5.2 set), https://mjn.host.cs.st-andrews.ac.uk/egyptian/unicode/ — used under his written grant of 2026-09-04; published here CC BY 4.0"
𓀔,A17,U+13014,phonogram,nnꞽ,,,,"Mark-Jan Nederhof, sign-function list (Unicode 5.2 set), https://mjn.host.cs.st-andrews.ac.uk/egyptian/unicode/ — used under his written grant of 2026-09-04; published here CC BY 4.0"
𓀔,A17,U+13014,phonogram,ms,,,,"Mark-Jan Nederhof, sign-function list (Unicode 5.2 set), https://mjn.host.cs.st-andrews.ac.uk/egyptian/unicode/ — used under his written grant of 2026-09-04; published here CC BY 4.0"
𓀖,A18,U+13016,determinative,,child-king,,,"Mark-Jan Nederhof, sign-function list (Unicode 5.2 set), https://mjn.host.cs.st-andrews.ac.uk/egyptian/unicode/ — used under his written grant of 2026-09-04; published here CC BY 4.0"
𓀗,A19,U+13017,logogram or determinative,ꞽꜣwꞽ,old,,root=ꞽꜣ,"Mark-Jan Nederhof, sign-function list (Unicode 5.2 set), https://mjn.host.cs.st-andrews.ac.uk/egyptian/unicode/ — used under his written grant of 2026-09-04; published here CC BY 4.0"
𓀗,A19,U+13017,logogram or determinative,smsw,eldest,,root=sms,"Mark-Jan Nederhof, sign-function list (Unicode 5.2 set), https://mjn.host.cs.st-andrews.ac.uk/egyptian/unicode/ — used under his written grant of 2026-09-04; published here CC BY 4.0"
𓀗,A19,U+13017,logogram or determinative,wr,great,,,"Mark-Jan Nederhof, sign-function list (Unicode 5.2 set), https://mjn.host.cs.st-andrews.ac.uk/egyptian/unicode/ — used under his written grant of 2026-09-04; published here CC BY 4.0"
𓀗,A19,U+13017,determinative,,old,,,"Mark-Jan Nederhof, sign-function list (Unicode 5.2 set), https://mjn.host.cs.st-andrews.ac.uk/egyptian/unicode/ — used under his written grant of 2026-09-04; published here CC BY 4.0"
𓀗,A19,U+13017,determinative,,lean,,,"Mark-Jan Nederhof, sign-function list (Unicode 5.2 set), https://mjn.host.cs.st-andrews.ac.uk/egyptian/unicode/ — used under his written grant of 2026-09-04; published here CC BY 4.0"
𓀗,A19,U+13017,logogram or determinative,ꞽky,quarryman,,root=ꞽk,"Mark-Jan Nederhof, sign-function list (Unicode 5.2 set), https://mjn.host.cs.st-andrews.ac.uk/egyptian/unicode/ — used under his written grant of 2026-09-04; published here CC BY 4.0"
𓀘,A20,U+13018,logogram or determinative,smsw,eldest,,root=sms,"Mark-Jan Nederhof, sign-function list (Unicode 5.2 set), https://mjn.host.cs.st-andrews.ac.uk/egyptian/unicode/ — used under his written grant of 2026-09-04; published here CC BY 4.0"
𓀘,A20,U+13018,logogram,smsw-hꜣyt,elder of the portal,A20:[sep=0.2]N1,,"Mark-Jan Nederhof, sign-function list (Unicode 5.2 set), https://mjn.host.cs.st-andrews.ac.uk/egyptian/unicode/ — used under his written grant of 2026-09-04; published here CC BY 4.0"
𓀙,A21,U+13019,logogram or determinative,sr,official (noun),,,"Mark-Jan Nederhof, sign-function list (Unicode 5.2 set), https://mjn.host.cs.st-andrews.ac.uk/egyptian/unicode/ — used under his written grant of 2026-09-04; published here CC BY 4.0"
𓀙,A21,U+13019,determinative,,dignitary,,,"Mark-Jan Nederhof, sign-function list (Unicode 5.2 set), https://mjn.host.cs.st-andrews.ac.uk/egyptian/unicode/ — used under his written grant of 2026-09-04; published here CC BY 4.0"
𓀚,A22,U+1301A,determinative,,statue,,,"Mark-Jan Nederhof, sign-function list (Unicode 5.2 set), https://mjn.host.cs.st-andrews.ac.uk/egyptian/unicode/ — used under his written grant of 2026-09-04; published here CC BY 4.0"
𓀛,A23,U+1301B,determinative,ꞽty,sovereign,,,"Mark-Jan Nederhof, sign-function list (Unicode 5.2 set), https://mjn.host.cs.st-andrews.ac.uk/egyptian/unicode/ — used under his written grant of 2026-09-04; published here CC BY 4.0"
𓀜,A24,U+1301C,logogram or determinative,nḫt,strong,,,"Mark-Jan Nederhof, sign-function list (Unicode 5.2 set), https://mjn.host.cs.st-andrews.ac.uk/egyptian/unicode/ — used under his written grant of 2026-09-04; published here CC BY 4.0"
𓀜,A24,U+1301C,determinative,,"strike, force, effort",,,"Mark-Jan Nederhof, sign-function list (Unicode 5.2 set), https://mjn.host.cs.st-andrews.ac.uk/egyptian/unicode/ — used under his written grant of 2026-09-04; published here CC BY 4.0"
𓀝,A25,U+1301D,logogram or determinative,ḥwꞽ,strike,,root=ḥw,"Mark-Jan Nederhof, sign-function list (Unicode 5.2 set), https://mjn.host.cs.st-andrews.ac.uk/egyptian/unicode/ — used under his written grant of 2026-09-04; published here CC BY 4.0"
𓀞,A26,U+1301E,determinative,,call,,,"Mark-Jan Nederhof, sign-function list (Unicode 5.2 set), https://mjn.host.cs.st-andrews.ac.uk/egyptian/unicode/ — used under his written grant of 2026-09-04; published here CC BY 4.0"
𓀞,A26,U+1301E,logogram,sḏm-ꜥš,servant,F21*A26,,"Mark-Jan Nederhof, sign-function list (Unicode 5.2 set), https://mjn.host.cs.st-andrews.ac.uk/egyptian/unicode/ — used under his written grant of 2026-09-04; published here CC BY 4.0"
𓀞,A26,U+1301E,determinative,ꞽ,O (vocative interjection),,,"Mark-Jan Nederhof, sign-function list (Unicode 5.2 set), https://mjn.host.cs.st-andrews.ac.uk/egyptian/unicode/ — used under his written grant of 2026-09-04; published here CC BY 4.0"
𓀟,A27,U+1301F,phonetic determinative,ꞽn,,,,"Mark-Jan Nederhof, sign-function list (Unicode 5.2 set), https://mjn.host.cs.st-andrews.ac.uk/egyptian/unicode/ — used under his written grant of 2026-09-04; published here CC BY 4.0"
𓀠,A28,U+13020,logogram or determinative,qꜣꞽ,high,,root=qꜣ,"Mark-Jan Nederhof, sign-function list (Unicode 5.2 set), https://mjn.host.cs.st-andrews.ac.uk/egyptian/unicode/ — used under his written grant of 2026-09-04; published here CC BY 4.0"
𓀠,A28,U+13020,determinative,,joy,,,"Mark-Jan Nederhof, sign-function list (Unicode 5.2 set), https://mjn.host.cs.st-andrews.ac.uk/egyptian/unicode/ — used under his written grant of 2026-09-04; published here CC BY 4.0"
𓀠,A28,U+13020,determinative,,mourn,,,"Mark-Jan Nederhof, sign-function list (Unicode 5.2 set), https://mjn.host.cs.st-andrews.ac.uk/egyptian/unicode/ — used under his written grant of 2026-09-04; published here CC BY 4.0"
𓀠,A28,U+13020,determinative,ꞽꜣs,bald,,,"Mark-Jan Nederhof, sign-function list (Unicode 5.2 set), https://mjn.host.cs.st-andrews.ac.uk/egyptian/unicode/ — used under his written grant of 2026-09-04; published here CC BY 4.0"
𓀡,A29,U+13021,determinative,,upside down,,,"Mark-Jan Nederhof, sign-function list (Unicode 5.2 set), https://mjn.host.cs.st-andrews.ac.uk/egyptian/unicode/ — used under his written grant of 2026-09-04; published here CC BY 4.0"
𓀢,A30,U+13022,determinative,,"praise, awe, supplicate",,,"Mark-Jan Nederhof, sign-function list (Unicode 5.2 set), https://mjn.host.cs.st-andrews.ac.uk/egyptian/unicode/ — used under his written grant of 2026-09-04; published here CC BY 4.0"
𓀣,A31,U+13023,determinative,,turn away,,,"Mark-Jan Nederhof, sign-function list (Unicode 5.2 set), https://mjn.host.cs.st-andrews.ac.uk/egyptian/unicode/ — used under his written grant of 2026-09-04; published here CC BY 4.0"
𓀤,A32,U+13024,determinative,,dance,,,"Mark-Jan Nederhof, sign-function list (Unicode 5.2 set), https://mjn.host.cs.st-andrews.ac.uk/egyptian/unicode/ — used under his written grant of 2026-09-04; published here CC BY 4.0"
𓀤,A32,U+13024,determinative,,joy,,,"Mark-Jan Nederhof, sign-function list (Unicode 5.2 set), https://mjn.host.cs.st-andrews.ac.uk/egyptian/unicode/ — used under his written grant of 2026-09-04; published here CC BY 4.0"
𓀦,A33,U+13026,logogram or determinative,mnꞽw,herdsman,,root=mnꞽ,"Mark-Jan Nederhof, sign-function list (Unicode 5.2 set), https://mjn.host.cs.st-andrews.ac.uk/egyptian/unicode/ — used under his written grant of 2026-09-04; published here CC BY 4.0"
𓀦,A33,U+13026,determinative,,wander,,,"Mark-Jan Nederhof, sign-function list (Unicode 5.2 set), https://mjn.host.cs.st-andrews.ac.uk/egyptian/unicode/ — used under his written grant of 2026-09-04; published here CC BY 4.0"
𓀧,A34,U+13027,determinative,ḫwsꞽ,pound,,root=ḫws,"Mark-Jan Nederhof, sign-function list (Unicode 5.2 set), https://mjn.host.cs.st-andrews.ac.uk/egyptian/unicode/ — used under his written grant of 2026-09-04; published here CC BY 4.0"
𓀨,A35,U+13028,logogram or determinative,qd,build,,,"Mark-Jan Nederhof, sign-function list (Unicode 5.2 set), https://mjn.host.cs.st-andrews.ac.uk/egyptian/unicode/ — used under his written grant of 2026-09-04; published here CC BY 4.0"
𓀩,A36,U+13029,logogram or determinative,ꜥftꞽ,brewer,,root=ꜥft,"Mark-Jan Nederhof, sign-function list (Unicode 5.2 set), https://mjn.host.cs.st-andrews.ac.uk/egyptian/unicode/ — used under his written grant of 2026-09-04; published here CC BY 4.0"
𓀫,A38,U+1302B,logogram,^qꞽs,Qus,,,"Mark-Jan Nederhof, sign-function list (Unicode 5.2 set), https://mjn.host.cs.st-andrews.ac.uk/egyptian/unicode/ — used under his written grant of 2026-09-04; published here CC BY 4.0"
𓀭,A40,U+1302D,determinative,,god,,,"Mark-Jan Nederhof, sign-function list (Unicode 5.2 set), https://mjn.host.cs.st-andrews.ac.uk/egyptian/unicode/ — used under his written grant of 2026-09-04; published here CC BY 4.0"
𓀭,A40,U+1302D,logogram,=ꞽ,I (god or king),,,"Mark-Jan Nederhof, sign-function list (Unicode 5.2 set), https://mjn.host.cs.st-andrews.ac.uk/egyptian/unicode/ — used under his written grant of 2026-09-04; published here CC BY 4.0"
𓀭,A40,U+1302D,determinative,,first person singular (god or king),,,"Mark-Jan Nederhof, sign-function list (Unicode 5.2 set), https://mjn.host.cs.st-andrews.ac.uk/egyptian/unicode/ — used under his written grant of 2026-09-04; published here CC BY 4.0"
𓀯,A41,U+1302F,determinative,,king,,,"Mark-Jan Nederhof, sign-function list (Unicode 5.2 set), https://mjn.host.cs.st-andrews.ac.uk/egyptian/unicode/ — used under his written grant of 2026-09-04; published here CC BY 4.0"
𓀯,A41,U+1302F,logogram,=ꞽ,I (king),,,"Mark-Jan Nederhof, sign-function list (Unicode 5.2 set), https://mjn.host.cs.st-andrews.ac.uk/egyptian/unicode/ — used under his written grant of 2026-09-04; published here CC BY 4.0"
𓀯,A41,U+1302F,determinative,,first person singular (king),,,"Mark-Jan Nederhof, sign-function list (Unicode 5.2 set), https://mjn.host.cs.st-andrews.ac.uk/egyptian/unicode/ — used under his written grant of 2026-09-04; published here CC BY 4.0"
𓀲,A43,U+13032,logogram or determinative,nsw,king (of Upper Egypt),,root=ns,"Mark-Jan Nederhof, sign-function list (Unicode 5.2 set), https://mjn.host.cs.st-andrews.ac.uk/egyptian/unicode/ — used under his written grant of 2026-09-04; published here CC BY 4.0"
𓀲,A43,U+13032,determinative,^wsꞽr,Osiris,,,"Mark-Jan Nederhof, sign-function list (Unicode 5.2 set), https://mjn.host.cs.st-andrews.ac.uk/egyptian/unicode/ — used under his written grant of 2026-09-04; published here CC BY 4.0"
𓀵,A45,U+13035,logogram or determinative,bꞽtꞽ,king of Lower Egypt,,,"Mark-Jan Nederhof, sign-function list (Unicode 5.2 set), https://mjn.host.cs.st-andrews.ac.uk/egyptian/unicode/ — used under his written grant of 2026-09-04; published here CC BY 4.0"
𓀸,A47,U+13038,logogram,mnꞽw,herdsman,,root=mnꞽ,"Mark-Jan Nederhof, sign-function list (Unicode 5.2 set), https://mjn.host.cs.st-andrews.ac.uk/egyptian/unicode/ — used under his written grant of 2026-09-04; published here CC BY 4.0"
𓀸,A47,U+13038,logogram or determinative,sꜣw,guard,,,"Mark-Jan Nederhof, sign-function list (Unicode 5.2 set), https://mjn.host.cs.st-andrews.ac.uk/egyptian/unicode/ — used under his written grant of 2026-09-04; published here CC BY 4.0"
𓀹,A48,U+13039,logogram or determinative,ꞽrꞽ,relating to,,root=ꞽr,"Mark-Jan Nederhof, sign-function list (Unicode 5.2 set), https://mjn.host.cs.st-andrews.ac.uk/egyptian/unicode/ — used under his written grant of 2026-09-04; published here CC BY 4.0"
𓀺,A49,U+1303A,determinative,,foreigner,,,"Mark-Jan Nederhof, sign-function list (Unicode 5.2 set), https://mjn.host.cs.st-andrews.ac.uk/egyptian/unicode/ — used under his written grant of 2026-09-04; published here CC BY 4.0"
𓀻,A50,U+1303B,determinative,,revered person,,,"Mark-Jan Nederhof, sign-function list (Unicode 5.2 set), https://mjn.host.cs.st-andrews.ac.uk/egyptian/unicode/ — used under his written grant of 2026-09-04; published here CC BY 4.0"
𓀻,A50,U+1303B,logogram,=ꞽ,I (revered person),,,"Mark-Jan Nederhof, sign-function list (Unicode 5.2 set), https://mjn.host.cs.st-andrews.ac.uk/egyptian/unicode/ — used under his written grant of 2026-09-04; published here CC BY 4.0"
𓀻,A50,U+1303B,determinative,,first person singular (revered person),,,"Mark-Jan Nederhof, sign-function list (Unicode 5.2 set), https://mjn.host.cs.st-andrews.ac.uk/egyptian/unicode/ — used under his written grant of 2026-09-04; published here CC BY 4.0"
𓀻,A50,U+1303B,logogram or determinative,šps,noble,,,"Mark-Jan Nederhof, sign-function list (Unicode 5.2 set), https://mjn.host.cs.st-andrews.ac.uk/egyptian/unicode/ — used under his written grant of 2026-09-04; published here CC BY 4.0"
𓀾,A53,U+1303E,logogram or determinative,twt,statue,,,"Mark-Jan Nederhof, sign-function list (Unicode 5.2 set), https://mjn.host.cs.st-andrews.ac.uk/egyptian/unicode/ — used under his written grant of 2026-09-04; published here CC BY 4.0"
𓀾,A53,U+1303E,determinative,,mummy,,,"Mark-Jan Nederhof, sign-function list (Unicode 5.2 set), https://mjn.host.cs.st-andrews.ac.uk/egyptian/unicode/ — used under his written grant of 2026-09-04; published here CC BY 4.0"
𓀾,A53,U+1303E,determinative,,"likeness, form",,,"Mark-Jan Nederhof, sign-function list (Unicode 5.2 set), https://mjn.host.cs.st-andrews.ac.uk/egyptian/unicode/ — used under his written grant of 2026-09-04; published here CC BY 4.0"
𓀿,A54,U+1303F,determinative,,death,,,"Mark-Jan Nederhof, sign-function list (Unicode 5.2 set), https://mjn.host.cs.st-andrews.ac.uk/egyptian/unicode/ — used under his written grant of 2026-09-04; published here CC BY 4.0"
𓁀,A55,U+13040,logogram or determinative,sḏr,lie,,,"Mark-Jan Nederhof, sign-function list (Unicode 5.2 set), https://mjn.host.cs.st-andrews.ac.uk/egyptian/unicode/ — used under his written grant of 2026-09-04; published here CC BY 4.0"
𓁀,A55,U+13040,determinative,,death,,,"Mark-Jan Nederhof, sign-function list (Unicode 5.2 set), https://mjn.host.cs.st-andrews.ac.uk/egyptian/unicode/ — used under his written grant of 2026-09-04; published here CC BY 4.0"
𓁁,A56,U+13041,determinative,bꜣk,servant,,,"Mark-Jan Nederhof, sign-function list (Unicode 5.2 set), https://mjn.host.cs.st-andrews.ac.uk/egyptian/unicode/ — used under his written grant of 2026-09-04; published here CC BY 4.0"
𓁂,A57,U+13042,logogram,ḥtp-ḏꞽ-nsw,a boon that the king grants,,,"Mark-Jan Nederhof, sign-function list (Unicode 5.2 set), https://mjn.host.cs.st-andrews.ac.uk/egyptian/unicode/ — used under his written grant of 2026-09-04; published here CC BY 4.0"
𓁃,A58,U+13043,logogram or determinative,šꜣd,dig,,,"Mark-Jan Nederhof, sign-function list (Unicode 5.2 set), https://mjn.host.cs.st-andrews.ac.uk/egyptian/unicode/ — used under his written grant of 2026-09-04; published here CC BY 4.0"
𓁄,A59,U+13044,determinative,sḥr,drive away,,,"Mark-Jan Nederhof, sign-function list (Unicode 5.2 set), https://mjn.host.cs.st-andrews.ac.uk/egyptian/unicode/ — used under his written grant of 2026-09-04; published here CC BY 4.0"
𓁅,A60,U+13045,determinative,sṯꞽ,sow,,root=sṯ,"Mark-Jan Nederhof, sign-function list (Unicode 5.2 set), https://mjn.host.cs.st-andrews.ac.uk/egyptian/unicode/ — used under his written grant of 2026-09-04; published here CC BY 4.0"
𓁆,A61,U+13046,determinative,,"turn back, turn away",,,"Mark-Jan Nederhof, sign-function list (Unicode 5.2 set), https://mjn.host.cs.st-andrews.ac.uk/egyptian/unicode/ — used under his written grant of 2026-09-04; published here CC BY 4.0"
𓁇,A62,U+13047,logogram,wr,Asiatic prince,,,"Mark-Jan Nederhof, sign-function list (Unicode 5.2 set), https://mjn.host.cs.st-andrews.ac.uk/egyptian/unicode/ — used under his written grant of 2026-09-04; published here CC BY 4.0"
𓁈,A63,U+13048,determinative,,be seated (of king),,,"Mark-Jan Nederhof, sign-function list (Unicode 5.2 set), https://mjn.host.cs.st-andrews.ac.uk/egyptian/unicode/ — used under his written grant of 2026-09-04; published here CC BY 4.0"
𓁉,A64,U+13049,determinative,,offering,,,"Mark-Jan Nederhof, sign-function list (Unicode 5.2 set), https://mjn.host.cs.st-andrews.ac.uk/egyptian/unicode/ — used under his written grant of 2026-09-04; published here CC BY 4.0"
𓁊,A65,U+1304A,logogram,ꞽrꞽ-nṯr,who belongs to the god,,,"Mark-Jan Nederhof, sign-function list (Unicode 5.2 set), https://mjn.host.cs.st-andrews.ac.uk/egyptian/unicode/ — used under his written grant of 2026-09-04; published here CC BY 4.0"
𓁋,A66,U+1304B,logogram or determinative,ꞽḥwꞽ,sistrum player,,root=ꞽḥ,"Mark-Jan Nederhof, sign-function list (Unicode 5.2 set), https://mjn.host.cs.st-andrews.ac.uk/egyptian/unicode/ — used under his written grant of 2026-09-04; published here CC BY 4.0"
𓁌,A67,U+1304C,logogram or determinative,nmw,dwarf,,,"Mark-Jan Nederhof, sign-function list (Unicode 5.2 set), https://mjn.host.cs.st-andrews.ac.uk/egyptian/unicode/ — used under his written grant of 2026-09-04; published here CC BY 4.0"
𓁌,A67,U+1304C,determinative,,dwarf,,,"Mark-Jan Nederhof, sign-function list (Unicode 5.2 set), https://mjn.host.cs.st-andrews.ac.uk/egyptian/unicode/ — used under his written grant of 2026-09-04; published here CC BY 4.0"
𓁍,A68,U+1304D,determinative,,kill,,,"Mark-Jan Nederhof, sign-function list (Unicode 5.2 set), https://mjn.host.cs.st-andrews.ac.uk/egyptian/unicode/ — used under his written grant of 2026-09-04; published here CC BY 4.0"
𓁎,A69,U+1304E,logogram,nḫt,strong,,,"Mark-Jan Nederhof, sign-function list (Unicode 5.2 set), https://mjn.host.cs.st-andrews.ac.uk/egyptian/unicode/ — used under his written grant of 2026-09-04; published here CC BY 4.0"
𓁐,B1,U+13050,determinative,,female,,,"Mark-Jan Nederhof, sign-function list (Unicode 5.2 set), https://mjn.host.cs.st-andrews.ac.uk/egyptian/unicode/ — used under his written grant of 2026-09-04; published here CC BY 4.0"
𓁐,B1,U+13050,logogram or determinative,=ꞽ,I (female),,period=19-,"Mark-Jan Nederhof, sign-function list (Unicode 5.2 set), https://mjn.host.cs.st-andrews.ac.uk/egyptian/unicode/ — used under his written grant of 2026-09-04; published here CC BY 4.0"
𓁑,B2,U+13051,determinative,,pregnant,,,"Mark-Jan Nederhof, sign-function list (Unicode 5.2 set), https://mjn.host.cs.st-andrews.ac.uk/egyptian/unicode/ — used under his written grant of 2026-09-04; published here CC BY 4.0"
𓁒,B3,U+13052,logogram or determinative,msꞽ,give birth,,root=ms,"Mark-Jan Nederhof, sign-function list (Unicode 5.2 set), https://mjn.host.cs.st-andrews.ac.uk/egyptian/unicode/ — used under his written grant of 2026-09-04; published here CC BY 4.0"
𓁔,B5,U+13054,determinative,,nurse,,,"Mark-Jan Nederhof, sign-function list (Unicode 5.2 set), https://mjn.host.cs.st-andrews.ac.uk/egyptian/unicode/ — used under his written grant of 2026-09-04; published here CC BY 4.0"
𓁖,B6,U+13056,determinative,,rear,,,"Mark-Jan Nederhof, sign-function list (Unicode 5.2 set), https://mjn.host.cs.st-andrews.ac.uk/egyptian/unicode/ — used under his written grant of 2026-09-04; published here CC BY 4.0"
𓁗,B7,U+13057,determinative,,in names of queens,,,"Mark-Jan Nederhof, sign-function list (Unicode 5.2 set), https://mjn.host.cs.st-andrews.ac.uk/egyptian/unicode/ — used under his written grant of 2026-09-04; published here CC BY 4.0"
𓁘,B8,U+13058,determinative,,in women's names,,,"Mark-Jan Nederhof, sign-function list (Unicode 5.2 set), https://mjn.host.cs.st-andrews.ac.uk/egyptian/unicode/ — used under his written grant of 2026-09-04; published here CC BY 4.0"
𓁙,B9,U+13059,logogram or determinative,ꞽḥyt,(female) sistrum player,,root=ꞽḥ,"Mark-Jan Nederhof, sign-function list (Unicode 5.2 set), https://mjn.host.cs.st-andrews.ac.uk/egyptian/unicode/ — used under his written grant of 2026-09-04; published here CC BY 4.0"
𓁚,C1,U+1305A,logogram or determinative,^rꜥ,Re,,,"Mark-Jan Nederhof, sign-function list (Unicode 5.2 set), https://mjn.host.cs.st-andrews.ac.uk/egyptian/unicode/ — used under his written grant of 2026-09-04; published here CC BY 4.0"
𓁟,C3,U+1305F,logogram or determinative,^ḏḥwtꞽ,Thoth,,root=ḏḥwt,"Mark-Jan Nederhof, sign-function list (Unicode 5.2 set), https://mjn.host.cs.st-andrews.ac.uk/egyptian/unicode/ — used under his written grant of 2026-09-04; published here CC BY 4.0"
𓁠,C4,U+13060,logogram or determinative,^ẖnmw,Khnum,,,"Mark-Jan Nederhof, sign-function list (Unicode 5.2 set), https://mjn.host.cs.st-andrews.ac.uk/egyptian/unicode/ — used under his written grant of 2026-09-04; published here CC BY 4.0"
𓁢,C6,U+13062,logogram or determinative,^ꞽnpw,Anubis,,root=ꞽnp,"Mark-Jan Nederhof, sign-function list (Unicode 5.2 set), https://mjn.host.cs.st-andrews.ac.uk/egyptian/unicode/ — used under his written grant of 2026-09-04; published here CC BY 4.0"
𓁢,C6,U+13062,determinative,^wpꞽ-wꜣwt,Upwawet,,,"Mark-Jan Nederhof, sign-function list (Unicode 5.2 set), https://mjn.host.cs.st-andrews.ac.uk/egyptian/unicode/ — used under his written grant of 2026-09-04; published here CC BY 4.0"
𓁣,C7,U+13063,logogram or determinative,^stḫ,Seth,,,"Mark-Jan Nederhof, sign-function list (Unicode 5.2 set), https://mjn.host.cs.st-andrews.ac.uk/egyptian/unicode/ — used under his written grant of 2026-09-04; published here CC BY 4.0"
𓁤,C8,U+13064,logogram or determinative,^mnw,Min,,,"Mark-Jan Nederhof, sign-function list (Unicode 5.2 set), https://mjn.host.cs.st-andrews.ac.uk/egyptian/unicode/ — used under his written grant of 2026-09-04; published here CC BY 4.0"
𓁥,C9,U+13065,logogram or determinative,^ḥwt-^ḥr,Hathor,,,"Mark-Jan Nederhof, sign-function list (Unicode 5.2 set), https://mjn.host.cs.st-andrews.ac.uk/egyptian/unicode/ — used under his written grant of 2026-09-04; published here CC BY 4.0"
𓁦,C10,U+13066,logogram or determinative,^mꜣꜥt,Maat,,root=mꜣꜥ,"Mark-Jan Nederhof, sign-function list (Unicode 5.2 set), https://mjn.host.cs.st-andrews.ac.uk/egyptian/unicode/ — used under his written grant of 2026-09-04; published here CC BY 4.0"
𓁨,C11,U+13068,logogram or determinative,^ḥḥw,Heh,,root=ḥḥ,"Mark-Jan Nederhof, sign-function list (Unicode 5.2 set), https://mjn.host.cs.st-andrews.ac.uk/egyptian/unicode/ — used under his written grant of 2026-09-04; published here CC BY 4.0"
𓁨,C11,U+13068,logogram,ḥḥ,million,,numeral=1000000,"Mark-Jan Nederhof, sign-function list (Unicode 5.2 set), https://mjn.host.cs.st-andrews.ac.uk/egyptian/unicode/ — used under his written grant of 2026-09-04; published here CC BY 4.0"
𓁩,C12,U+13069,logogram or determinative,^ꞽmn,Amun,,,"Mark-Jan Nederhof, sign-function list (Unicode 5.2 set), https://mjn.host.cs.st-andrews.ac.uk/egyptian/unicode/ — used under his written grant of 2026-09-04; published here CC BY 4.0"
𓁫,C14,U+1306B,logogram or determinative,^ꞽmn-ḥr-ḫpš=f,Amun-her-khepeshef,,,"Mark-Jan Nederhof, sign-function list (Unicode 5.2 set), https://mjn.host.cs.st-andrews.ac.uk/egyptian/unicode/ — used under his written grant of 2026-09-04; published here CC BY 4.0"
𓁭,C16,U+1306D,logogram or determinative,^ꞽtm,Atum,,,"Mark-Jan Nederhof, sign-function list (Unicode 5.2 set), https://mjn.host.cs.st-andrews.ac.uk/egyptian/unicode/ — used under his written grant of 2026-09-04; published here CC BY 4.0"
𓁮,C17,U+1306E,logogram or determinative,^mnṯw,Month,,,"Mark-Jan Nederhof, sign-function list (Unicode 5.2 set), https://mjn.host.cs.st-andrews.ac.uk/egyptian/unicode/ — used under his written grant of 2026-09-04; published here CC BY 4.0"
𓁯,C18,U+1306F,logogram or determinative,^tꜣ-tnn,Tatenen,,,"Mark-Jan Nederhof, sign-function list (Unicode 5.2 set), https://mjn.host.cs.st-andrews.ac.uk/egyptian/unicode/ — used under his written grant of 2026-09-04; published here CC BY 4.0"
𓁰,C19,U+13070,logogram or determinative,^ptḥ,Ptah,,,"Mark-Jan Nederhof, sign-function list (Unicode 5.2 set), https://mjn.host.cs.st-andrews.ac.uk/egyptian/unicode/ — used under his written grant of 2026-09-04; published here CC BY 4.0"
𓁲,C21,U+13072,logogram or determinative,^bs,Bes,,,"Mark-Jan Nederhof, sign-function list (Unicode 5.2 set), https://mjn.host.cs.st-andrews.ac.uk/egyptian/unicode/ — used under his written grant of 2026-09-04; published here CC BY 4.0"
𓁳,C22,U+13073,logogram or determinative,^ḫnsw,Khons,,,"Mark-Jan Nederhof, sign-function list (Unicode 5.2 set), https://mjn.host.cs.st-andrews.ac.uk/egyptian/unicode/ — used under his written grant of 2026-09-04; published here CC BY 4.0"
𓁴,C23,U+13074,logogram or determinative,^bꜣstt,Bastet,,,"Mark-Jan Nederhof, sign-function list (Unicode 5.2 set), https://mjn.host.cs.st-andrews.ac.uk/egyptian/unicode/ — used under his written grant of 2026-09-04; published here CC BY 4.0"
𓁵,C24,U+13075,logogram or determinative,^nꞽt,Neith,,,"Mark-Jan Nederhof, sign-function list (Unicode 5.2 set), https://mjn.host.cs.st-andrews.ac.uk/egyptian/unicode/ — used under his written grant of 2026-09-04; published here CC BY 4.0"
𓁶,D1,U+13076,logogram,tp,head,,,"Mark-Jan Nederhof, sign-function list (Unicode 5.2 set), https://mjn.host.cs.st-andrews.ac.uk/egyptian/unicode/ — used under his written grant of 2026-09-04; published here CC BY 4.0"
𓁶,D1,U+13076,determinative,,head,,,"Mark-Jan Nederhof, sign-function list (Unicode 5.2 set), https://mjn.host.cs.st-andrews.ac.uk/egyptian/unicode/ — used under his written grant of 2026-09-04; published here CC BY 4.0"
𓁶,D1,U+13076,logogram or determinative,ḏꜣḏꜣ,head,,,"Mark-Jan Nederhof, sign-function list (Unicode 5.2 set), https://mjn.host.cs.st-andrews.ac.uk/egyptian/unicode/ — used under his written grant of 2026-09-04; published here CC BY 4.0"
𓁶,D1,U+13076,determinative,gwꜣ,pull tight,,,"Mark-Jan Nederhof, sign-function list (Unicode 5.2 set), https://mjn.host.cs.st-andrews.ac.uk/egyptian/unicode/ — used under his written grant of 2026-09-04; published here CC BY 4.0"
𓁷,D2,U+13077,logogram,ḥr,face,,,"Mark-Jan Nederhof, sign-function list (Unicode 5.2 set), https://mjn.host.cs.st-andrews.ac.uk/egyptian/unicode/ — used under his written grant of 2026-09-04; published here CC BY 4.0"
𓁷,D2,U+13077,phonogram,ḥr,,,,"Mark-Jan Nederhof, sign-function list (Unicode 5.2 set), https://mjn.host.cs.st-andrews.ac.uk/egyptian/unicode/ — used under his written grant of 2026-09-04; published here CC BY 4.0"
𓁸,D3,U+13078,determinative,,hair,,,"Mark-Jan Nederhof, sign-function list (Unicode 5.2 set), https://mjn.host.cs.st-andrews.ac.uk/egyptian/unicode/ — used under his written grant of 2026-09-04; published here CC BY 4.0"
𓁸,D3,U+13078,determinative,,skin,,,"Mark-Jan Nederhof, sign-function list (Unicode 5.2 set), https://mjn.host.cs.st-andrews.ac.uk/egyptian/unicode/ — used under his written grant of 2026-09-04; published here CC BY 4.0"
𓁸,D3,U+13078,determinative,,mourn,,,"Mark-Jan Nederhof, sign-function list (Unicode 5.2 set), https://mjn.host.cs.st-andrews.ac.uk/egyptian/unicode/ — used under his written grant of 2026-09-04; published here CC BY 4.0"
𓁸,D3,U+13078,determinative,,"empty, bald, forlorn",,,"Mark-Jan Nederhof, sign-function list (Unicode 5.2 set), https://mjn.host.cs.st-andrews.ac.uk/egyptian/unicode/ — used under his written grant of 2026-09-04; published here CC BY 4.0"
𓁸,D3,U+13078,logogram,gm wš(.w),found defective (of text),G28-D3,,"Mark-Jan Nederhof, sign-function list (Unicode 5.2 set), https://mjn.host.cs.st-andrews.ac.uk/egyptian/unicode/ — used under his written grant of 2026-09-04; published here CC BY 4.0"
𓁹,D4,U+13079,logogram,ꞽrt,eye,,root=ꞽr,"Mark-Jan Nederhof, sign-function list (Unicode 5.2 set), https://mjn.host.cs.st-andrews.ac.uk/egyptian/unicode/ — used under his written grant of 2026-09-04; published here CC BY 4.0"
𓁹,D4,U+13079,logogram,mꜣꜣ,see,U1:D4,root=mꜣ,"Mark-Jan Nederhof, sign-function list (Unicode 5.2 set), https://mjn.host.cs.st-andrews.ac.uk/egyptian/unicode/ — used under his written grant of 2026-09-04; published here CC BY 4.0"
𓁹,D4,U+13079,phonogram,ꞽr,,,,"Mark-Jan Nederhof, sign-function list (Unicode 5.2 set), https://mjn.host.cs.st-andrews.ac.uk/egyptian/unicode/ — used under his written grant of 2026-09-04; published here CC BY 4.0"
𓁹,D4,U+13079,phonogram,mꜣ,,U1:D4,,"Mark-Jan Nederhof, sign-function list (Unicode 5.2 set), https://mjn.host.cs.st-andrews.ac.uk/egyptian/unicode/ — used under his written grant of 2026-09-04; published here CC BY 4.0"
𓁹,D4,U+13079,determinative,,"eye, see",,period=-18,"Mark-Jan Nederhof, sign-function list (Unicode 5.2 set), https://mjn.host.cs.st-andrews.ac.uk/egyptian/unicode/ — used under his written grant of 2026-09-04; published here CC BY 4.0"
𓁹,D4,U+13079,logogram or determinative,rmꞽ,weep,,root=rm,"Mark-Jan Nederhof, sign-function list (Unicode 5.2 set), https://mjn.host.cs.st-andrews.ac.uk/egyptian/unicode/ — used under his written grant of 2026-09-04; published here CC BY 4.0"
𓁼,D7,U+1307C,determinative,,adorn,,,"Mark-Jan Nederhof, sign-function list (Unicode 5.2 set), https://mjn.host.cs.st-andrews.ac.uk/egyptian/unicode/ — used under his written grant of 2026-09-04; published here CC BY 4.0"
𓁼,D7,U+1307C,phonetic determinative,ꜥn,,,,"Mark-Jan Nederhof, sign-function list (Unicode 5.2 set), https://mjn.host.cs.st-andrews.ac.uk/egyptian/unicode/ — used under his written grant of 2026-09-04; published here CC BY 4.0"
𓁼,D7,U+1307C,determinative,,"eye, see",,,"Mark-Jan Nederhof, sign-function list (Unicode 5.2 set), https://mjn.host.cs.st-andrews.ac.uk/egyptian/unicode/ — used under his written grant of 2026-09-04; published here CC BY 4.0"
𓁽,D8,U+1307D,determinative,^ꜥnw,Ainu,,,"Mark-Jan Nederhof, sign-function list (Unicode 5.2 set), https://mjn.host.cs.st-andrews.ac.uk/egyptian/unicode/ — used under his written grant of 2026-09-04; published here CC BY 4.0"
𓁽,D8,U+1307D,phonetic determinative,ꜥn,,,,"Mark-Jan Nederhof, sign-function list (Unicode 5.2 set), https://mjn.host.cs.st-andrews.ac.uk/egyptian/unicode/ — used under his written grant of 2026-09-04; published here CC BY 4.0"
𓂀,D10,U+13080,logogram or determinative,wḏꜣt,the uninjured eye of Horus,,,"Mark-Jan Nederhof, sign-function list (Unicode 5.2 set), https://mjn.host.cs.st-andrews.ac.uk/egyptian/unicode/ — used under his written grant of 2026-09-04; published here CC BY 4.0"
𓂁,D11,U+13081,logogram,1/2,1/2 heqat,,,"Mark-Jan Nederhof, sign-function list (Unicode 5.2 set), https://mjn.host.cs.st-andrews.ac.uk/egyptian/unicode/ — used under his written grant of 2026-09-04; published here CC BY 4.0"
𓂂,D12,U+13082,determinative,ḏfḏ,pupil of eye,,,"Mark-Jan Nederhof, sign-function list (Unicode 5.2 set), https://mjn.host.cs.st-andrews.ac.uk/egyptian/unicode/ — used under his written grant of 2026-09-04; published here CC BY 4.0"
𓂂,D12,U+13082,logogram,1/4,1/4 heqat,,,"Mark-Jan Nederhof, sign-function list (Unicode 5.2 set), https://mjn.host.cs.st-andrews.ac.uk/egyptian/unicode/ — used under his written grant of 2026-09-04; published here CC BY 4.0"
𓂃,D13,U+13083,logogram,1/8,1/8 heqat,,,"Mark-Jan Nederhof, sign-function list (Unicode 5.2 set), https://mjn.host.cs.st-andrews.ac.uk/egyptian/unicode/ — used under his written grant of 2026-09-04; published here CC BY 4.0"
𓂃,D13,U+13083,determinative,ꞽnḥ,eyebrows,,,"Mark-Jan Nederhof, sign-function list (Unicode 5.2 set), https://mjn.host.cs.st-andrews.ac.uk/egyptian/unicode/ — used under his written grant of 2026-09-04; published here CC BY 4.0"
𓂄,D14,U+13084,logogram,1/16,1/16 heqat,,,"Mark-Jan Nederhof, sign-function list (Unicode 5.2 set), https://mjn.host.cs.st-andrews.ac.uk/egyptian/unicode/ — used under his written grant of 2026-09-04; published here CC BY 4.0"
𓂅,D15,U+13085,logogram,1/32,1/32 heqat,,,"Mark-Jan Nederhof, sign-function list (Unicode 5.2 set), https://mjn.host.cs.st-andrews.ac.uk/egyptian/unicode/ — used under his written grant of 2026-09-04; published here CC BY 4.0"
𓂆,D16,U+13086,logogram,1/64,1/64 heqat,,,"Mark-Jan Nederhof, sign-function list (Unicode 5.2 set), https://mjn.host.cs.st-andrews.ac.uk/egyptian/unicode/ — used under his written grant of 2026-09-04; published here CC BY 4.0"
𓂇,D17,U+13087,logogram or determinative,tꞽt,image,,,"Mark-Jan Nederhof, sign-function list (Unicode 5.2 set), https://mjn.host.cs.st-andrews.ac.uk/egyptian/unicode/ — used under his written grant of 2026-09-04; published here CC BY 4.0"
𓂈,D18,U+13088,logogram or determinative,msḏr,ear,,,"Mark-Jan Nederhof, sign-function list (Unicode 5.2 set), https://mjn.host.cs.st-andrews.ac.uk/egyptian/unicode/ — used under his written grant of 2026-09-04; published here CC BY 4.0"
𓂉,D19,U+13089,logogram or determinative,fnḏ,nose,,,"Mark-Jan Nederhof, sign-function list (Unicode 5.2 set), https://mjn.host.cs.st-andrews.ac.uk/egyptian/unicode/ — used under his written grant of 2026-09-04; published here CC BY 4.0"
𓂉,D19,U+13089,determinative,,"nose, smell, face",,,"Mark-Jan Nederhof, sign-function list (Unicode 5.2 set), https://mjn.host.cs.st-andrews.ac.uk/egyptian/unicode/ — used under his written grant of 2026-09-04; published here CC BY 4.0"
𓂉,D19,U+13089,determinative,,joy,,,"Mark-Jan Nederhof, sign-function list (Unicode 5.2 set), https://mjn.host.cs.st-andrews.ac.uk/egyptian/unicode/ — used under his written grant of 2026-09-04; published here CC BY 4.0"
𓂉,D19,U+13089,determinative,,"soft, kind",,,"Mark-Jan Nederhof, sign-function list (Unicode 5.2 set), https://mjn.host.cs.st-andrews.ac.uk/egyptian/unicode/ — used under his written grant of 2026-09-04; published here CC BY 4.0"
𓂉,D19,U+13089,determinative,btn,disobedient,,,"Mark-Jan Nederhof, sign-function list (Unicode 5.2 set), https://mjn.host.cs.st-andrews.ac.uk/egyptian/unicode/ — used under his written grant of 2026-09-04; published here CC BY 4.0"
𓂉,D19,U+13089,logogram or determinative,ḫnt,in front of,,,"Mark-Jan Nederhof, sign-function list (Unicode 5.2 set), https://mjn.host.cs.st-andrews.ac.uk/egyptian/unicode/ — used under his written grant of 2026-09-04; published here CC BY 4.0"
𓂉,D19,U+13089,phonogram,ḫnt,,,,"Mark-Jan Nederhof, sign-function list (Unicode 5.2 set), https://mjn.host.cs.st-andrews.ac.uk/egyptian/unicode/ — used under his written grant of 2026-09-04; published here CC BY 4.0"
𓂋,D21,U+1308B,logogram,rꜣ,mouth,,,"Mark-Jan Nederhof, sign-function list (Unicode 5.2 set), https://mjn.host.cs.st-andrews.ac.uk/egyptian/unicode/ — used under his written grant of 2026-09-04; published here CC BY 4.0"
𓂋,D21,U+1308B,phonogram,r,,,,"Mark-Jan Nederhof, sign-function list (Unicode 5.2 set), https://mjn.host.cs.st-andrews.ac.uk/egyptian/unicode/ — used under his written grant of 2026-09-04; published here CC BY 4.0"
𓂋,D21,U+1308B,phonogram,r,,D21:Z1,,"Mark-Jan Nederhof, sign-function list (Unicode 5.2 set), https://mjn.host.cs.st-andrews.ac.uk/egyptian/unicode/ — used under his written grant of 2026-09-04; published here CC BY 4.0"
𓂌,D22,U+1308C,logogram,2/3,two-thirds,,,"Mark-Jan Nederhof, sign-function list (Unicode 5.2 set), https://mjn.host.cs.st-andrews.ac.uk/egyptian/unicode/ — used under his written grant of 2026-09-04; published here CC BY 4.0"
𓂍,D23,U+1308D,logogram,3/4,three-quarters,,,"Mark-Jan Nederhof, sign-function list (Unicode 5.2 set), https://mjn.host.cs.st-andrews.ac.uk/egyptian/unicode/ — used under his written grant of 2026-09-04; published here CC BY 4.0"
𓂎,D24,U+1308E,logogram or determinative,spt,lip,,root=sp,"Mark-Jan Nederhof, sign-function list (Unicode 5.2 set), https://mjn.host.cs.st-andrews.ac.uk/egyptian/unicode/ — used under his written grant of 2026-09-04; published here CC BY 4.0"
𓂏,D25,U+1308F,logogram or determinative,sptꞽ,both lips,,,"Mark-Jan Nederhof, sign-function list (Unicode 5.2 set), https://mjn.host.cs.st-andrews.ac.uk/egyptian/unicode/ — used under his written grant of 2026-09-04; published here CC BY 4.0"
𓂐,D26,U+13090,determinative,,expel (through mouth),,,"Mark-Jan Nederhof, sign-function list (Unicode 5.2 set), https://mjn.host.cs.st-andrews.ac.uk/egyptian/unicode/ — used under his written grant of 2026-09-04; published here CC BY 4.0"
𓂑,D27,U+13091,logogram or determinative,mnḏ,breast,,,"Mark-Jan Nederhof, sign-function list (Unicode 5.2 set), https://mjn.host.cs.st-andrews.ac.uk/egyptian/unicode/ — used under his written grant of 2026-09-04; published here CC BY 4.0"
𓂑,D27,U+13091,determinative,,"suckle, rear",,,"Mark-Jan Nederhof, sign-function list (Unicode 5.2 set), https://mjn.host.cs.st-andrews.ac.uk/egyptian/unicode/ — used under his written grant of 2026-09-04; published here CC BY 4.0"
𓂓,D28,U+13093,logogram,kꜣ,spirit,,,"Mark-Jan Nederhof, sign-function list (Unicode 5.2 set), https://mjn.host.cs.st-andrews.ac.uk/egyptian/unicode/ — used under his written grant of 2026-09-04; published here CC BY 4.0"
𓂓,D28,U+13093,phonogram,kꜣ,,,,"Mark-Jan Nederhof, sign-function list (Unicode 5.2 set), https://mjn.host.cs.st-andrews.ac.uk/egyptian/unicode/ — used under his written grant of 2026-09-04; published here CC BY 4.0"
𓂓,D28,U+13093,phonogram,k,,D28:Z1,,"Mark-Jan Nederhof, sign-function list (Unicode 5.2 set), https://mjn.host.cs.st-andrews.ac.uk/egyptian/unicode/ — used under his written grant of 2026-09-04; published here CC BY 4.0"
𓂔,D29,U+13094,logogram,kꜣ,spirit,,,"Mark-Jan Nederhof, sign-function list (Unicode 5.2 set), https://mjn.host.cs.st-andrews.ac.uk/egyptian/unicode/ — used under his written grant of 2026-09-04; published here CC BY 4.0"
𓂕,D30,U+13095,determinative,^nḥb-kꜣw,Nehebkau,,,"Mark-Jan Nederhof, sign-function list (Unicode 5.2 set), https://mjn.host.cs.st-andrews.ac.uk/egyptian/unicode/ — used under his written grant of 2026-09-04; published here CC BY 4.0"
𓂖,D31,U+13096,logogram,ḥm-kꜣ,ka-priest,,,"Mark-Jan Nederhof, sign-function list (Unicode 5.2 set), https://mjn.host.cs.st-andrews.ac.uk/egyptian/unicode/ — used under his written grant of 2026-09-04; published here CC BY 4.0"
𓂘,D32,U+13098,determinative,,envelop,,,"Mark-Jan Nederhof, sign-function list (Unicode 5.2 set), https://mjn.host.cs.st-andrews.ac.uk/egyptian/unicode/ — used under his written grant of 2026-09-04; published here CC BY 4.0"
𓂙,D33,U+13099,logogram,ẖnꞽ,row,,root=ẖn,"Mark-Jan Nederhof, sign-function list (Unicode 5.2 set), https://mjn.host.cs.st-andrews.ac.uk/egyptian/unicode/ — used under his written grant of 2026-09-04; published here CC BY 4.0"
𓂙,D33,U+13099,phonogram,ẖn,,,,"Mark-Jan Nederhof, sign-function list (Unicode 5.2 set), https://mjn.host.cs.st-andrews.ac.uk/egyptian/unicode/ — used under his written grant of 2026-09-04; published here CC BY 4.0"
𓂚,D34,U+1309A,logogram,ꜥḥꜣ,fight,,,"Mark-Jan Nederhof, sign-function list (Unicode 5.2 set), https://mjn.host.cs.st-andrews.ac.uk/egyptian/unicode/ — used under his written grant of 2026-09-04; published here CC BY 4.0"
𓂜,D35,U+1309C,logogram,n,not,,,"Mark-Jan Nederhof, sign-function list (Unicode 5.2 set), https://mjn.host.cs.st-andrews.ac.uk/egyptian/unicode/ — used under his written grant of 2026-09-04; published here CC BY 4.0"
𓂜,D35,U+1309C,logogram,nn,not,D35:N35,,"Mark-Jan Nederhof, sign-function list (Unicode 5.2 set), https://mjn.host.cs.st-andrews.ac.uk/egyptian/unicode/ — used under his written grant of 2026-09-04; published here CC BY 4.0"
𓂜,D35,U+1309C,determinative,,negation,,,"Mark-Jan Nederhof, sign-function list (Unicode 5.2 set), https://mjn.host.cs.st-andrews.ac.uk/egyptian/unicode/ — used under his written grant of 2026-09-04; published here CC BY 4.0"
𓂜,D35,U+1309C,logogram,ꞽwtꞽ,which not,,root=ꞽwt,"Mark-Jan Nederhof, sign-function list (Unicode 5.2 set), https://mjn.host.cs.st-andrews.ac.uk/egyptian/unicode/ — used under his written grant of 2026-09-04; published here CC BY 4.0"
𓂜,D35,U+1309C,phonogram,n,,,,"Mark-Jan Nederhof, sign-function list (Unicode 5.2 set), https://mjn.host.cs.st-andrews.ac.uk/egyptian/unicode/ — used under his written grant of 2026-09-04; published here CC BY 4.0"
𓂜,D35,U+1309C,phonetic determinative,ḫm,,,,"Mark-Jan Nederhof, sign-function list (Unicode 5.2 set), https://mjn.host.cs.st-andrews.ac.uk/egyptian/unicode/ — used under his written grant of 2026-09-04; published here CC BY 4.0"
𓂜,D35,U+1309C,phonetic determinative,mḫ,,,,"Mark-Jan Nederhof, sign-function list (Unicode 5.2 set), https://mjn.host.cs.st-andrews.ac.uk/egyptian/unicode/ — used under his written grant of 2026-09-04; published here CC BY 4.0"
𓂝,D36,U+1309D,logogram,ꜥ,arm,,,"Mark-Jan Nederhof, sign-function list (Unicode 5.2 set), https://mjn.host.cs.st-andrews.ac.uk/egyptian/unicode/ — used under his written grant of 2026-09-04; published here CC BY 4.0"
𓂝,D36,U+1309D,phonogram,ꜥ,,,,"Mark-Jan Nederhof, sign-function list (Unicode 5.2 set), https://mjn.host.cs.st-andrews.ac.uk/egyptian/unicode/ — used under his written grant of 2026-09-04; published here CC BY 4.0"
𓂞,D37,U+1309E,logogram,ꞽmꞽ,give!,,,"Mark-Jan Nederhof, sign-function list (Unicode 5.2 set), https://mjn.host.cs.st-andrews.ac.uk/egyptian/unicode/ — used under his written grant of 2026-09-04; published here CC BY 4.0"
𓂞,D37,U+1309E,logogram,ḏꞽ,give,,root=ḏ,"Mark-Jan Nederhof, sign-function list (Unicode 5.2 set), https://mjn.host.cs.st-andrews.ac.uk/egyptian/unicode/ — used under his written grant of 2026-09-04; published here CC BY 4.0"
𓂞,D37,U+1309E,logogram,rḏꞽ,give,D21:D37,root=rḏ,"Mark-Jan Nederhof, sign-function list (Unicode 5.2 set), https://mjn.host.cs.st-andrews.ac.uk/egyptian/unicode/ — used under his written grant of 2026-09-04; published here CC BY 4.0"
𓂞,D37,U+1309E,phonogram,ḏ,,,,"Mark-Jan Nederhof, sign-function list (Unicode 5.2 set), https://mjn.host.cs.st-andrews.ac.uk/egyptian/unicode/ — used under his written grant of 2026-09-04; published here CC BY 4.0"
𓂞,D37,U+1309E,phonogram,mꞽ,,,,"Mark-Jan Nederhof, sign-function list (Unicode 5.2 set), https://mjn.host.cs.st-andrews.ac.uk/egyptian/unicode/ — used under his written grant of 2026-09-04; published here CC BY 4.0"
𓂟,D38,U+1309F,determinative,ꞽmꞽ,give!,,"period=MK,18","Mark-Jan Nederhof, sign-function list (Unicode 5.2 set), https://mjn.host.cs.st-andrews.ac.uk/egyptian/unicode/ — used under his written grant of 2026-09-04; published here CC BY 4.0"
𓂟,D38,U+1309F,phonogram,m,,,,"Mark-Jan Nederhof, sign-function list (Unicode 5.2 set), https://mjn.host.cs.st-andrews.ac.uk/egyptian/unicode/ — used under his written grant of 2026-09-04; published here CC BY 4.0"
𓂠,D39,U+130A0,logogram or determinative,ḥnk,offer,,,"Mark-Jan Nederhof, sign-function list (Unicode 5.2 set), https://mjn.host.cs.st-andrews.ac.uk/egyptian/unicode/ — used under his written grant of 2026-09-04; published here CC BY 4.0"
𓂠,D39,U+130A0,determinative,,"offer, present",,,"Mark-Jan Nederhof, sign-function list (Unicode 5.2 set), https://mjn.host.cs.st-andrews.ac.uk/egyptian/unicode/ — used under his written grant of 2026-09-04; published here CC BY 4.0"
𓂡,D40,U+130A1,logogram or determinative,ḫꜣꞽ,examine,,root=ḫꜣ,"Mark-Jan Nederhof, sign-function list (Unicode 5.2 set), https://mjn.host.cs.st-andrews.ac.uk/egyptian/unicode/ — used under his written grant of 2026-09-04; published here CC BY 4.0"
𓂢,D41,U+130A2,determinative,,arm and movement of arms,,,"Mark-Jan Nederhof, sign-function list (Unicode 5.2 set), https://mjn.host.cs.st-andrews.ac.uk/egyptian/unicode/ — used under his written grant of 2026-09-04; published here CC BY 4.0"
𓂢,D41,U+130A2,determinative,,cease,,,"Mark-Jan Nederhof, sign-function list (Unicode 5.2 set), https://mjn.host.cs.st-andrews.ac.uk/egyptian/unicode/ — used under his written grant of 2026-09-04; published here CC BY 4.0"
𓂢,D41,U+130A2,phonogram or phonetic determinative,nꞽ,,,,"Mark-Jan Nederhof, sign-function list (Unicode 5.2 set), https://mjn.host.cs.st-andrews.ac.uk/egyptian/unicode/ — used under his written grant of 2026-09-04; published here CC BY 4.0"
𓂣,D42,U+130A3,logogram or determinative,mḥ,cubit,,,"Mark-Jan Nederhof, sign-function list (Unicode 5.2 set), https://mjn.host.cs.st-andrews.ac.uk/egyptian/unicode/ — used under his written grant of 2026-09-04; published here CC BY 4.0"
𓂤,D43,U+130A4,logogram,ḫwꞽ,protect,,,"Mark-Jan Nederhof, sign-function list (Unicode 5.2 set), https://mjn.host.cs.st-andrews.ac.uk/egyptian/unicode/ — used under his written grant of 2026-09-04; published here CC BY 4.0"
𓂤,D43,U+130A4,phonogram,ḫw,,,,"Mark-Jan Nederhof, sign-function list (Unicode 5.2 set), https://mjn.host.cs.st-andrews.ac.uk/egyptian/unicode/ — used under his written grant of 2026-09-04; published here CC BY 4.0"
𓂥,D44,U+130A5,logogram or determinative,ḫrp,administer,,,"Mark-Jan Nederhof, sign-function list (Unicode 5.2 set), https://mjn.host.cs.st-andrews.ac.uk/egyptian/unicode/ — used under his written grant of 2026-09-04; published here CC BY 4.0"
𓂦,D45,U+130A6,logogram or determinative,ḏsr,sacred,,,"Mark-Jan Nederhof, sign-function list (Unicode 5.2 set), https://mjn.host.cs.st-andrews.ac.uk/egyptian/unicode/ — used under his written grant of 2026-09-04; published here CC BY 4.0"
𓂧,D46,U+130A7,logogram,ḏrt,hand,,root=ḏr,"Mark-Jan Nederhof, sign-function list (Unicode 5.2 set), https://mjn.host.cs.st-andrews.ac.uk/egyptian/unicode/ — used under his written grant of 2026-09-04; published here CC BY 4.0"
𓂧,D46,U+130A7,phonogram,d,,,,"Mark-Jan Nederhof, sign-function list (Unicode 5.2 set), https://mjn.host.cs.st-andrews.ac.uk/egyptian/unicode/ — used under his written grant of 2026-09-04; published here CC BY 4.0"
𓂨,D46a,U+130A8,logogram,ꞽdt,fragrance,,root=ꞽd,"Mark-Jan Nederhof, sign-function list (Unicode 5.2 set), https://mjn.host.cs.st-andrews.ac.uk/egyptian/unicode/ — used under his written grant of 2026-09-04; published here CC BY 4.0"
𓂩,D47,U+130A9,determinative,,hand,,,"Mark-Jan Nederhof, sign-function list (Unicode 5.2 set), https://mjn.host.cs.st-andrews.ac.uk/egyptian/unicode/ — used under his written grant of 2026-09-04; published here CC BY 4.0"
𓂪,D48,U+130AA,logogram,šsp,palm,,,"Mark-Jan Nederhof, sign-function list (Unicode 5.2 set), https://mjn.host.cs.st-andrews.ac.uk/egyptian/unicode/ — used under his written grant of 2026-09-04; published here CC BY 4.0"
𓂫,D48a,U+130AB,logogram or determinative,ḥnt,basin,,root=ḥn,"Mark-Jan Nederhof, sign-function list (Unicode 5.2 set), https://mjn.host.cs.st-andrews.ac.uk/egyptian/unicode/ — used under his written grant of 2026-09-04; published here CC BY 4.0"
𓂬,D49,U+130AC,determinative,,grasp,,,"Mark-Jan Nederhof, sign-function list (Unicode 5.2 set), https://mjn.host.cs.st-andrews.ac.uk/egyptian/unicode/ — used under his written grant of 2026-09-04; published here CC BY 4.0"
𓂭,D50,U+130AD,logogram or determinative,ḏbꜥ,finger,,,"Mark-Jan Nederhof, sign-function list (Unicode 5.2 set), https://mjn.host.cs.st-andrews.ac.uk/egyptian/unicode/ — used under his written grant of 2026-09-04; published here CC BY 4.0"
𓂭,D50,U+130AD,logogram,ḏbꜥ,10000,,numeral=10000,"Mark-Jan Nederhof, sign-function list (Unicode 5.2 set), https://mjn.host.cs.st-andrews.ac.uk/egyptian/unicode/ — used under his written grant of 2026-09-04; published here CC BY 4.0"
𓂭,D50,U+130AD,phonogram,ḏbꜥ,,,,"Mark-Jan Nederhof, sign-function list (Unicode 5.2 set), https://mjn.host.cs.st-andrews.ac.uk/egyptian/unicode/ — used under his written grant of 2026-09-04; published here CC BY 4.0"
𓂭,D50,U+130AD,determinative,,accurate,D50*D50,dual=true,"Mark-Jan Nederhof, sign-function list (Unicode 5.2 set), https://mjn.host.cs.st-andrews.ac.uk/egyptian/unicode/ — used under his written grant of 2026-09-04; published here CC BY 4.0"
𓂷,D51,U+130B7,logogram or determinative,ꜥnt,nail,,root=ꜥn,"Mark-Jan Nederhof, sign-function list (Unicode 5.2 set), https://mjn.host.cs.st-andrews.ac.uk/egyptian/unicode/ — used under his written grant of 2026-09-04; published here CC BY 4.0"
𓂷,D51,U+130B7,determinative,,actions involving fingers,,,"Mark-Jan Nederhof, sign-function list (Unicode 5.2 set), https://mjn.host.cs.st-andrews.ac.uk/egyptian/unicode/ — used under his written grant of 2026-09-04; published here CC BY 4.0"
𓂷,D51,U+130B7,phonetic determinative,dqr,,,,"Mark-Jan Nederhof, sign-function list (Unicode 5.2 set), https://mjn.host.cs.st-andrews.ac.uk/egyptian/unicode/ — used under his written grant of 2026-09-04; published here CC BY 4.0"
𓂷,D51,U+130B7,logogram,dqr,fruit,D51:N33a,,"Mark-Jan Nederhof, sign-function list (Unicode 5.2 set), https://mjn.host.cs.st-andrews.ac.uk/egyptian/unicode/ — used under his written grant of 2026-09-04; published here CC BY 4.0"
𓂷,D51,U+130B7,logogram,qꜣw,grains,D51:N33a,,"Mark-Jan Nederhof, sign-function list (Unicode 5.2 set), https://mjn.host.cs.st-andrews.ac.uk/egyptian/unicode/ — used under his written grant of 2026-09-04; published here CC BY 4.0"
𓂸,D52,U+130B8,determinative,,"male, penis",,,"Mark-Jan Nederhof, sign-function list (Unicode 5.2 set), https://mjn.host.cs.st-andrews.ac.uk/egyptian/unicode/ — used under his written grant of 2026-09-04; published here CC BY 4.0"
𓂸,D52,U+130B8,logogram,kꜣ,bull,D52:E1,,"Mark-Jan Nederhof, sign-function list (Unicode 5.2 set), https://mjn.host.cs.st-andrews.ac.uk/egyptian/unicode/ — used under his written grant of 2026-09-04; published here CC BY 4.0"
𓂸,D52,U+130B8,phonogram,mt,,,,"Mark-Jan Nederhof, sign-function list (Unicode 5.2 set), https://mjn.host.cs.st-andrews.ac.uk/egyptian/unicode/ — used under his written grant of 2026-09-04; published here CC BY 4.0"
𓂹,D52a,U+130B9,phonogram,smt,,,,"Mark-Jan Nederhof, sign-function list (Unicode 5.2 set), https://mjn.host.cs.st-andrews.ac.uk/egyptian/unicode/ — used under his written grant of 2026-09-04; published here CC BY 4.0"
𓂺,D53,U+130BA,determinative,,penis and associated actions,,,"Mark-Jan Nederhof, sign-function list (Unicode 5.2 set), https://mjn.host.cs.st-andrews.ac.uk/egyptian/unicode/ — used under his written grant of 2026-09-04; published here CC BY 4.0"
𓂺,D53,U+130BA,determinative,,male,,period=MK,"Mark-Jan Nederhof, sign-function list (Unicode 5.2 set), https://mjn.host.cs.st-andrews.ac.uk/egyptian/unicode/ — used under his written grant of 2026-09-04; published here CC BY 4.0"
𓂺,D53,U+130BA,logogram or determinative,bꜣḥ,glans,,,"Mark-Jan Nederhof, sign-function list (Unicode 5.2 set), https://mjn.host.cs.st-andrews.ac.uk/egyptian/unicode/ — used under his written grant of 2026-09-04; published here CC BY 4.0"
𓂻,D54,U+130BB,logogram,ꞽw,come,,,"Mark-Jan Nederhof, sign-function list (Unicode 5.2 set), https://mjn.host.cs.st-andrews.ac.uk/egyptian/unicode/ — used under his written grant of 2026-09-04; published here CC BY 4.0"
𓂻,D54,U+130BB,determinative,,movement,,,"Mark-Jan Nederhof, sign-function list (Unicode 5.2 set), https://mjn.host.cs.st-andrews.ac.uk/egyptian/unicode/ — used under his written grant of 2026-09-04; published here CC BY 4.0"
𓂻,D54,U+130BB,logogram,nmtt,step,,root=nmt,"Mark-Jan Nederhof, sign-function list (Unicode 5.2 set), https://mjn.host.cs.st-andrews.ac.uk/egyptian/unicode/ — used under his written grant of 2026-09-04; published here CC BY 4.0"
𓂽,D55,U+130BD,determinative,,backwards,,,"Mark-Jan Nederhof, sign-function list (Unicode 5.2 set), https://mjn.host.cs.st-andrews.ac.uk/egyptian/unicode/ — used under his written grant of 2026-09-04; published here CC BY 4.0"
𓂾,D56,U+130BE,logogram or determinative,rd,foot,,,"Mark-Jan Nederhof, sign-function list (Unicode 5.2 set), https://mjn.host.cs.st-andrews.ac.uk/egyptian/unicode/ — used under his written grant of 2026-09-04; published here CC BY 4.0"
𓂾,D56,U+130BE,determinative,,foot,,,"Mark-Jan Nederhof, sign-function list (Unicode 5.2 set), https://mjn.host.cs.st-andrews.ac.uk/egyptian/unicode/ — used under his written grant of 2026-09-04; published here CC BY 4.0"
𓂾,D56,U+130BE,phonogram or phonetic determinative,pds,,,,"Mark-Jan Nederhof, sign-function list (Unicode 5.2 set), https://mjn.host.cs.st-andrews.ac.uk/egyptian/unicode/ — used under his written grant of 2026-09-04; published here CC BY 4.0"
𓂾,D56,U+130BE,phonogram or phonetic determinative,wꜥr,,,,"Mark-Jan Nederhof, sign-function list (Unicode 5.2 set), https://mjn.host.cs.st-andrews.ac.uk/egyptian/unicode/ — used under his written grant of 2026-09-04; published here CC BY 4.0"
𓂾,D56,U+130BE,phonogram or phonetic determinative,sbq,,,,"Mark-Jan Nederhof, sign-function list (Unicode 5.2 set), https://mjn.host.cs.st-andrews.ac.uk/egyptian/unicode/ — used under his written grant of 2026-09-04; published here CC BY 4.0"
𓂾,D56,U+130BE,phonogram,gḥ,,,,"Mark-Jan Nederhof, sign-function list (Unicode 5.2 set), https://mjn.host.cs.st-andrews.ac.uk/egyptian/unicode/ — used under his written grant of 2026-09-04; published here CC BY 4.0"
𓂾,D56,U+130BE,phonetic determinative,gḥs,,,,"Mark-Jan Nederhof, sign-function list (Unicode 5.2 set), https://mjn.host.cs.st-andrews.ac.uk/egyptian/unicode/ — used under his written grant of 2026-09-04; published here CC BY 4.0"
𓂾,D56,U+130BE,determinative,,movement,D56*D54,,"Mark-Jan Nederhof, sign-function list (Unicode 5.2 set), https://mjn.host.cs.st-andrews.ac.uk/egyptian/unicode/ — used under his written grant of 2026-09-04; published here CC BY 4.0"
𓂿,D57,U+130BF,determinative,,mutilate,,,"Mark-Jan Nederhof, sign-function list (Unicode 5.2 set), https://mjn.host.cs.st-andrews.ac.uk/egyptian/unicode/ — used under his written grant of 2026-09-04; published here CC BY 4.0"
𓂿,D57,U+130BF,phonogram or phonetic determinative,ꞽꜣṯ,,,,"Mark-Jan Nederhof, sign-function list (Unicode 5.2 set), https://mjn.host.cs.st-andrews.ac.uk/egyptian/unicode/ — used under his written grant of 2026-09-04; published here CC BY 4.0"
𓂿,D57,U+130BF,phonogram or phonetic determinative,sꞽꜣṯ,,,,"Mark-Jan Nederhof, sign-function list (Unicode 5.2 set), https://mjn.host.cs.st-andrews.ac.uk/egyptian/unicode/ — used under his written grant of 2026-09-04; published here CC BY 4.0"
𓃀,D58,U+130C0,logogram,bw,place,,,"Mark-Jan Nederhof, sign-function list (Unicode 5.2 set), https://mjn.host.cs.st-andrews.ac.uk/egyptian/unicode/ — used under his written grant of 2026-09-04; published here CC BY 4.0"
𓃀,D58,U+130C0,phonogram,b,,,,"Mark-Jan Nederhof, sign-function list (Unicode 5.2 set), https://mjn.host.cs.st-andrews.ac.uk/egyptian/unicode/ — used under his written grant of 2026-09-04; published here CC BY 4.0"
𓃁,D59,U+130C1,phonogram,ꜥb,,,,"Mark-Jan Nederhof, sign-function list (Unicode 5.2 set), https://mjn.host.cs.st-andrews.ac.uk/egyptian/unicode/ — used under his written grant of 2026-09-04; published here CC BY 4.0"
𓃃,D61,U+130C3,logogram or determinative,sꜣḥ,toe,,,"Mark-Jan Nederhof, sign-function list (Unicode 5.2 set), https://mjn.host.cs.st-andrews.ac.uk/egyptian/unicode/ — used under his written grant of 2026-09-04; published here CC BY 4.0"
𓃃,D61,U+130C3,phonogram or phonetic determinative,sꜣḥ,,,,"Mark-Jan Nederhof, sign-function list (Unicode 5.2 set), https://mjn.host.cs.st-andrews.ac.uk/egyptian/unicode/ — used under his written grant of 2026-09-04; published here CC BY 4.0"
𓃆,D64,U+130C6,determinative,kp,severed hands,,,"Mark-Jan Nederhof, sign-function list (Unicode 5.2 set), https://mjn.host.cs.st-andrews.ac.uk/egyptian/unicode/ — used under his written grant of 2026-09-04; published here CC BY 4.0"
𓃇,D65,U+130C7,logogram or determinative,ḥnkt,lock of hair,,,"Mark-Jan Nederhof, sign-function list (Unicode 5.2 set), https://mjn.host.cs.st-andrews.ac.uk/egyptian/unicode/ — used under his written grant of 2026-09-04; published here CC BY 4.0"
𓃇,D65,U+130C7,logogram,šrꞽ,boy,,,"Mark-Jan Nederhof, sign-function list (Unicode 5.2 set), https://mjn.host.cs.st-andrews.ac.uk/egyptian/unicode/ — used under his written grant of 2026-09-04; published here CC BY 4.0"
𓃇,D65,U+130C7,logogram,šrꞽt,girl,,,"Mark-Jan Nederhof, sign-function list (Unicode 5.2 set), https://mjn.host.cs.st-andrews.ac.uk/egyptian/unicode/ — used under his written grant of 2026-09-04; published here CC BY 4.0"
𓃈,D66,U+130C8,determinative,,writing,,,"Mark-Jan Nederhof, sign-function list (Unicode 5.2 set), https://mjn.host.cs.st-andrews.ac.uk/egyptian/unicode/ — used under his written grant of 2026-09-04; published here CC BY 4.0"
𓃉,D67,U+130C9,logogram,1,1 heqat,,,"Mark-Jan Nederhof, sign-function list (Unicode 5.2 set), https://mjn.host.cs.st-andrews.ac.uk/egyptian/unicode/ — used under his written grant of 2026-09-04; published here CC BY 4.0"
𓃒,E1,U+130D2,logogram,kꜣ,bull,,,"Mark-Jan Nederhof, sign-function list (Unicode 5.2 set), https://mjn.host.cs.st-andrews.ac.uk/egyptian/unicode/ — used under his written grant of 2026-09-04; published here CC BY 4.0"
𓃒,E1,U+130D2,logogram,ꞽḥ,cattle,,,"Mark-Jan Nederhof, sign-function list (Unicode 5.2 set), https://mjn.host.cs.st-andrews.ac.uk/egyptian/unicode/ — used under his written grant of 2026-09-04; published here CC BY 4.0"
𓃒,E1,U+130D2,determinative,,cattle,,,"Mark-Jan Nederhof, sign-function list (Unicode 5.2 set), https://mjn.host.cs.st-andrews.ac.uk/egyptian/unicode/ — used under his written grant of 2026-09-04; published here CC BY 4.0"
𓃓,E2,U+130D3,logogram,kꜣ,bull,,,"Mark-Jan Nederhof, sign-function list (Unicode 5.2 set), https://mjn.host.cs.st-andrews.ac.uk/egyptian/unicode/ — used under his written grant of 2026-09-04; published here CC BY 4.0"
𓃓,E2,U+130D3,determinative,smꜣ,fighting bull,,,"Mark-Jan Nederhof, sign-function list (Unicode 5.2 set), https://mjn.host.cs.st-andrews.ac.uk/egyptian/unicode/ — used under his written grant of 2026-09-04; published here CC BY 4.0"
𓃔,E3,U+130D4,logogram or determinative,bḥs,calf,,,"Mark-Jan Nederhof, sign-function list (Unicode 5.2 set), https://mjn.host.cs.st-andrews.ac.uk/egyptian/unicode/ — used under his written grant of 2026-09-04; published here CC BY 4.0"
𓃔,E3,U+130D4,determinative,wnḏw,short-horned cattle,,,"Mark-Jan Nederhof, sign-function list (Unicode 5.2 set), https://mjn.host.cs.st-andrews.ac.uk/egyptian/unicode/ — used under his written grant of 2026-09-04; published here CC BY 4.0"
𓃕,E4,U+130D5,logogram or determinative,ḥsꜣt,sacred hesat-cow,,,"Mark-Jan Nederhof, sign-function list (Unicode 5.2 set), https://mjn.host.cs.st-andrews.ac.uk/egyptian/unicode/ — used under his written grant of 2026-09-04; published here CC BY 4.0"
𓃖,E5,U+130D6,determinative,,solicitous,,,"Mark-Jan Nederhof, sign-function list (Unicode 5.2 set), https://mjn.host.cs.st-andrews.ac.uk/egyptian/unicode/ — used under his written grant of 2026-09-04; published here CC BY 4.0"
𓃗,E6,U+130D7,logogram or determinative,ssmt,horse,,,"Mark-Jan Nederhof, sign-function list (Unicode 5.2 set), https://mjn.host.cs.st-andrews.ac.uk/egyptian/unicode/ — used under his written grant of 2026-09-04; published here CC BY 4.0"
𓃗,E6,U+130D7,determinative,,horse,,,"Mark-Jan Nederhof, sign-function list (Unicode 5.2 set), https://mjn.host.cs.st-andrews.ac.uk/egyptian/unicode/ — used under his written grant of 2026-09-04; published here CC BY 4.0"
𓃘,E7,U+130D8,logogram or determinative,ꜥꜣ,ass,,,"Mark-Jan Nederhof, sign-function list (Unicode 5.2 set), https://mjn.host.cs.st-andrews.ac.uk/egyptian/unicode/ — used under his written grant of 2026-09-04; published here CC BY 4.0"
𓃙,E8,U+130D9,logogram or determinative,ꞽb,kid,,,"Mark-Jan Nederhof, sign-function list (Unicode 5.2 set), https://mjn.host.cs.st-andrews.ac.uk/egyptian/unicode/ — used under his written grant of 2026-09-04; published here CC BY 4.0"
𓃙,E8,U+130D9,phonogram or phonetic determinative,ꞽb,,,,"Mark-Jan Nederhof, sign-function list (Unicode 5.2 set), https://mjn.host.cs.st-andrews.ac.uk/egyptian/unicode/ — used under his written grant of 2026-09-04; published here CC BY 4.0"
𓃙,E8,U+130D9,determinative,,small cattle,,,"Mark-Jan Nederhof, sign-function list (Unicode 5.2 set), https://mjn.host.cs.st-andrews.ac.uk/egyptian/unicode/ — used under his written grant of 2026-09-04; published here CC BY 4.0"
𓃛,E9,U+130DB,phonogram,ꞽw,,,,"Mark-Jan Nederhof, sign-function list (Unicode 5.2 set), https://mjn.host.cs.st-andrews.ac.uk/egyptian/unicode/ — used under his written grant of 2026-09-04; published here CC BY 4.0"
𓃛,E9,U+130DB,phonogram,ꞽ,,E9[scale=0.8]*[fit]G43,,"Mark-Jan Nederhof, sign-function list (Unicode 5.2 set), https://mjn.host.cs.st-andrews.ac.uk/egyptian/unicode/ — used under his written grant of 2026-09-04; published here CC BY 4.0"
𓃜,E9a,U+130DC,determinative,smꜣ,sacrificial animal,,,"Mark-Jan Nederhof, sign-function list (Unicode 5.2 set), https://mjn.host.cs.st-andrews.ac.uk/egyptian/unicode/ — used under his written grant of 2026-09-04; published here CC BY 4.0"
𓃝,E10,U+130DD,logogram or determinative,bꜣ,ram,,,"Mark-Jan Nederhof, sign-function list (Unicode 5.2 set), https://mjn.host.cs.st-andrews.ac.uk/egyptian/unicode/ — used under his written grant of 2026-09-04; published here CC BY 4.0"
𓃝,E10,U+130DD,logogram or determinative,^ẖnmw,Khnum,.:W9*[fit]E10,,"Mark-Jan Nederhof, sign-function list (Unicode 5.2 set), https://mjn.host.cs.st-andrews.ac.uk/egyptian/unicode/ — used under his written grant of 2026-09-04; published here CC BY 4.0"
𓃝,E10,U+130DD,determinative,,"ram, sheep",,,"Mark-Jan Nederhof, sign-function list (Unicode 5.2 set), https://mjn.host.cs.st-andrews.ac.uk/egyptian/unicode/ — used under his written grant of 2026-09-04; published here CC BY 4.0"
𓃟,E12,U+130DF,logogram or determinative,rrꞽ,pig,,root=rr,"Mark-Jan Nederhof, sign-function list (Unicode 5.2 set), https://mjn.host.cs.st-andrews.ac.uk/egyptian/unicode/ — used under his written grant of 2026-09-04; published here CC BY 4.0"
𓃟,E12,U+130DF,logogram or determinative,šꜣꞽ,pig,,,"Mark-Jan Nederhof, sign-function list (Unicode 5.2 set), https://mjn.host.cs.st-andrews.ac.uk/egyptian/unicode/ — used under his written grant of 2026-09-04; published here CC BY 4.0"
𓃠,E13,U+130E0,logogram or determinative,mꞽw,cat (m.),,,"Mark-Jan Nederhof, sign-function list (Unicode 5.2 set), https://mjn.host.cs.st-andrews.ac.uk/egyptian/unicode/ — used under his written grant of 2026-09-04; published here CC BY 4.0"
𓃠,E13,U+130E0,logogram or determinative,myt,cat (f.),,root=my,"Mark-Jan Nederhof, sign-function list (Unicode 5.2 set), https://mjn.host.cs.st-andrews.ac.uk/egyptian/unicode/ — used under his written grant of 2026-09-04; published here CC BY 4.0"
𓃡,E14,U+130E1,logogram or determinative,ꞽw,dog,,,"Mark-Jan Nederhof, sign-function list (Unicode 5.2 set), https://mjn.host.cs.st-andrews.ac.uk/egyptian/unicode/ — used under his written grant of 2026-09-04; published here CC BY 4.0"
𓃡,E14,U+130E1,logogram or determinative,ṯsm,dog,,,"Mark-Jan Nederhof, sign-function list (Unicode 5.2 set), https://mjn.host.cs.st-andrews.ac.uk/egyptian/unicode/ — used under his written grant of 2026-09-04; published here CC BY 4.0"
𓃢,E15,U+130E2,logogram or determinative,^ꞽnpw,Anubis,,root=ꞽnp,"Mark-Jan Nederhof, sign-function list (Unicode 5.2 set), https://mjn.host.cs.st-andrews.ac.uk/egyptian/unicode/ — used under his written grant of 2026-09-04; published here CC BY 4.0"
𓃢,E15,U+130E2,logogram,ḥrꞽ-sštꜣ,master of secrets,,,"Mark-Jan Nederhof, sign-function list (Unicode 5.2 set), https://mjn.host.cs.st-andrews.ac.uk/egyptian/unicode/ — used under his written grant of 2026-09-04; published here CC BY 4.0"
𓃥,E17,U+130E5,logogram or determinative,sꜣb,jackal,,,"Mark-Jan Nederhof, sign-function list (Unicode 5.2 set), https://mjn.host.cs.st-andrews.ac.uk/egyptian/unicode/ — used under his written grant of 2026-09-04; published here CC BY 4.0"
𓃦,E17a,U+130E6,logogram or determinative,sṯꜣ,drag,,,"Mark-Jan Nederhof, sign-function list (Unicode 5.2 set), https://mjn.host.cs.st-andrews.ac.uk/egyptian/unicode/ — used under his written grant of 2026-09-04; published here CC BY 4.0"
𓃦,E17a,U+130E6,phonogram or phonetic determinative,sṯꜣ,,,,"Mark-Jan Nederhof, sign-function list (Unicode 5.2 set), https://mjn.host.cs.st-andrews.ac.uk/egyptian/unicode/ — used under his written grant of 2026-09-04; published here CC BY 4.0"
𓃧,E18,U+130E7,logogram or determinative,^wpꞽ-wꜣwt,Wepwawet,,,"Mark-Jan Nederhof, sign-function list (Unicode 5.2 set), https://mjn.host.cs.st-andrews.ac.uk/egyptian/unicode/ — used under his written grant of 2026-09-04; published here CC BY 4.0"
𓃩,E20,U+130E9,logogram,^stḫ,Seth,,,"Mark-Jan Nederhof, sign-function list (Unicode 5.2 set), https://mjn.host.cs.st-andrews.ac.uk/egyptian/unicode/ — used under his written grant of 2026-09-04; published here CC BY 4.0"
𓃩,E20,U+130E9,determinative,,turmoil,,,"Mark-Jan Nederhof, sign-function list (Unicode 5.2 set), https://mjn.host.cs.st-andrews.ac.uk/egyptian/unicode/ — used under his written grant of 2026-09-04; published here CC BY 4.0"
𓃪,E20a,U+130EA,logogram,nbwꞽ,the two lords,G6a-[sep=0.2]E20a,,"Mark-Jan Nederhof, sign-function list (Unicode 5.2 set), https://mjn.host.cs.st-andrews.ac.uk/egyptian/unicode/ — used under his written grant of 2026-09-04; published here CC BY 4.0"
𓃫,E21,U+130EB,determinative,,turmoil,,,"Mark-Jan Nederhof, sign-function list (Unicode 5.2 set), https://mjn.host.cs.st-andrews.ac.uk/egyptian/unicode/ — used under his written grant of 2026-09-04; published here CC BY 4.0"
𓃬,E22,U+130EC,logogram or determinative,mꜣꞽ,lion,,root=mꜣ,"Mark-Jan Nederhof, sign-function list (Unicode 5.2 set), https://mjn.host.cs.st-andrews.ac.uk/egyptian/unicode/ — used under his written grant of 2026-09-04; published here CC BY 4.0"
𓃭,E23,U+130ED,logogram or determinative,rw,lion,,,"Mark-Jan Nederhof, sign-function list (Unicode 5.2 set), https://mjn.host.cs.st-andrews.ac.uk/egyptian/unicode/ — used under his written grant of 2026-09-04; published here CC BY 4.0"
𓃭,E23,U+130ED,phonogram,rw,,,,"Mark-Jan Nederhof, sign-function list (Unicode 5.2 set), https://mjn.host.cs.st-andrews.ac.uk/egyptian/unicode/ — used under his written grant of 2026-09-04; published here CC BY 4.0"
𓃭,E23,U+130ED,phonogram,r,,E23:Z1,,"Mark-Jan Nederhof, sign-function list (Unicode 5.2 set), https://mjn.host.cs.st-andrews.ac.uk/egyptian/unicode/ — used under his written grant of 2026-09-04; published here CC BY 4.0"
𓃮,E24,U+130EE,logogram or determinative,ꜣby,panther,,,"Mark-Jan Nederhof, sign-function list (Unicode 5.2 set), https://mjn.host.cs.st-andrews.ac.uk/egyptian/unicode/ — used under his written grant of 2026-09-04; published here CC BY 4.0"
𓃯,E25,U+130EF,logogram or determinative,db,hippopotamus,,,"Mark-Jan Nederhof, sign-function list (Unicode 5.2 set), https://mjn.host.cs.st-andrews.ac.uk/egyptian/unicode/ — used under his written grant of 2026-09-04; published here CC BY 4.0"
𓃯,E25,U+130EF,logogram or determinative,ḫꜣb,hippopotamus,,,"Mark-Jan Nederhof, sign-function list (Unicode 5.2 set), https://mjn.host.cs.st-andrews.ac.uk/egyptian/unicode/ — used under his written grant of 2026-09-04; published here CC BY 4.0"
𓃰,E26,U+130F0,logogram or determinative,ꜣbw,elephant,,,"Mark-Jan Nederhof, sign-function list (Unicode 5.2 set), https://mjn.host.cs.st-andrews.ac.uk/egyptian/unicode/ — used under his written grant of 2026-09-04; published here CC BY 4.0"
𓃱,E27,U+130F1,logogram or determinative,mmꞽ,giraffe,,,"Mark-Jan Nederhof, sign-function list (Unicode 5.2 set), https://mjn.host.cs.st-andrews.ac.uk/egyptian/unicode/ — used under his written grant of 2026-09-04; published here CC BY 4.0"
𓃱,E27,U+130F1,determinative,,foretell,,,"Mark-Jan Nederhof, sign-function list (Unicode 5.2 set), https://mjn.host.cs.st-andrews.ac.uk/egyptian/unicode/ — used under his written grant of 2026-09-04; published here CC BY 4.0"
𓃲,E28,U+130F2,logogram or determinative,mꜣ-ḥḏ,oryx,,,"Mark-Jan Nederhof, sign-function list (Unicode 5.2 set), https://mjn.host.cs.st-andrews.ac.uk/egyptian/unicode/ — used under his written grant of 2026-09-04; published here CC BY 4.0"
𓃴,E29,U+130F4,logogram or determinative,gḥs,gazelle,,,"Mark-Jan Nederhof, sign-function list (Unicode 5.2 set), https://mjn.host.cs.st-andrews.ac.uk/egyptian/unicode/ — used under his written grant of 2026-09-04; published here CC BY 4.0"
𓃵,E30,U+130F5,logogram or determinative,nꞽꜣw,ibex,,,"Mark-Jan Nederhof, sign-function list (Unicode 5.2 set), https://mjn.host.cs.st-andrews.ac.uk/egyptian/unicode/ — used under his written grant of 2026-09-04; published here CC BY 4.0"
𓃶,E31,U+130F6,logogram or determinative,sꜥḥ,rank,,,"Mark-Jan Nederhof, sign-function list (Unicode 5.2 set), https://mjn.host.cs.st-andrews.ac.uk/egyptian/unicode/ — used under his written grant of 2026-09-04; published here CC BY 4.0"
𓃷,E32,U+130F7,logogram or determinative,ꞽꜥn,baboon,,,"Mark-Jan Nederhof, sign-function list (Unicode 5.2 set), https://mjn.host.cs.st-andrews.ac.uk/egyptian/unicode/ — used under his written grant of 2026-09-04; published here CC BY 4.0"
𓃷,E32,U+130F7,determinative,,monkey,,,"Mark-Jan Nederhof, sign-function list (Unicode 5.2 set), https://mjn.host.cs.st-andrews.ac.uk/egyptian/unicode/ — used under his written grant of 2026-09-04; published here CC BY 4.0"
𓃷,E32,U+130F7,determinative,,furious,,,"Mark-Jan Nederhof, sign-function list (Unicode 5.2 set), https://mjn.host.cs.st-andrews.ac.uk/egyptian/unicode/ — used under his written grant of 2026-09-04; published here CC BY 4.0"
𓃸,E33,U+130F8,logogram or determinative,gꞽf,vervet monkey,,,"Mark-Jan Nederhof, sign-function list (Unicode 5.2 set), https://mjn.host.cs.st-andrews.ac.uk/egyptian/unicode/ — used under his written grant of 2026-09-04; published here CC BY 4.0"
𓃹,E34,U+130F9,phonogram,wn,,,,"Mark-Jan Nederhof, sign-function list (Unicode 5.2 set), https://mjn.host.cs.st-andrews.ac.uk/egyptian/unicode/ — used under his written grant of 2026-09-04; published here CC BY 4.0"
𓃻,E36,U+130FB,logogram,^ḏḥwtꞽ,Thoth,,root=ḏḥwt,"Mark-Jan Nederhof, sign-function list (Unicode 5.2 set), https://mjn.host.cs.st-andrews.ac.uk/egyptian/unicode/ — used under his written grant of 2026-09-04; published here CC BY 4.0"
𓃻,E36,U+130FB,logogram,ḏd,say,,,"Mark-Jan Nederhof, sign-function list (Unicode 5.2 set), https://mjn.host.cs.st-andrews.ac.uk/egyptian/unicode/ — used under his written grant of 2026-09-04; published here CC BY 4.0"
𓃻,E36,U+130FB,logogram,nfr,beautiful,,,"Mark-Jan Nederhof, sign-function list (Unicode 5.2 set), https://mjn.host.cs.st-andrews.ac.uk/egyptian/unicode/ — used under his written grant of 2026-09-04; published here CC BY 4.0"
𓃼,E37,U+130FC,determinative,šbt,water-clock,,,"Mark-Jan Nederhof, sign-function list (Unicode 5.2 set), https://mjn.host.cs.st-andrews.ac.uk/egyptian/unicode/ — used under his written grant of 2026-09-04; published here CC BY 4.0"
𓃿,F1a,U+130FF,determinative,,"nose, smell, face",,,"Mark-Jan Nederhof, sign-function list (Unicode 5.2 set), https://mjn.host.cs.st-andrews.ac.uk/egyptian/unicode/ — used under his written grant of 2026-09-04; published here CC BY 4.0"
𓃿,F1a,U+130FF,determinative,,joy,,,"Mark-Jan Nederhof, sign-function list (Unicode 5.2 set), https://mjn.host.cs.st-andrews.ac.uk/egyptian/unicode/ — used under his written grant of 2026-09-04; published here CC BY 4.0"
𓄀,F2,U+13100,determinative,ḏnd,rage,,,"Mark-Jan Nederhof, sign-function list (Unicode 5.2 set), https://mjn.host.cs.st-andrews.ac.uk/egyptian/unicode/ — used under his written grant of 2026-09-04; published here CC BY 4.0"
𓄁,F3,U+13101,phonogram or phonetic determinative,ꜣt,,,,"Mark-Jan Nederhof, sign-function list (Unicode 5.2 set), https://mjn.host.cs.st-andrews.ac.uk/egyptian/unicode/ — used under his written grant of 2026-09-04; published here CC BY 4.0"
𓄂,F4,U+13102,logogram,ḥꜣt,front,,root=ḥꜣ,"Mark-Jan Nederhof, sign-function list (Unicode 5.2 set), https://mjn.host.cs.st-andrews.ac.uk/egyptian/unicode/ — used under his written grant of 2026-09-04; published here CC BY 4.0"
𓄂,F4,U+13102,logogram,ḥꜣtꞽ-ꜥ,prince,F4:D36,,"Mark-Jan Nederhof, sign-function list (Unicode 5.2 set), https://mjn.host.cs.st-andrews.ac.uk/egyptian/unicode/ — used under his written grant of 2026-09-04; published here CC BY 4.0"
𓄃,F5,U+13103,phonogram or phonetic determinative,šsꜣ,,,,"Mark-Jan Nederhof, sign-function list (Unicode 5.2 set), https://mjn.host.cs.st-andrews.ac.uk/egyptian/unicode/ — used under his written grant of 2026-09-04; published here CC BY 4.0"
𓄃,F5,U+13103,phonetic determinative,sšꜣ,,,,"Mark-Jan Nederhof, sign-function list (Unicode 5.2 set), https://mjn.host.cs.st-andrews.ac.uk/egyptian/unicode/ — used under his written grant of 2026-09-04; published here CC BY 4.0"
𓄅,F7,U+13105,logogram or determinative,šft,ram,,root=šf,"Mark-Jan Nederhof, sign-function list (Unicode 5.2 set), https://mjn.host.cs.st-andrews.ac.uk/egyptian/unicode/ — used under his written grant of 2026-09-04; published here CC BY 4.0"
𓄅,F7,U+13105,logogram or determinative,šfyt,worth,,root=šf,"Mark-Jan Nederhof, sign-function list (Unicode 5.2 set), https://mjn.host.cs.st-andrews.ac.uk/egyptian/unicode/ — used under his written grant of 2026-09-04; published here CC BY 4.0"
𓄅,F7,U+13105,phonetic determinative,šft,,,,"Mark-Jan Nederhof, sign-function list (Unicode 5.2 set), https://mjn.host.cs.st-andrews.ac.uk/egyptian/unicode/ — used under his written grant of 2026-09-04; published here CC BY 4.0"
𓄇,F9,U+13107,logogram or determinative,pḥtꞽ,strength,F9*F9,dual=true,"Mark-Jan Nederhof, sign-function list (Unicode 5.2 set), https://mjn.host.cs.st-andrews.ac.uk/egyptian/unicode/ — used under his written grant of 2026-09-04; published here CC BY 4.0"
𓄇,F9,U+13107,phonetic determinative,ꜣt,,,certain=false,"Mark-Jan Nederhof, sign-function list (Unicode 5.2 set), https://mjn.host.cs.st-andrews.ac.uk/egyptian/unicode/ — used under his written grant of 2026-09-04; published here CC BY 4.0"
𓄈,F10,U+13108,determinative,,"neck, throat",,,"Mark-Jan Nederhof, sign-function list (Unicode 5.2 set), https://mjn.host.cs.st-andrews.ac.uk/egyptian/unicode/ — used under his written grant of 2026-09-04; published here CC BY 4.0"
𓄊,F12,U+1310A,logogram or determinative,wsrt,neck,,root=wsr,"Mark-Jan Nederhof, sign-function list (Unicode 5.2 set), https://mjn.host.cs.st-andrews.ac.uk/egyptian/unicode/ — used under his written grant of 2026-09-04; published here CC BY 4.0"
𓄊,F12,U+1310A,phonogram,wsr,,,,"Mark-Jan Nederhof, sign-function list (Unicode 5.2 set), https://mjn.host.cs.st-andrews.ac.uk/egyptian/unicode/ — used under his written grant of 2026-09-04; published here CC BY 4.0"
𓄋,F13,U+1310B,logogram,wpt,brow,,root=wp,"Mark-Jan Nederhof, sign-function list (Unicode 5.2 set), https://mjn.host.cs.st-andrews.ac.uk/egyptian/unicode/ — used under his written grant of 2026-09-04; published here CC BY 4.0"
𓄋,F13,U+1310B,phonogram or phonetic determinative,wp,,,,"Mark-Jan Nederhof, sign-function list (Unicode 5.2 set), https://mjn.host.cs.st-andrews.ac.uk/egyptian/unicode/ — used under his written grant of 2026-09-04; published here CC BY 4.0"
𓄋,F13,U+1310B,phonogram,ꞽp,,,,"Mark-Jan Nederhof, sign-function list (Unicode 5.2 set), https://mjn.host.cs.st-andrews.ac.uk/egyptian/unicode/ — used under his written grant of 2026-09-04; published here CC BY 4.0"
𓄍,F14,U+1310D,logogram,wpt-rnpt,New-Year's Day,,,"Mark-Jan Nederhof, sign-function list (Unicode 5.2 set), https://mjn.host.cs.st-andrews.ac.uk/egyptian/unicode/ — used under his written grant of 2026-09-04; published here CC BY 4.0"
𓄏,F16,U+1310F,logogram or determinative,dp,horn,,,"Mark-Jan Nederhof, sign-function list (Unicode 5.2 set), https://mjn.host.cs.st-andrews.ac.uk/egyptian/unicode/ — used under his written grant of 2026-09-04; published here CC BY 4.0"
𓄏,F16,U+1310F,determinative,,horn,,,"Mark-Jan Nederhof, sign-function list (Unicode 5.2 set), https://mjn.host.cs.st-andrews.ac.uk/egyptian/unicode/ — used under his written grant of 2026-09-04; published here CC BY 4.0"
𓄏,F16,U+1310F,logogram or determinative,ꜥb,horn,,,"Mark-Jan Nederhof, sign-function list (Unicode 5.2 set), https://mjn.host.cs.st-andrews.ac.uk/egyptian/unicode/ — used under his written grant of 2026-09-04; published here CC BY 4.0"
𓄏,F16,U+1310F,phonogram or phonetic determinative,ꜥb,,,,"Mark-Jan Nederhof, sign-function list (Unicode 5.2 set), https://mjn.host.cs.st-andrews.ac.uk/egyptian/unicode/ — used under his written grant of 2026-09-04; published here CC BY 4.0"
𓄐,F17,U+13110,logogram or determinative,ꜥbw,purification,,root=ꜥb,"Mark-Jan Nederhof, sign-function list (Unicode 5.2 set), https://mjn.host.cs.st-andrews.ac.uk/egyptian/unicode/ — used under his written grant of 2026-09-04; published here CC BY 4.0"
𓄑,F18,U+13111,logogram or determinative,ꞽbḥ,tooth,,,"Mark-Jan Nederhof, sign-function list (Unicode 5.2 set), https://mjn.host.cs.st-andrews.ac.uk/egyptian/unicode/ — used under his written grant of 2026-09-04; published here CC BY 4.0"
𓄑,F18,U+13111,determinative,,tooth,,,"Mark-Jan Nederhof, sign-function list (Unicode 5.2 set), https://mjn.host.cs.st-andrews.ac.uk/egyptian/unicode/ — used under his written grant of 2026-09-04; published here CC BY 4.0"
𓄑,F18,U+13111,phonogram or phonetic determinative,bḥ,,,,"Mark-Jan Nederhof, sign-function list (Unicode 5.2 set), https://mjn.host.cs.st-andrews.ac.uk/egyptian/unicode/ — used under his written grant of 2026-09-04; published here CC BY 4.0"
𓄑,F18,U+13111,phonetic determinative,ḥw,,,,"Mark-Jan Nederhof, sign-function list (Unicode 5.2 set), https://mjn.host.cs.st-andrews.ac.uk/egyptian/unicode/ — used under his written grant of 2026-09-04; published here CC BY 4.0"
𓄑,F18,U+13111,phonogram,ḥ,,F18:Y1,,"Mark-Jan Nederhof, sign-function list (Unicode 5.2 set), https://mjn.host.cs.st-andrews.ac.uk/egyptian/unicode/ — used under his written grant of 2026-09-04; published here CC BY 4.0"
𓄑,F18,U+13111,phonogram or phonetic determinative,bꞽꜣ,,,,"Mark-Jan Nederhof, sign-function list (Unicode 5.2 set), https://mjn.host.cs.st-andrews.ac.uk/egyptian/unicode/ — used under his written grant of 2026-09-04; published here CC BY 4.0"
𓄑,F18,U+13111,phonetic determinative,bꞽ,,,,"Mark-Jan Nederhof, sign-function list (Unicode 5.2 set), https://mjn.host.cs.st-andrews.ac.uk/egyptian/unicode/ — used under his written grant of 2026-09-04; published here CC BY 4.0"
𓄒,F19,U+13112,logogram or determinative,ꜥrtꞽ,jaw,,,"Mark-Jan Nederhof, sign-function list (Unicode 5.2 set), https://mjn.host.cs.st-andrews.ac.uk/egyptian/unicode/ — used under his written grant of 2026-09-04; published here CC BY 4.0"
𓄓,F20,U+13113,logogram,ns,tongue,,,"Mark-Jan Nederhof, sign-function list (Unicode 5.2 set), https://mjn.host.cs.st-andrews.ac.uk/egyptian/unicode/ — used under his written grant of 2026-09-04; published here CC BY 4.0"
𓄓,F20,U+13113,phonogram,ns,,,,"Mark-Jan Nederhof, sign-function list (Unicode 5.2 set), https://mjn.host.cs.st-andrews.ac.uk/egyptian/unicode/ — used under his written grant of 2026-09-04; published here CC BY 4.0"
𓄓,F20,U+13113,determinative,,tongue,,,"Mark-Jan Nederhof, sign-function list (Unicode 5.2 set), https://mjn.host.cs.st-andrews.ac.uk/egyptian/unicode/ — used under his written grant of 2026-09-04; published here CC BY 4.0"
𓄓,F20,U+13113,logogram,ꞽmꞽ-rꜣ,overseer,,,"Mark-Jan Nederhof, sign-function list (Unicode 5.2 set), https://mjn.host.cs.st-andrews.ac.uk/egyptian/unicode/ — used under his written grant of 2026-09-04; published here CC BY 4.0"
𓄔,F21,U+13114,logogram or determinative,msḏr,ear,,,"Mark-Jan Nederhof, sign-function list (Unicode 5.2 set), https://mjn.host.cs.st-andrews.ac.uk/egyptian/unicode/ — used under his written grant of 2026-09-04; published here CC BY 4.0"
𓄔,F21,U+13114,logogram,ꜥnḫwꞽ,both ears,S34*S34-F21:[fit]F21,,"Mark-Jan Nederhof, sign-function list (Unicode 5.2 set), https://mjn.host.cs.st-andrews.ac.uk/egyptian/unicode/ — used under his written grant of 2026-09-04; published here CC BY 4.0"
𓄔,F21,U+13114,logogram or determinative,sḏm,hear,,,"Mark-Jan Nederhof, sign-function list (Unicode 5.2 set), https://mjn.host.cs.st-andrews.ac.uk/egyptian/unicode/ — used under his written grant of 2026-09-04; published here CC BY 4.0"
𓄔,F21,U+13114,determinative,,hearing,,,"Mark-Jan Nederhof, sign-function list (Unicode 5.2 set), https://mjn.host.cs.st-andrews.ac.uk/egyptian/unicode/ — used under his written grant of 2026-09-04; published here CC BY 4.0"
𓄔,F21,U+13114,phonogram or phonetic determinative,ꞽdn,,,,"Mark-Jan Nederhof, sign-function list (Unicode 5.2 set), https://mjn.host.cs.st-andrews.ac.uk/egyptian/unicode/ — used under his written grant of 2026-09-04; published here CC BY 4.0"
𓄔,F21,U+13114,logogram or determinative,ḏrḏ,leaf,F21:Z1,,"Mark-Jan Nederhof, sign-function list (Unicode 5.2 set), https://mjn.host.cs.st-andrews.ac.uk/egyptian/unicode/ — used under his written grant of 2026-09-04; published here CC BY 4.0"
𓄔,F21,U+13114,phonogram,sdm,,,,"Mark-Jan Nederhof, sign-function list (Unicode 5.2 set), https://mjn.host.cs.st-andrews.ac.uk/egyptian/unicode/ — used under his written grant of 2026-09-04; published here CC BY 4.0"
𓄖,F22,U+13116,logogram,pḥwꞽ,end,,root=pḥ,"Mark-Jan Nederhof, sign-function list (Unicode 5.2 set), https://mjn.host.cs.st-andrews.ac.uk/egyptian/unicode/ — used under his written grant of 2026-09-04; published here CC BY 4.0"
𓄖,F22,U+13116,phonogram or phonetic determinative,pḥ,,,,"Mark-Jan Nederhof, sign-function list (Unicode 5.2 set), https://mjn.host.cs.st-andrews.ac.uk/egyptian/unicode/ — used under his written grant of 2026-09-04; published here CC BY 4.0"
𓄖,F22,U+13116,determinative,,"end, bottom",,,"Mark-Jan Nederhof, sign-function list (Unicode 5.2 set), https://mjn.host.cs.st-andrews.ac.uk/egyptian/unicode/ — used under his written grant of 2026-09-04; published here CC BY 4.0"
𓄖,F22,U+13116,phonogram or phonetic determinative,kfꜣ,,,,"Mark-Jan Nederhof, sign-function list (Unicode 5.2 set), https://mjn.host.cs.st-andrews.ac.uk/egyptian/unicode/ — used under his written grant of 2026-09-04; published here CC BY 4.0"
𓄗,F23,U+13117,logogram or determinative,ḫpš,foreleg,,,"Mark-Jan Nederhof, sign-function list (Unicode 5.2 set), https://mjn.host.cs.st-andrews.ac.uk/egyptian/unicode/ — used under his written grant of 2026-09-04; published here CC BY 4.0"
𓄗,F23,U+13117,determinative,^msḫtꞽw,Great Bear,,,"Mark-Jan Nederhof, sign-function list (Unicode 5.2 set), https://mjn.host.cs.st-andrews.ac.uk/egyptian/unicode/ — used under his written grant of 2026-09-04; published here CC BY 4.0"
𓄙,F25,U+13119,logogram,wḥmt,hoof,,root=wḥm,"Mark-Jan Nederhof, sign-function list (Unicode 5.2 set), https://mjn.host.cs.st-andrews.ac.uk/egyptian/unicode/ — used under his written grant of 2026-09-04; published here CC BY 4.0"
𓄙,F25,U+13119,phonogram,wḥm,,,,"Mark-Jan Nederhof, sign-function list (Unicode 5.2 set), https://mjn.host.cs.st-andrews.ac.uk/egyptian/unicode/ — used under his written grant of 2026-09-04; published here CC BY 4.0"
𓄚,F26,U+1311A,logogram,ẖnt,skin,,root=ẖn,"Mark-Jan Nederhof, sign-function list (Unicode 5.2 set), https://mjn.host.cs.st-andrews.ac.uk/egyptian/unicode/ — used under his written grant of 2026-09-04; published here CC BY 4.0"
𓄚,F26,U+1311A,phonogram,ẖn,,,,"Mark-Jan Nederhof, sign-function list (Unicode 5.2 set), https://mjn.host.cs.st-andrews.ac.uk/egyptian/unicode/ — used under his written grant of 2026-09-04; published here CC BY 4.0"
𓄛,F27,U+1311B,determinative,,"skin, mammal",,,"Mark-Jan Nederhof, sign-function list (Unicode 5.2 set), https://mjn.host.cs.st-andrews.ac.uk/egyptian/unicode/ — used under his written grant of 2026-09-04; published here CC BY 4.0"
𓄜,F28,U+1311C,logogram,sꜣb,dappled,,,"Mark-Jan Nederhof, sign-function list (Unicode 5.2 set), https://mjn.host.cs.st-andrews.ac.uk/egyptian/unicode/ — used under his written grant of 2026-09-04; published here CC BY 4.0"
𓄜,F28,U+1311C,logogram,sꜣb šwt,dappled of feathers,F28*H6,,"Mark-Jan Nederhof, sign-function list (Unicode 5.2 set), https://mjn.host.cs.st-andrews.ac.uk/egyptian/unicode/ — used under his written grant of 2026-09-04; published here CC BY 4.0"
𓄝,F29,U+1311D,logogram or determinative,stꞽ,pierce,,root=st,"Mark-Jan Nederhof, sign-function list (Unicode 5.2 set), https://mjn.host.cs.st-andrews.ac.uk/egyptian/unicode/ — used under his written grant of 2026-09-04; published here CC BY 4.0"
𓄝,F29,U+1311D,phonogram,st,,,,"Mark-Jan Nederhof, sign-function list (Unicode 5.2 set), https://mjn.host.cs.st-andrews.ac.uk/egyptian/unicode/ — used under his written grant of 2026-09-04; published here CC BY 4.0"
𓄞,F30,U+1311E,logogram,šdw,water-skin,,root=šd,"Mark-Jan Nederhof, sign-function list (Unicode 5.2 set), https://mjn.host.cs.st-andrews.ac.uk/egyptian/unicode/ — used under his written grant of 2026-09-04; published here CC BY 4.0"
𓄞,F30,U+1311E,phonogram,šd,,,,"Mark-Jan Nederhof, sign-function list (Unicode 5.2 set), https://mjn.host.cs.st-andrews.ac.uk/egyptian/unicode/ — used under his written grant of 2026-09-04; published here CC BY 4.0"
𓄟,F31,U+1311F,logogram,mst,apron of skins,,root=ms,"Mark-Jan Nederhof, sign-function list (Unicode 5.2 set), https://mjn.host.cs.st-andrews.ac.uk/egyptian/unicode/ — used under his written grant of 2026-09-04; published here CC BY 4.0"
𓄟,F31,U+1311F,phonogram,ms,,,,"Mark-Jan Nederhof, sign-function list (Unicode 5.2 set), https://mjn.host.cs.st-andrews.ac.uk/egyptian/unicode/ — used under his written grant of 2026-09-04; published here CC BY 4.0"
𓄡,F32,U+13121,logogram,ẖt,belly,,root=ẖ,"Mark-Jan Nederhof, sign-function list (Unicode 5.2 set), https://mjn.host.cs.st-andrews.ac.uk/egyptian/unicode/ — used under his written grant of 2026-09-04; published here CC BY 4.0"
𓄡,F32,U+13121,phonogram,ẖ,,,,"Mark-Jan Nederhof, sign-function list (Unicode 5.2 set), https://mjn.host.cs.st-andrews.ac.uk/egyptian/unicode/ — used under his written grant of 2026-09-04; published here CC BY 4.0"
𓄢,F33,U+13122,logogram or determinative,sd,tail,,,"Mark-Jan Nederhof, sign-function list (Unicode 5.2 set), https://mjn.host.cs.st-andrews.ac.uk/egyptian/unicode/ — used under his written grant of 2026-09-04; published here CC BY 4.0"
𓄢,F33,U+13122,phonogram or phonetic determinative,sd,,,,"Mark-Jan Nederhof, sign-function list (Unicode 5.2 set), https://mjn.host.cs.st-andrews.ac.uk/egyptian/unicode/ — used under his written grant of 2026-09-04; published here CC BY 4.0"
𓄣,F34,U+13123,logogram or determinative,ꞽb,heart,,,"Mark-Jan Nederhof, sign-function list (Unicode 5.2 set), https://mjn.host.cs.st-andrews.ac.uk/egyptian/unicode/ — used under his written grant of 2026-09-04; published here CC BY 4.0"
𓄣,F34,U+13123,determinative,,heart,,,"Mark-Jan Nederhof, sign-function list (Unicode 5.2 set), https://mjn.host.cs.st-andrews.ac.uk/egyptian/unicode/ — used under his written grant of 2026-09-04; published here CC BY 4.0"
𓄤,F35,U+13124,phonogram,nfr,,,,"Mark-Jan Nederhof, sign-function list (Unicode 5.2 set), https://mjn.host.cs.st-andrews.ac.uk/egyptian/unicode/ — used under his written grant of 2026-09-04; published here CC BY 4.0"
𓄥,F36,U+13125,logogram,smꜣ,lung,,,"Mark-Jan Nederhof, sign-function list (Unicode 5.2 set), https://mjn.host.cs.st-andrews.ac.uk/egyptian/unicode/ — used under his written grant of 2026-09-04; published here CC BY 4.0"
𓄥,F36,U+13125,phonogram or phonetic determinative,smꜣ,,,,"Mark-Jan Nederhof, sign-function list (Unicode 5.2 set), https://mjn.host.cs.st-andrews.ac.uk/egyptian/unicode/ — used under his written grant of 2026-09-04; published here CC BY 4.0"
𓄦,F37,U+13126,logogram,ꞽꜣt,back,,root=ꞽꜣ,"Mark-Jan Nederhof, sign-function list (Unicode 5.2 set), https://mjn.host.cs.st-andrews.ac.uk/egyptian/unicode/ — used under his written grant of 2026-09-04; published here CC BY 4.0"
𓄦,F37,U+13126,determinative,psḏ,back,,,"Mark-Jan Nederhof, sign-function list (Unicode 5.2 set), https://mjn.host.cs.st-andrews.ac.uk/egyptian/unicode/ — used under his written grant of 2026-09-04; published here CC BY 4.0"
𓄦,F37,U+13126,phonetic determinative,sm,,,,"Mark-Jan Nederhof, sign-function list (Unicode 5.2 set), https://mjn.host.cs.st-andrews.ac.uk/egyptian/unicode/ — used under his written grant of 2026-09-04; published here CC BY 4.0"
𓄪,F39,U+1312A,logogram or determinative,ꞽmꜣḫ,spinal cord,,,"Mark-Jan Nederhof, sign-function list (Unicode 5.2 set), https://mjn.host.cs.st-andrews.ac.uk/egyptian/unicode/ — used under his written grant of 2026-09-04; published here CC BY 4.0"
𓄪,F39,U+1312A,logogram or determinative,ꞽmꜣḫ,revered,,,"Mark-Jan Nederhof, sign-function list (Unicode 5.2 set), https://mjn.host.cs.st-andrews.ac.uk/egyptian/unicode/ — used under his written grant of 2026-09-04; published here CC BY 4.0"
𓄫,F40,U+1312B,phonogram,ꜣw,,,,"Mark-Jan Nederhof, sign-function list (Unicode 5.2 set), https://mjn.host.cs.st-andrews.ac.uk/egyptian/unicode/ — used under his written grant of 2026-09-04; published here CC BY 4.0"
𓄬,F41,U+1312C,determinative,šꜥt,injury,,,"Mark-Jan Nederhof, sign-function list (Unicode 5.2 set), https://mjn.host.cs.st-andrews.ac.uk/egyptian/unicode/ — used under his written grant of 2026-09-04; published here CC BY 4.0"
𓄭,F42,U+1312D,logogram or determinative,spr,rib,,,"Mark-Jan Nederhof, sign-function list (Unicode 5.2 set), https://mjn.host.cs.st-andrews.ac.uk/egyptian/unicode/ — used under his written grant of 2026-09-04; published here CC BY 4.0"
𓄭,F42,U+1312D,phonogram,spr,,,,"Mark-Jan Nederhof, sign-function list (Unicode 5.2 set), https://mjn.host.cs.st-andrews.ac.uk/egyptian/unicode/ — used under his written grant of 2026-09-04; published here CC BY 4.0"
𓄮,F43,U+1312E,determinative,spḥt,ribs of beef,,root=spḥ,"Mark-Jan Nederhof, sign-function list (Unicode 5.2 set), https://mjn.host.cs.st-andrews.ac.uk/egyptian/unicode/ — used under his written grant of 2026-09-04; published here CC BY 4.0"
𓄯,F44,U+1312F,determinative,,bone and meat,,,"Mark-Jan Nederhof, sign-function list (Unicode 5.2 set), https://mjn.host.cs.st-andrews.ac.uk/egyptian/unicode/ — used under his written grant of 2026-09-04; published here CC BY 4.0"
𓄯,F44,U+1312F,phonogram or phonetic determinative,ꞽwꜥ,,,,"Mark-Jan Nederhof, sign-function list (Unicode 5.2 set), https://mjn.host.cs.st-andrews.ac.uk/egyptian/unicode/ — used under his written grant of 2026-09-04; published here CC BY 4.0"
𓄯,F44,U+1312F,phonogram or phonetic determinative,ꞽsw,,,,"Mark-Jan Nederhof, sign-function list (Unicode 5.2 set), https://mjn.host.cs.st-andrews.ac.uk/egyptian/unicode/ — used under his written grant of 2026-09-04; published here CC BY 4.0"
𓄰,F45,U+13130,logogram or determinative,ꞽdt,uterus,,root=ꞽd,"Mark-Jan Nederhof, sign-function list (Unicode 5.2 set), https://mjn.host.cs.st-andrews.ac.uk/egyptian/unicode/ — used under his written grant of 2026-09-04; published here CC BY 4.0"
𓄲,F46,U+13132,logogram,qꜣb,intestine,,,"Mark-Jan Nederhof, sign-function list (Unicode 5.2 set), https://mjn.host.cs.st-andrews.ac.uk/egyptian/unicode/ — used under his written grant of 2026-09-04; published here CC BY 4.0"
𓄲,F46,U+13132,phonogram or phonetic determinative,qꜣb,,,,"Mark-Jan Nederhof, sign-function list (Unicode 5.2 set), https://mjn.host.cs.st-andrews.ac.uk/egyptian/unicode/ — used under his written grant of 2026-09-04; published here CC BY 4.0"
𓄲,F46,U+13132,logogram or determinative,pẖr,turn,,,"Mark-Jan Nederhof, sign-function list (Unicode 5.2 set), https://mjn.host.cs.st-andrews.ac.uk/egyptian/unicode/ — used under his written grant of 2026-09-04; published here CC BY 4.0"
𓄲,F46,U+13132,phonogram,pẖr,,,,"Mark-Jan Nederhof, sign-function list (Unicode 5.2 set), https://mjn.host.cs.st-andrews.ac.uk/egyptian/unicode/ — used under his written grant of 2026-09-04; published here CC BY 4.0"
𓄲,F46,U+13132,logogram or determinative,dbn,go round,,,"Mark-Jan Nederhof, sign-function list (Unicode 5.2 set), https://mjn.host.cs.st-andrews.ac.uk/egyptian/unicode/ — used under his written grant of 2026-09-04; published here CC BY 4.0"
𓄲,F46,U+13132,phonogram,dbn,,,,"Mark-Jan Nederhof, sign-function list (Unicode 5.2 set), https://mjn.host.cs.st-andrews.ac.uk/egyptian/unicode/ — used under his written grant of 2026-09-04; published here CC BY 4.0"
𓄲,F46,U+13132,determinative,wḏb,turn,,,"Mark-Jan Nederhof, sign-function list (Unicode 5.2 set), https://mjn.host.cs.st-andrews.ac.uk/egyptian/unicode/ — used under his written grant of 2026-09-04; published here CC BY 4.0"
𓄸,F50,U+13138,logogram,spẖr,copy,,,"Mark-Jan Nederhof, sign-function list (Unicode 5.2 set), https://mjn.host.cs.st-andrews.ac.uk/egyptian/unicode/ — used under his written grant of 2026-09-04; published here CC BY 4.0"
𓄹,F51,U+13139,determinative,,parts of the body,,,"Mark-Jan Nederhof, sign-function list (Unicode 5.2 set), https://mjn.host.cs.st-andrews.ac.uk/egyptian/unicode/ — used under his written grant of 2026-09-04; published here CC BY 4.0"
𓄹,F51,U+13139,logogram,ḥꜥw,body,F51:[fit]F51:[fit]F51,,"Mark-Jan Nederhof, sign-function list (Unicode 5.2 set), https://mjn.host.cs.st-andrews.ac.uk/egyptian/unicode/ — used under his written grant of 2026-09-04; published here CC BY 4.0"
𓄹,F51,U+13139,logogram,kns,vagina,,,"Mark-Jan Nederhof, sign-function list (Unicode 5.2 set), https://mjn.host.cs.st-andrews.ac.uk/egyptian/unicode/ — used under his written grant of 2026-09-04; published here CC BY 4.0"
𓄼,F51c,U+1313C,phonogram or phonetic determinative,ꜣs,,,,"Mark-Jan Nederhof, sign-function list (Unicode 5.2 set), https://mjn.host.cs.st-andrews.ac.uk/egyptian/unicode/ — used under his written grant of 2026-09-04; published here CC BY 4.0"
𓄼,F51c,U+1313C,phonogram,ws,,,,"Mark-Jan Nederhof, sign-function list (Unicode 5.2 set), https://mjn.host.cs.st-andrews.ac.uk/egyptian/unicode/ — used under his written grant of 2026-09-04; published here CC BY 4.0"
𓄽,F52,U+1313D,logogram or determinative,ḥs,excrement,,,"Mark-Jan Nederhof, sign-function list (Unicode 5.2 set), https://mjn.host.cs.st-andrews.ac.uk/egyptian/unicode/ — used under his written grant of 2026-09-04; published here CC BY 4.0"
𓄾,F53,U+1313E,logogram,mdw,(divine) staff,,,"Mark-Jan Nederhof, sign-function list (Unicode 5.2 set), https://mjn.host.cs.st-andrews.ac.uk/egyptian/unicode/ — used under his written grant of 2026-09-04; published here CC BY 4.0"
𓄿,G1,U+1313F,logogram,ꜣ,vulture,,,"Mark-Jan Nederhof, sign-function list (Unicode 5.2 set), https://mjn.host.cs.st-andrews.ac.uk/egyptian/unicode/ — used under his written grant of 2026-09-04; published here CC BY 4.0"
𓄿,G1,U+1313F,phonogram,ꜣ,,,,"Mark-Jan Nederhof, sign-function list (Unicode 5.2 set), https://mjn.host.cs.st-andrews.ac.uk/egyptian/unicode/ — used under his written grant of 2026-09-04; published here CC BY 4.0"
𓅀,G2,U+13140,phonogram,ꜣꜣ,,,,"Mark-Jan Nederhof, sign-function list (Unicode 5.2 set), https://mjn.host.cs.st-andrews.ac.uk/egyptian/unicode/ — used under his written grant of 2026-09-04; published here CC BY 4.0"
𓅁,G3,U+13141,phonogram,mꜣ,,,,"Mark-Jan Nederhof, sign-function list (Unicode 5.2 set), https://mjn.host.cs.st-andrews.ac.uk/egyptian/unicode/ — used under his written grant of 2026-09-04; published here CC BY 4.0"
𓅂,G4,U+13142,phonogram,tꞽw,,,,"Mark-Jan Nederhof, sign-function list (Unicode 5.2 set), https://mjn.host.cs.st-andrews.ac.uk/egyptian/unicode/ — used under his written grant of 2026-09-04; published here CC BY 4.0"
𓅃,G5,U+13143,logogram,^ḥr,Horus,,,"Mark-Jan Nederhof, sign-function list (Unicode 5.2 set), https://mjn.host.cs.st-andrews.ac.uk/egyptian/unicode/ — used under his written grant of 2026-09-04; published here CC BY 4.0"
𓅄,G6,U+13144,determinative,bꞽk,falcon,,,"Mark-Jan Nederhof, sign-function list (Unicode 5.2 set), https://mjn.host.cs.st-andrews.ac.uk/egyptian/unicode/ — used under his written grant of 2026-09-04; published here CC BY 4.0"
𓅅,G6a,U+13145,logogram,nbwꞽ,the two lords,G6a-[sep=0.2]E20a,,"Mark-Jan Nederhof, sign-function list (Unicode 5.2 set), https://mjn.host.cs.st-andrews.ac.uk/egyptian/unicode/ — used under his written grant of 2026-09-04; published here CC BY 4.0"
𓅆,G7,U+13146,determinative,^ḥr,Horus,,period=OK,"Mark-Jan Nederhof, sign-function list (Unicode 5.2 set), https://mjn.host.cs.st-andrews.ac.uk/egyptian/unicode/ — used under his written grant of 2026-09-04; published here CC BY 4.0"
𓅆,G7,U+13146,determinative,,"god, king",,,"Mark-Jan Nederhof, sign-function list (Unicode 5.2 set), https://mjn.host.cs.st-andrews.ac.uk/egyptian/unicode/ — used under his written grant of 2026-09-04; published here CC BY 4.0"
𓅆,G7,U+13146,logogram,=ꞽ,I (king),,,"Mark-Jan Nederhof, sign-function list (Unicode 5.2 set), https://mjn.host.cs.st-andrews.ac.uk/egyptian/unicode/ — used under his written grant of 2026-09-04; published here CC BY 4.0"
𓅆,G7,U+13146,determinative,,first person singular (king),,,"Mark-Jan Nederhof, sign-function list (Unicode 5.2 set), https://mjn.host.cs.st-andrews.ac.uk/egyptian/unicode/ — used under his written grant of 2026-09-04; published here CC BY 4.0"
𓅇,G7a,U+13147,logogram,^nmtꞽ,Nemti,,,"Mark-Jan Nederhof, sign-function list (Unicode 5.2 set), https://mjn.host.cs.st-andrews.ac.uk/egyptian/unicode/ — used under his written grant of 2026-09-04; published here CC BY 4.0"
𓅉,G8,U+13149,logogram,^ḥr-nbw,Gold Horus,,,"Mark-Jan Nederhof, sign-function list (Unicode 5.2 set), https://mjn.host.cs.st-andrews.ac.uk/egyptian/unicode/ — used under his written grant of 2026-09-04; published here CC BY 4.0"
𓅊,G9,U+1314A,logogram,^rꜥ-^ḥr-ꜣḫtꞽ,Re-Harakhti,,,"Mark-Jan Nederhof, sign-function list (Unicode 5.2 set), https://mjn.host.cs.st-andrews.ac.uk/egyptian/unicode/ — used under his written grant of 2026-09-04; published here CC BY 4.0"
𓅋,G10,U+1314B,logogram or determinative,^skr,Sokar,,,"Mark-Jan Nederhof, sign-function list (Unicode 5.2 set), https://mjn.host.cs.st-andrews.ac.uk/egyptian/unicode/ — used under his written grant of 2026-09-04; published here CC BY 4.0"
𓅋,G10,U+1314B,determinative,ḥnw,Sokar-bark,,,"Mark-Jan Nederhof, sign-function list (Unicode 5.2 set), https://mjn.host.cs.st-andrews.ac.uk/egyptian/unicode/ — used under his written grant of 2026-09-04; published here CC BY 4.0"
𓅌,G11,U+1314C,determinative,ꜥšm,divine image,,,"Mark-Jan Nederhof, sign-function list (Unicode 5.2 set), https://mjn.host.cs.st-andrews.ac.uk/egyptian/unicode/ — used under his written grant of 2026-09-04; published here CC BY 4.0"
𓅌,G11,U+1314C,determinative,šnbt,breast,,root=šnb,"Mark-Jan Nederhof, sign-function list (Unicode 5.2 set), https://mjn.host.cs.st-andrews.ac.uk/egyptian/unicode/ — used under his written grant of 2026-09-04; published here CC BY 4.0"
𓅏,G13,U+1314F,logogram,^ḥr,Horus,,,"Mark-Jan Nederhof, sign-function list (Unicode 5.2 set), https://mjn.host.cs.st-andrews.ac.uk/egyptian/unicode/ — used under his written grant of 2026-09-04; published here CC BY 4.0"
𓅏,G13,U+1314F,determinative,^spdw,Sopdu,,,"Mark-Jan Nederhof, sign-function list (Unicode 5.2 set), https://mjn.host.cs.st-andrews.ac.uk/egyptian/unicode/ — used under his written grant of 2026-09-04; published here CC BY 4.0"
𓅐,G14,U+13150,logogram or determinative,nrt,vulture,,root=nr,"Mark-Jan Nederhof, sign-function list (Unicode 5.2 set), https://mjn.host.cs.st-andrews.ac.uk/egyptian/unicode/ — used under his written grant of 2026-09-04; published here CC BY 4.0"
𓅐,G14,U+13150,phonetic determinative,nr,,,,"Mark-Jan Nederhof, sign-function list (Unicode 5.2 set), https://mjn.host.cs.st-andrews.ac.uk/egyptian/unicode/ — used under his written grant of 2026-09-04; published here CC BY 4.0"
𓅐,G14,U+13150,phonogram,mwt,,,,"Mark-Jan Nederhof, sign-function list (Unicode 5.2 set), https://mjn.host.cs.st-andrews.ac.uk/egyptian/unicode/ — used under his written grant of 2026-09-04; published here CC BY 4.0"
𓅐,G14,U+13150,phonogram,mt,,,,"Mark-Jan Nederhof, sign-function list (Unicode 5.2 set), https://mjn.host.cs.st-andrews.ac.uk/egyptian/unicode/ — used under his written grant of 2026-09-04; published here CC BY 4.0"
𓅑,G15,U+13151,logogram,^mwt,Mut,,,"Mark-Jan Nederhof, sign-function list (Unicode 5.2 set), https://mjn.host.cs.st-andrews.ac.uk/egyptian/unicode/ — used under his written grant of 2026-09-04; published here CC BY 4.0"
𓅒,G16,U+13152,logogram,nbtꞽ,Two Ladies,,,"Mark-Jan Nederhof, sign-function list (Unicode 5.2 set), https://mjn.host.cs.st-andrews.ac.uk/egyptian/unicode/ — used under his written grant of 2026-09-04; published here CC BY 4.0"
𓅓,G17,U+13153,phonogram,m,,,,"Mark-Jan Nederhof, sign-function list (Unicode 5.2 set), https://mjn.host.cs.st-andrews.ac.uk/egyptian/unicode/ — used under his written grant of 2026-09-04; published here CC BY 4.0"
𓅔,G18,U+13154,phonogram,mm,,,,"Mark-Jan Nederhof, sign-function list (Unicode 5.2 set), https://mjn.host.cs.st-andrews.ac.uk/egyptian/unicode/ — used under his written grant of 2026-09-04; published here CC BY 4.0"
𓅔,G18,U+13154,logogram,ꞽm,therein,,period=18,"Mark-Jan Nederhof, sign-function list (Unicode 5.2 set), https://mjn.host.cs.st-andrews.ac.uk/egyptian/unicode/ — used under his written grant of 2026-09-04; published here CC BY 4.0"
𓅕,G19,U+13155,phonogram,m,,,,"Mark-Jan Nederhof, sign-function list (Unicode 5.2 set), https://mjn.host.cs.st-andrews.ac.uk/egyptian/unicode/ — used under his written grant of 2026-09-04; published here CC BY 4.0"
𓅕,G19,U+13155,phonogram,mꞽ,,,,"Mark-Jan Nederhof, sign-function list (Unicode 5.2 set), https://mjn.host.cs.st-andrews.ac.uk/egyptian/unicode/ — used under his written grant of 2026-09-04; published here CC BY 4.0"
𓅗,G20a,U+13157,phonogram,mr,,,,"Mark-Jan Nederhof, sign-function list (Unicode 5.2 set), https://mjn.host.cs.st-andrews.ac.uk/egyptian/unicode/ — used under his written grant of 2026-09-04; published here CC BY 4.0"
𓅘,G21,U+13158,logogram,nḥ,guinea-fowl,,,"Mark-Jan Nederhof, sign-function list (Unicode 5.2 set), https://mjn.host.cs.st-andrews.ac.uk/egyptian/unicode/ — used under his written grant of 2026-09-04; published here CC BY 4.0"
𓅘,G21,U+13158,phonogram,nḥ,,,,"Mark-Jan Nederhof, sign-function list (Unicode 5.2 set), https://mjn.host.cs.st-andrews.ac.uk/egyptian/unicode/ — used under his written grant of 2026-09-04; published here CC BY 4.0"
𓅙,G22,U+13159,phonogram,ḏb,,,,"Mark-Jan Nederhof, sign-function list (Unicode 5.2 set), https://mjn.host.cs.st-andrews.ac.uk/egyptian/unicode/ — used under his written grant of 2026-09-04; published here CC BY 4.0"
𓅚,G23,U+1315A,logogram or determinative,rḫyt,common folk,,,"Mark-Jan Nederhof, sign-function list (Unicode 5.2 set), https://mjn.host.cs.st-andrews.ac.uk/egyptian/unicode/ — used under his written grant of 2026-09-04; published here CC BY 4.0"
𓅜,G25,U+1315C,logogram,ꜣḫ,spirit,,,"Mark-Jan Nederhof, sign-function list (Unicode 5.2 set), https://mjn.host.cs.st-andrews.ac.uk/egyptian/unicode/ — used under his written grant of 2026-09-04; published here CC BY 4.0"
𓅜,G25,U+1315C,phonogram,ꜣḫ,,,,"Mark-Jan Nederhof, sign-function list (Unicode 5.2 set), https://mjn.host.cs.st-andrews.ac.uk/egyptian/unicode/ — used under his written grant of 2026-09-04; published here CC BY 4.0"
𓅝,G26,U+1315D,logogram or determinative,hb,ibis,,,"Mark-Jan Nederhof, sign-function list (Unicode 5.2 set), https://mjn.host.cs.st-andrews.ac.uk/egyptian/unicode/ — used under his written grant of 2026-09-04; published here CC BY 4.0"
𓅝,G26,U+1315D,logogram or determinative,^ḏḥwtꞽ,Thoth,,root=ḏḥwt,"Mark-Jan Nederhof, sign-function list (Unicode 5.2 set), https://mjn.host.cs.st-andrews.ac.uk/egyptian/unicode/ — used under his written grant of 2026-09-04; published here CC BY 4.0"
𓅟,G27,U+1315F,logogram or determinative,dšr,flamingo,,,"Mark-Jan Nederhof, sign-function list (Unicode 5.2 set), https://mjn.host.cs.st-andrews.ac.uk/egyptian/unicode/ — used under his written grant of 2026-09-04; published here CC BY 4.0"
𓅟,G27,U+1315F,phonogram or phonetic determinative,dšr,,,,"Mark-Jan Nederhof, sign-function list (Unicode 5.2 set), https://mjn.host.cs.st-andrews.ac.uk/egyptian/unicode/ — used under his written grant of 2026-09-04; published here CC BY 4.0"
𓅠,G28,U+13160,phonogram,gm,,,,"Mark-Jan Nederhof, sign-function list (Unicode 5.2 set), https://mjn.host.cs.st-andrews.ac.uk/egyptian/unicode/ — used under his written grant of 2026-09-04; published here CC BY 4.0"
𓅡,G29,U+13161,logogram,bꜣ,soul,,,"Mark-Jan Nederhof, sign-function list (Unicode 5.2 set), https://mjn.host.cs.st-andrews.ac.uk/egyptian/unicode/ — used under his written grant of 2026-09-04; published here CC BY 4.0"
𓅡,G29,U+13161,phonogram,bꜣ,,,,"Mark-Jan Nederhof, sign-function list (Unicode 5.2 set), https://mjn.host.cs.st-andrews.ac.uk/egyptian/unicode/ — used under his written grant of 2026-09-04; published here CC BY 4.0"
𓅡,G29,U+13161,phonogram,b,,"insert[te](G29,Z1)",,"Mark-Jan Nederhof, sign-function list (Unicode 5.2 set), https://mjn.host.cs.st-andrews.ac.uk/egyptian/unicode/ — used under his written grant of 2026-09-04; published here CC BY 4.0"
𓅢,G30,U+13162,logogram,bꜣw,might,,,"Mark-Jan Nederhof, sign-function list (Unicode 5.2 set), https://mjn.host.cs.st-andrews.ac.uk/egyptian/unicode/ — used under his written grant of 2026-09-04; published here CC BY 4.0"
𓅣,G31,U+13163,logogram or determinative,bnw,phoenix,,,"Mark-Jan Nederhof, sign-function list (Unicode 5.2 set), https://mjn.host.cs.st-andrews.ac.uk/egyptian/unicode/ — used under his written grant of 2026-09-04; published here CC BY 4.0"
𓅣,G31,U+13163,logogram or determinative,šntꞽ,heron,,,"Mark-Jan Nederhof, sign-function list (Unicode 5.2 set), https://mjn.host.cs.st-andrews.ac.uk/egyptian/unicode/ — used under his written grant of 2026-09-04; published here CC BY 4.0"
𓅤,G32,U+13164,logogram or determinative,bꜥḥ,inundated,,,"Mark-Jan Nederhof, sign-function list (Unicode 5.2 set), https://mjn.host.cs.st-andrews.ac.uk/egyptian/unicode/ — used under his written grant of 2026-09-04; published here CC BY 4.0"
𓅥,G33,U+13165,logogram or determinative,sdꜣ,egret,,,"Mark-Jan Nederhof, sign-function list (Unicode 5.2 set), https://mjn.host.cs.st-andrews.ac.uk/egyptian/unicode/ — used under his written grant of 2026-09-04; published here CC BY 4.0"
𓅥,G33,U+13165,phonetic determinative,sdꜣ,,,,"Mark-Jan Nederhof, sign-function list (Unicode 5.2 set), https://mjn.host.cs.st-andrews.ac.uk/egyptian/unicode/ — used under his written grant of 2026-09-04; published here CC BY 4.0"
𓅦,G34,U+13166,logogram or determinative,nꞽw,ostrich,,,"Mark-Jan Nederhof, sign-function list (Unicode 5.2 set), https://mjn.host.cs.st-andrews.ac.uk/egyptian/unicode/ — used under his written grant of 2026-09-04; published here CC BY 4.0"
𓅧,G35,U+13167,phonogram,ꜥq,,,,"Mark-Jan Nederhof, sign-function list (Unicode 5.2 set), https://mjn.host.cs.st-andrews.ac.uk/egyptian/unicode/ — used under his written grant of 2026-09-04; published here CC BY 4.0"
𓅨,G36,U+13168,phonogram,wr,,,,"Mark-Jan Nederhof, sign-function list (Unicode 5.2 set), https://mjn.host.cs.st-andrews.ac.uk/egyptian/unicode/ — used under his written grant of 2026-09-04; published here CC BY 4.0"
𓅨,G36,U+13168,logogram or determinative,mnt,swallow,,root=mn,"Mark-Jan Nederhof, sign-function list (Unicode 5.2 set), https://mjn.host.cs.st-andrews.ac.uk/egyptian/unicode/ — used under his written grant of 2026-09-04; published here CC BY 4.0"
𓅪,G37,U+1316A,logogram or determinative,nḏs,small,,,"Mark-Jan Nederhof, sign-function list (Unicode 5.2 set), https://mjn.host.cs.st-andrews.ac.uk/egyptian/unicode/ — used under his written grant of 2026-09-04; published here CC BY 4.0"
𓅪,G37,U+1316A,determinative,,"small, bad, defective",,,"Mark-Jan Nederhof, sign-function list (Unicode 5.2 set), https://mjn.host.cs.st-andrews.ac.uk/egyptian/unicode/ — used under his written grant of 2026-09-04; published here CC BY 4.0"
𓅬,G38,U+1316C,logogram or determinative,gb,white-fronted goose,,,"Mark-Jan Nederhof, sign-function list (Unicode 5.2 set), https://mjn.host.cs.st-andrews.ac.uk/egyptian/unicode/ — used under his written grant of 2026-09-04; published here CC BY 4.0"
𓅬,G38,U+1316C,determinative,,goose,,,"Mark-Jan Nederhof, sign-function list (Unicode 5.2 set), https://mjn.host.cs.st-andrews.ac.uk/egyptian/unicode/ — used under his written grant of 2026-09-04; published here CC BY 4.0"
𓅬,G38,U+1316C,phonogram,gb,,,,"Mark-Jan Nederhof, sign-function list (Unicode 5.2 set), https://mjn.host.cs.st-andrews.ac.uk/egyptian/unicode/ — used under his written grant of 2026-09-04; published here CC BY 4.0"
𓅬,G38,U+1316C,phonetic determinative,wfꜣ,,,,"Mark-Jan Nederhof, sign-function list (Unicode 5.2 set), https://mjn.host.cs.st-andrews.ac.uk/egyptian/unicode/ — used under his written grant of 2026-09-04; published here CC BY 4.0"
𓅬,G38,U+1316C,phonetic determinative,wsf,,,,"Mark-Jan Nederhof, sign-function list (Unicode 5.2 set), https://mjn.host.cs.st-andrews.ac.uk/egyptian/unicode/ — used under his written grant of 2026-09-04; published here CC BY 4.0"
𓅬,G38,U+1316C,phonetic determinative,wdf,,,,"Mark-Jan Nederhof, sign-function list (Unicode 5.2 set), https://mjn.host.cs.st-andrews.ac.uk/egyptian/unicode/ — used under his written grant of 2026-09-04; published here CC BY 4.0"
𓅬,G38,U+1316C,phonetic determinative,ḥtm,,,,"Mark-Jan Nederhof, sign-function list (Unicode 5.2 set), https://mjn.host.cs.st-andrews.ac.uk/egyptian/unicode/ — used under his written grant of 2026-09-04; published here CC BY 4.0"
𓅬,G38,U+1316C,determinative,,"(any) bird, flying insect",,texttype=hieratic,"Mark-Jan Nederhof, sign-function list (Unicode 5.2 set), https://mjn.host.cs.st-andrews.ac.uk/egyptian/unicode/ — used under his written grant of 2026-09-04; published here CC BY 4.0"
𓅭,G39,U+1316D,logogram or determinative,st,pintail,,root=s,"Mark-Jan Nederhof, sign-function list (Unicode 5.2 set), https://mjn.host.cs.st-andrews.ac.uk/egyptian/unicode/ — used under his written grant of 2026-09-04; published here CC BY 4.0"
𓅭,G39,U+1316D,phonogram,sꜣ,,,,"Mark-Jan Nederhof, sign-function list (Unicode 5.2 set), https://mjn.host.cs.st-andrews.ac.uk/egyptian/unicode/ — used under his written grant of 2026-09-04; published here CC BY 4.0"
𓅮,G40,U+1316E,logogram,pꜣ,fly,,,"Mark-Jan Nederhof, sign-function list (Unicode 5.2 set), https://mjn.host.cs.st-andrews.ac.uk/egyptian/unicode/ — used under his written grant of 2026-09-04; published here CC BY 4.0"
𓅮,G40,U+1316E,phonogram,pꜣ,,,,"Mark-Jan Nederhof, sign-function list (Unicode 5.2 set), https://mjn.host.cs.st-andrews.ac.uk/egyptian/unicode/ — used under his written grant of 2026-09-04; published here CC BY 4.0"
𓅮,G40,U+1316E,phonogram,p,,G40,,"Mark-Jan Nederhof, sign-function list (Unicode 5.2 set), https://mjn.host.cs.st-andrews.ac.uk/egyptian/unicode/ — used under his written grant of 2026-09-04; published here CC BY 4.0"
𓅯,G41,U+1316F,determinative,ḫnꞽ,alight,,,"Mark-Jan Nederhof, sign-function list (Unicode 5.2 set), https://mjn.host.cs.st-andrews.ac.uk/egyptian/unicode/ — used under his written grant of 2026-09-04; published here CC BY 4.0"
𓅯,G41,U+1316F,phonetic determinative,ḫn,,,,"Mark-Jan Nederhof, sign-function list (Unicode 5.2 set), https://mjn.host.cs.st-andrews.ac.uk/egyptian/unicode/ — used under his written grant of 2026-09-04; published here CC BY 4.0"
𓅯,G41,U+1316F,phonogram,qmꞽ,,,,"Mark-Jan Nederhof, sign-function list (Unicode 5.2 set), https://mjn.host.cs.st-andrews.ac.uk/egyptian/unicode/ — used under his written grant of 2026-09-04; published here CC BY 4.0"
𓅯,G41,U+1316F,phonetic determinative,qmꞽ,,,,"Mark-Jan Nederhof, sign-function list (Unicode 5.2 set), https://mjn.host.cs.st-andrews.ac.uk/egyptian/unicode/ — used under his written grant of 2026-09-04; published here CC BY 4.0"
𓅯,G41,U+1316F,phonetic determinative,sḥw,,,,"Mark-Jan Nederhof, sign-function list (Unicode 5.2 set), https://mjn.host.cs.st-andrews.ac.uk/egyptian/unicode/ — used under his written grant of 2026-09-04; published here CC BY 4.0"
𓅯,G41,U+1316F,phonetic determinative,qmꜣ,,T14*[sep=0.2]G41,,"Mark-Jan Nederhof, sign-function list (Unicode 5.2 set), https://mjn.host.cs.st-andrews.ac.uk/egyptian/unicode/ — used under his written grant of 2026-09-04; published here CC BY 4.0"
𓅯,G41,U+1316F,phonetic determinative,ṯn,,T14*[sep=0.2]G41,,"Mark-Jan Nederhof, sign-function list (Unicode 5.2 set), https://mjn.host.cs.st-andrews.ac.uk/egyptian/unicode/ — used under his written grant of 2026-09-04; published here CC BY 4.0"
𓅯,G41,U+1316F,phonogram,p,,G41-G1,texttype=hieratic,"Mark-Jan Nederhof, sign-function list (Unicode 5.2 set), https://mjn.host.cs.st-andrews.ac.uk/egyptian/unicode/ — used under his written grant of 2026-09-04; published here CC BY 4.0"
𓅯,G41,U+1316F,determinative,,"(any) bird, flying insect",,texttype=hieratic,"Mark-Jan Nederhof, sign-function list (Unicode 5.2 set), https://mjn.host.cs.st-andrews.ac.uk/egyptian/unicode/ — used under his written grant of 2026-09-04; published here CC BY 4.0"
𓅰,G42,U+13170,logogram or determinative,wšꜣ,fatten,,,"Mark-Jan Nederhof, sign-function list (Unicode 5.2 set), https://mjn.host.cs.st-andrews.ac.uk/egyptian/unicode/ — used under his written grant of 2026-09-04; published here CC BY 4.0"
𓅰,G42,U+13170,determinative,ḏfꜣ,provisions,,,"Mark-Jan Nederhof, sign-function list (Unicode 5.2 set), https://mjn.host.cs.st-andrews.ac.uk/egyptian/unicode/ — used under his written grant of 2026-09-04; published here CC BY 4.0"
𓅱,G43,U+13171,phonogram,w,,,,"Mark-Jan Nederhof, sign-function list (Unicode 5.2 set), https://mjn.host.cs.st-andrews.ac.uk/egyptian/unicode/ — used under his written grant of 2026-09-04; published here CC BY 4.0"
𓅲,G43a,U+13172,phonogram,tw,,,,"Mark-Jan Nederhof, sign-function list (Unicode 5.2 set), https://mjn.host.cs.st-andrews.ac.uk/egyptian/unicode/ — used under his written grant of 2026-09-04; published here CC BY 4.0"
𓅲,G43a,U+13172,phonogram,wt,,,,"Mark-Jan Nederhof, sign-function list (Unicode 5.2 set), https://mjn.host.cs.st-andrews.ac.uk/egyptian/unicode/ — used under his written grant of 2026-09-04; published here CC BY 4.0"
𓅳,G44,U+13173,phonogram,ww,,,,"Mark-Jan Nederhof, sign-function list (Unicode 5.2 set), https://mjn.host.cs.st-andrews.ac.uk/egyptian/unicode/ — used under his written grant of 2026-09-04; published here CC BY 4.0"
𓅴,G45,U+13174,phonogram,wꜥ,,,,"Mark-Jan Nederhof, sign-function list (Unicode 5.2 set), https://mjn.host.cs.st-andrews.ac.uk/egyptian/unicode/ — used under his written grant of 2026-09-04; published here CC BY 4.0"
𓅵,G45a,U+13175,phonogram,ḏꞽ{w},,,,"Mark-Jan Nederhof, sign-function list (Unicode 5.2 set), https://mjn.host.cs.st-andrews.ac.uk/egyptian/unicode/ — used under his written grant of 2026-09-04; published here CC BY 4.0"
𓅵,G45a,U+13175,phonogram,mꞽ{w},,,,"Mark-Jan Nederhof, sign-function list (Unicode 5.2 set), https://mjn.host.cs.st-andrews.ac.uk/egyptian/unicode/ — used under his written grant of 2026-09-04; published here CC BY 4.0"
𓅶,G46,U+13176,phonogram,mꜣw,,,,"Mark-Jan Nederhof, sign-function list (Unicode 5.2 set), https://mjn.host.cs.st-andrews.ac.uk/egyptian/unicode/ — used under his written grant of 2026-09-04; published here CC BY 4.0"
𓅷,G47,U+13177,logogram,ṯꜣ,nestling,,,"Mark-Jan Nederhof, sign-function list (Unicode 5.2 set), https://mjn.host.cs.st-andrews.ac.uk/egyptian/unicode/ — used under his written grant of 2026-09-04; published here CC BY 4.0"
𓅷,G47,U+13177,phonogram,ṯꜣ,,,,"Mark-Jan Nederhof, sign-function list (Unicode 5.2 set), https://mjn.host.cs.st-andrews.ac.uk/egyptian/unicode/ — used under his written grant of 2026-09-04; published here CC BY 4.0"
𓅷,G47,U+13177,phonogram,ṯ,,"insert[te](G47,Z1)",,"Mark-Jan Nederhof, sign-function list (Unicode 5.2 set), https://mjn.host.cs.st-andrews.ac.uk/egyptian/unicode/ — used under his written grant of 2026-09-04; published here CC BY 4.0"
𓅸,G48,U+13178,logogram or determinative,sš,nest,,,"Mark-Jan Nederhof, sign-function list (Unicode 5.2 set), https://mjn.host.cs.st-andrews.ac.uk/egyptian/unicode/ — used under his written grant of 2026-09-04; published here CC BY 4.0"
𓅹,G49,U+13179,logogram or determinative,sš,nest,,,"Mark-Jan Nederhof, sign-function list (Unicode 5.2 set), https://mjn.host.cs.st-andrews.ac.uk/egyptian/unicode/ — used under his written grant of 2026-09-04; published here CC BY 4.0"
𓅺,G50,U+1317A,logogram,rḫtꞽ,washerman,,root=rḫt,"Mark-Jan Nederhof, sign-function list (Unicode 5.2 set), https://mjn.host.cs.st-andrews.ac.uk/egyptian/unicode/ — used under his written grant of 2026-09-04; published here CC BY 4.0"
𓅻,G51,U+1317B,determinative,ḥꜣm,catch fish,,,"Mark-Jan Nederhof, sign-function list (Unicode 5.2 set), https://mjn.host.cs.st-andrews.ac.uk/egyptian/unicode/ — used under his written grant of 2026-09-04; published here CC BY 4.0"
𓅼,G52,U+1317C,determinative,snm,feed,,,"Mark-Jan Nederhof, sign-function list (Unicode 5.2 set), https://mjn.host.cs.st-andrews.ac.uk/egyptian/unicode/ — used under his written grant of 2026-09-04; published here CC BY 4.0"
𓅽,G53,U+1317D,logogram,bꜣ,soul,,,"Mark-Jan Nederhof, sign-function list (Unicode 5.2 set), https://mjn.host.cs.st-andrews.ac.uk/egyptian/unicode/ — used under his written grant of 2026-09-04; published here CC BY 4.0"
𓅾,G54,U+1317E,determinative,wšn,wring neck (of bird),,,"Mark-Jan Nederhof, sign-function list (Unicode 5.2 set), https://mjn.host.cs.st-andrews.ac.uk/egyptian/unicode/ — used under his written grant of 2026-09-04; published here CC BY 4.0"
𓅾,G54,U+1317E,phonogram or phonetic determinative,snḏ,,,,"Mark-Jan Nederhof, sign-function list (Unicode 5.2 set), https://mjn.host.cs.st-andrews.ac.uk/egyptian/unicode/ — used under his written grant of 2026-09-04; published here CC BY 4.0"
𓅿,H1,U+1317F,logogram,ꜣpdw,fowl,,root=ꜣpd,"Mark-Jan Nederhof, sign-function list (Unicode 5.2 set), https://mjn.host.cs.st-andrews.ac.uk/egyptian/unicode/ — used under his written grant of 2026-09-04; published here CC BY 4.0"
𓅿,H1,U+1317F,determinative,wšn,wring neck (of bird),,,"Mark-Jan Nederhof, sign-function list (Unicode 5.2 set), https://mjn.host.cs.st-andrews.ac.uk/egyptian/unicode/ — used under his written grant of 2026-09-04; published here CC BY 4.0"
𓆀,H2,U+13180,phonetic determinative,mꜣꜥ,,,,"Mark-Jan Nederhof, sign-function list (Unicode 5.2 set), https://mjn.host.cs.st-andrews.ac.uk/egyptian/unicode/ — used under his written grant of 2026-09-04; published here CC BY 4.0"
𓆀,H2,U+13180,phonogram or phonetic determinative,wšm,,,,"Mark-Jan Nederhof, sign-function list (Unicode 5.2 set), https://mjn.host.cs.st-andrews.ac.uk/egyptian/unicode/ — used under his written grant of 2026-09-04; published here CC BY 4.0"
𓆁,H3,U+13181,phonogram or phonetic determinative,pꜣq,,,,"Mark-Jan Nederhof, sign-function list (Unicode 5.2 set), https://mjn.host.cs.st-andrews.ac.uk/egyptian/unicode/ — used under his written grant of 2026-09-04; published here CC BY 4.0"
𓆂,H4,U+13182,phonetic determinative,nr,,,,"Mark-Jan Nederhof, sign-function list (Unicode 5.2 set), https://mjn.host.cs.st-andrews.ac.uk/egyptian/unicode/ — used under his written grant of 2026-09-04; published here CC BY 4.0"
𓆂,H4,U+13182,phonogram,rm,,,period=18-,"Mark-Jan Nederhof, sign-function list (Unicode 5.2 set), https://mjn.host.cs.st-andrews.ac.uk/egyptian/unicode/ — used under his written grant of 2026-09-04; published here CC BY 4.0"
𓆃,H5,U+13183,determinative,,"wing, fly",,,"Mark-Jan Nederhof, sign-function list (Unicode 5.2 set), https://mjn.host.cs.st-andrews.ac.uk/egyptian/unicode/ — used under his written grant of 2026-09-04; published here CC BY 4.0"
𓆄,H6,U+13184,logogram or determinative,šwt,feather,,root=šw,"Mark-Jan Nederhof, sign-function list (Unicode 5.2 set), https://mjn.host.cs.st-andrews.ac.uk/egyptian/unicode/ — used under his written grant of 2026-09-04; published here CC BY 4.0"
𓆄,H6,U+13184,phonogram,šw,,,,"Mark-Jan Nederhof, sign-function list (Unicode 5.2 set), https://mjn.host.cs.st-andrews.ac.uk/egyptian/unicode/ — used under his written grant of 2026-09-04; published here CC BY 4.0"
𓆄,H6,U+13184,logogram or determinative,mꜣꜥt,truth,,,"Mark-Jan Nederhof, sign-function list (Unicode 5.2 set), https://mjn.host.cs.st-andrews.ac.uk/egyptian/unicode/ — used under his written grant of 2026-09-04; published here CC BY 4.0"
𓆆,H7,U+13186,phonogram,šꜣ,,,,"Mark-Jan Nederhof, sign-function list (Unicode 5.2 set), https://mjn.host.cs.st-andrews.ac.uk/egyptian/unicode/ — used under his written grant of 2026-09-04; published here CC BY 4.0"
𓆇,H8,U+13187,determinative,swḥt,egg,,,"Mark-Jan Nederhof, sign-function list (Unicode 5.2 set), https://mjn.host.cs.st-andrews.ac.uk/egyptian/unicode/ — used under his written grant of 2026-09-04; published here CC BY 4.0"
𓆇,H8,U+13187,logogram,sꜣ,son,,,"Mark-Jan Nederhof, sign-function list (Unicode 5.2 set), https://mjn.host.cs.st-andrews.ac.uk/egyptian/unicode/ — used under his written grant of 2026-09-04; published here CC BY 4.0"
𓆇,H8,U+13187,determinative,pꜥt,patricians,,,"Mark-Jan Nederhof, sign-function list (Unicode 5.2 set), https://mjn.host.cs.st-andrews.ac.uk/egyptian/unicode/ — used under his written grant of 2026-09-04; published here CC BY 4.0"
𓆈,I1,U+13188,logogram or determinative,ḥntꜣsw,lizard,,,"Mark-Jan Nederhof, sign-function list (Unicode 5.2 set), https://mjn.host.cs.st-andrews.ac.uk/egyptian/unicode/ — used under his written grant of 2026-09-04; published here CC BY 4.0"
𓆈,I1,U+13188,logogram or determinative,ꜥšꜣ,gecko,,,"Mark-Jan Nederhof, sign-function list (Unicode 5.2 set), https://mjn.host.cs.st-andrews.ac.uk/egyptian/unicode/ — used under his written grant of 2026-09-04; published here CC BY 4.0"
𓆈,I1,U+13188,phonogram,ꜥšꜣ,,,,"Mark-Jan Nederhof, sign-function list (Unicode 5.2 set), https://mjn.host.cs.st-andrews.ac.uk/egyptian/unicode/ — used under his written grant of 2026-09-04; published here CC BY 4.0"
𓆉,I2,U+13189,logogram or determinative,štw,turtle,,,"Mark-Jan Nederhof, sign-function list (Unicode 5.2 set), https://mjn.host.cs.st-andrews.ac.uk/egyptian/unicode/ — used under his written grant of 2026-09-04; published here CC BY 4.0"
𓆊,I3,U+1318A,logogram or determinative,msḥ,crocodile,,,"Mark-Jan Nederhof, sign-function list (Unicode 5.2 set), https://mjn.host.cs.st-andrews.ac.uk/egyptian/unicode/ — used under his written grant of 2026-09-04; published here CC BY 4.0"
𓆊,I3,U+1318A,logogram or determinative,ḫntꞽ,crocodile,,,"Mark-Jan Nederhof, sign-function list (Unicode 5.2 set), https://mjn.host.cs.st-andrews.ac.uk/egyptian/unicode/ — used under his written grant of 2026-09-04; published here CC BY 4.0"
𓆊,I3,U+1318A,determinative,,greedy,,,"Mark-Jan Nederhof, sign-function list (Unicode 5.2 set), https://mjn.host.cs.st-andrews.ac.uk/egyptian/unicode/ — used under his written grant of 2026-09-04; published here CC BY 4.0"
𓆊,I3,U+1318A,determinative,,agression,,,"Mark-Jan Nederhof, sign-function list (Unicode 5.2 set), https://mjn.host.cs.st-andrews.ac.uk/egyptian/unicode/ — used under his written grant of 2026-09-04; published here CC BY 4.0"
𓆊,I3,U+1318A,logogram,ꞽty,sovereign,I3:I3,,"Mark-Jan Nederhof, sign-function list (Unicode 5.2 set), https://mjn.host.cs.st-andrews.ac.uk/egyptian/unicode/ — used under his written grant of 2026-09-04; published here CC BY 4.0"
𓆋,I4,U+1318B,logogram or determinative,^sbk,Sobek,,,"Mark-Jan Nederhof, sign-function list (Unicode 5.2 set), https://mjn.host.cs.st-andrews.ac.uk/egyptian/unicode/ — used under his written grant of 2026-09-04; published here CC BY 4.0"
𓆌,I5,U+1318C,logogram or determinative,sꜣq,gather,,,"Mark-Jan Nederhof, sign-function list (Unicode 5.2 set), https://mjn.host.cs.st-andrews.ac.uk/egyptian/unicode/ — used under his written grant of 2026-09-04; published here CC BY 4.0"
𓆎,I6,U+1318E,phonogram,km,,,,"Mark-Jan Nederhof, sign-function list (Unicode 5.2 set), https://mjn.host.cs.st-andrews.ac.uk/egyptian/unicode/ — used under his written grant of 2026-09-04; published here CC BY 4.0"
𓆏,I7,U+1318F,determinative,,frog,,,"Mark-Jan Nederhof, sign-function list (Unicode 5.2 set), https://mjn.host.cs.st-andrews.ac.uk/egyptian/unicode/ — used under his written grant of 2026-09-04; published here CC BY 4.0"
𓆏,I7,U+1318F,logogram,wḥm-ꜥnḫ,repeating life,,period=18-,"Mark-Jan Nederhof, sign-function list (Unicode 5.2 set), https://mjn.host.cs.st-andrews.ac.uk/egyptian/unicode/ — used under his written grant of 2026-09-04; published here CC BY 4.0"
𓆐,I8,U+13190,logogram,ḥfnr,tadpole,,,"Mark-Jan Nederhof, sign-function list (Unicode 5.2 set), https://mjn.host.cs.st-andrews.ac.uk/egyptian/unicode/ — used under his written grant of 2026-09-04; published here CC BY 4.0"
𓆐,I8,U+13190,logogram,ḥfn,100000,,numeral=100000,"Mark-Jan Nederhof, sign-function list (Unicode 5.2 set), https://mjn.host.cs.st-andrews.ac.uk/egyptian/unicode/ — used under his written grant of 2026-09-04; published here CC BY 4.0"
𓆑,I9,U+13191,phonogram,f,,,,"Mark-Jan Nederhof, sign-function list (Unicode 5.2 set), https://mjn.host.cs.st-andrews.ac.uk/egyptian/unicode/ — used under his written grant of 2026-09-04; published here CC BY 4.0"
𓆑,I9,U+13191,determinative,ꞽt,father,,,"Mark-Jan Nederhof, sign-function list (Unicode 5.2 set), https://mjn.host.cs.st-andrews.ac.uk/egyptian/unicode/ — used under his written grant of 2026-09-04; published here CC BY 4.0"
𓆒,I9a,U+13192,logogram,prꞽ,go out,,root=pr,"Mark-Jan Nederhof, sign-function list (Unicode 5.2 set), https://mjn.host.cs.st-andrews.ac.uk/egyptian/unicode/ — used under his written grant of 2026-09-04; published here CC BY 4.0"
𓆓,I10,U+13193,logogram,ḏt,cobra,,root=ḏ,"Mark-Jan Nederhof, sign-function list (Unicode 5.2 set), https://mjn.host.cs.st-andrews.ac.uk/egyptian/unicode/ — used under his written grant of 2026-09-04; published here CC BY 4.0"
𓆓,I10,U+13193,phonogram,ḏ,,,,"Mark-Jan Nederhof, sign-function list (Unicode 5.2 set), https://mjn.host.cs.st-andrews.ac.uk/egyptian/unicode/ — used under his written grant of 2026-09-04; published here CC BY 4.0"
𓆔,I10a,U+13194,logogram or determinative,^wꜣḏyt,Wadjit (tenth nome of Upper Egypt),,,"Mark-Jan Nederhof, sign-function list (Unicode 5.2 set), https://mjn.host.cs.st-andrews.ac.uk/egyptian/unicode/ — used under his written grant of 2026-09-04; published here CC BY 4.0"
𓆕,I11,U+13195,phonogram,ḏḏ,,,,"Mark-Jan Nederhof, sign-function list (Unicode 5.2 set), https://mjn.host.cs.st-andrews.ac.uk/egyptian/unicode/ — used under his written grant of 2026-09-04; published here CC BY 4.0"
𓆖,I11a,U+13196,logogram,ḏt,eternity,,,"Mark-Jan Nederhof, sign-function list (Unicode 5.2 set), https://mjn.host.cs.st-andrews.ac.uk/egyptian/unicode/ — used under his written grant of 2026-09-04; published here CC BY 4.0"
𓆗,I12,U+13197,determinative,ꞽꜥrt,uraeus,,,"Mark-Jan Nederhof, sign-function list (Unicode 5.2 set), https://mjn.host.cs.st-andrews.ac.uk/egyptian/unicode/ — used under his written grant of 2026-09-04; published here CC BY 4.0"
𓆗,I12,U+13197,determinative,,goddess,,,"Mark-Jan Nederhof, sign-function list (Unicode 5.2 set), https://mjn.host.cs.st-andrews.ac.uk/egyptian/unicode/ — used under his written grant of 2026-09-04; published here CC BY 4.0"
𓆘,I13,U+13198,determinative,,goddess,,,"Mark-Jan Nederhof, sign-function list (Unicode 5.2 set), https://mjn.host.cs.st-andrews.ac.uk/egyptian/unicode/ — used under his written grant of 2026-09-04; published here CC BY 4.0"
𓆙,I14,U+13199,determinative,,snake,,,"Mark-Jan Nederhof, sign-function list (Unicode 5.2 set), https://mjn.host.cs.st-andrews.ac.uk/egyptian/unicode/ — used under his written grant of 2026-09-04; published here CC BY 4.0"
𓆛,K1,U+1319B,logogram or determinative,ꞽnt,tilapia,,root=ꞽn,"Mark-Jan Nederhof, sign-function list (Unicode 5.2 set), https://mjn.host.cs.st-andrews.ac.uk/egyptian/unicode/ — used under his written grant of 2026-09-04; published here CC BY 4.0"
𓆛,K1,U+1319B,phonogram,ꞽn,,,,"Mark-Jan Nederhof, sign-function list (Unicode 5.2 set), https://mjn.host.cs.st-andrews.ac.uk/egyptian/unicode/ — used under his written grant of 2026-09-04; published here CC BY 4.0"
𓆜,K2,U+1319C,phonetic determinative,bw,,,,"Mark-Jan Nederhof, sign-function list (Unicode 5.2 set), https://mjn.host.cs.st-andrews.ac.uk/egyptian/unicode/ — used under his written grant of 2026-09-04; published here CC BY 4.0"
𓆝,K3,U+1319D,logogram or determinative,ꜥḏw,mullet,,,"Mark-Jan Nederhof, sign-function list (Unicode 5.2 set), https://mjn.host.cs.st-andrews.ac.uk/egyptian/unicode/ — used under his written grant of 2026-09-04; published here CC BY 4.0"
𓆝,K3,U+1319D,phonogram,ꜥḏ,,,,"Mark-Jan Nederhof, sign-function list (Unicode 5.2 set), https://mjn.host.cs.st-andrews.ac.uk/egyptian/unicode/ — used under his written grant of 2026-09-04; published here CC BY 4.0"
𓆞,K4,U+1319E,logogram,ẖꜣt,elephant-snout fish,,root=ẖꜣ,"Mark-Jan Nederhof, sign-function list (Unicode 5.2 set), https://mjn.host.cs.st-andrews.ac.uk/egyptian/unicode/ — used under his written grant of 2026-09-04; published here CC BY 4.0"
𓆞,K4,U+1319E,phonogram,ẖꜣ,,,,"Mark-Jan Nederhof, sign-function list (Unicode 5.2 set), https://mjn.host.cs.st-andrews.ac.uk/egyptian/unicode/ — used under his written grant of 2026-09-04; published here CC BY 4.0"
𓆟,K5,U+1319F,phonetic determinative,bs,,,,"Mark-Jan Nederhof, sign-function list (Unicode 5.2 set), https://mjn.host.cs.st-andrews.ac.uk/egyptian/unicode/ — used under his written grant of 2026-09-04; published here CC BY 4.0"
𓆟,K5,U+1319F,determinative,,fish,,,"Mark-Jan Nederhof, sign-function list (Unicode 5.2 set), https://mjn.host.cs.st-andrews.ac.uk/egyptian/unicode/ — used under his written grant of 2026-09-04; published here CC BY 4.0"
𓆠,K6,U+131A0,logogram or determinative,nšmt,fish scale,,root=nšm,"Mark-Jan Nederhof, sign-function list (Unicode 5.2 set), https://mjn.host.cs.st-andrews.ac.uk/egyptian/unicode/ — used under his written grant of 2026-09-04; published here CC BY 4.0"
𓆡,K7,U+131A1,determinative,špt,discontented,,,"Mark-Jan Nederhof, sign-function list (Unicode 5.2 set), https://mjn.host.cs.st-andrews.ac.uk/egyptian/unicode/ — used under his written grant of 2026-09-04; published here CC BY 4.0"
𓆢,K8,U+131A2,logogram or determinative,nꜥr,catfish,,,"Mark-Jan Nederhof, sign-function list (Unicode 5.2 set), https://mjn.host.cs.st-andrews.ac.uk/egyptian/unicode/ — used under his written grant of 2026-09-04; published here CC BY 4.0"
𓆣,L1,U+131A3,logogram or determinative,ḫprr,dung beetle,,,"Mark-Jan Nederhof, sign-function list (Unicode 5.2 set), https://mjn.host.cs.st-andrews.ac.uk/egyptian/unicode/ — used under his written grant of 2026-09-04; published here CC BY 4.0"
𓆣,L1,U+131A3,phonogram,ḫpr,,,,"Mark-Jan Nederhof, sign-function list (Unicode 5.2 set), https://mjn.host.cs.st-andrews.ac.uk/egyptian/unicode/ — used under his written grant of 2026-09-04; published here CC BY 4.0"
𓆤,L2,U+131A4,logogram,bꞽt,bee,,,"Mark-Jan Nederhof, sign-function list (Unicode 5.2 set), https://mjn.host.cs.st-andrews.ac.uk/egyptian/unicode/ — used under his written grant of 2026-09-04; published here CC BY 4.0"
𓆤,L2,U+131A4,phonogram,bꞽt,,,,"Mark-Jan Nederhof, sign-function list (Unicode 5.2 set), https://mjn.host.cs.st-andrews.ac.uk/egyptian/unicode/ — used under his written grant of 2026-09-04; published here CC BY 4.0"
𓆥,L2a,U+131A5,logogram,nsw-bꞽtꞽ,king of Upper and Lower Egypt,,,"Mark-Jan Nederhof, sign-function list (Unicode 5.2 set), https://mjn.host.cs.st-andrews.ac.uk/egyptian/unicode/ — used under his written grant of 2026-09-04; published here CC BY 4.0"
𓆦,L3,U+131A6,logogram or determinative,ꜥff,fly (noun),,,"Mark-Jan Nederhof, sign-function list (Unicode 5.2 set), https://mjn.host.cs.st-andrews.ac.uk/egyptian/unicode/ — used under his written grant of 2026-09-04; published here CC BY 4.0"
𓆧,L4,U+131A7,logogram or determinative,snḥm,locust,,,"Mark-Jan Nederhof, sign-function list (Unicode 5.2 set), https://mjn.host.cs.st-andrews.ac.uk/egyptian/unicode/ — used under his written grant of 2026-09-04; published here CC BY 4.0"
𓆨,L5,U+131A8,logogram or determinative,spꜣ,centipede,,,"Mark-Jan Nederhof, sign-function list (Unicode 5.2 set), https://mjn.host.cs.st-andrews.ac.uk/egyptian/unicode/ — used under his written grant of 2026-09-04; published here CC BY 4.0"
𓆩,L6,U+131A9,phonogram,ḫꜣ,,,,"Mark-Jan Nederhof, sign-function list (Unicode 5.2 set), https://mjn.host.cs.st-andrews.ac.uk/egyptian/unicode/ — used under his written grant of 2026-09-04; published here CC BY 4.0"
𓆫,L7,U+131AB,logogram,^srqt,Selkis,,,"Mark-Jan Nederhof, sign-function list (Unicode 5.2 set), https://mjn.host.cs.st-andrews.ac.uk/egyptian/unicode/ — used under his written grant of 2026-09-04; published here CC BY 4.0"
𓆬,L8,U+131AC,phonogram,ꜥnḫ,,,certain=false,"Mark-Jan Nederhof, sign-function list (Unicode 5.2 set), https://mjn.host.cs.st-andrews.ac.uk/egyptian/unicode/ — used under his written grant of 2026-09-04; published here CC BY 4.0"
𓆭,M1,U+131AD,determinative,,tree,,,"Mark-Jan Nederhof, sign-function list (Unicode 5.2 set), https://mjn.host.cs.st-andrews.ac.uk/egyptian/unicode/ — used under his written grant of 2026-09-04; published here CC BY 4.0"
𓆭,M1,U+131AD,phonogram,ꞽꜣm,,,,"Mark-Jan Nederhof, sign-function list (Unicode 5.2 set), https://mjn.host.cs.st-andrews.ac.uk/egyptian/unicode/ — used under his written grant of 2026-09-04; published here CC BY 4.0"
𓆮,M1a,U+131AE,determinative,,tree,,,"Mark-Jan Nederhof, sign-function list (Unicode 5.2 set), https://mjn.host.cs.st-andrews.ac.uk/egyptian/unicode/ — used under his written grant of 2026-09-04; published here CC BY 4.0"
𓆯,M1b,U+131AF,logogram,^nḏft,Nedjfit,,,"Mark-Jan Nederhof, sign-function list (Unicode 5.2 set), https://mjn.host.cs.st-andrews.ac.uk/egyptian/unicode/ — used under his written grant of 2026-09-04; published here CC BY 4.0"
𓆰,M2,U+131B0,determinative,,"plant, flower",,,"Mark-Jan Nederhof, sign-function list (Unicode 5.2 set), https://mjn.host.cs.st-andrews.ac.uk/egyptian/unicode/ — used under his written grant of 2026-09-04; published here CC BY 4.0"
𓆰,M2,U+131B0,phonogram,ḥn,,,,"Mark-Jan Nederhof, sign-function list (Unicode 5.2 set), https://mjn.host.cs.st-andrews.ac.uk/egyptian/unicode/ — used under his written grant of 2026-09-04; published here CC BY 4.0"
𓆰,M2,U+131B0,phonetic determinative,ꞽs,,,,"Mark-Jan Nederhof, sign-function list (Unicode 5.2 set), https://mjn.host.cs.st-andrews.ac.uk/egyptian/unicode/ — used under his written grant of 2026-09-04; published here CC BY 4.0"
𓆰,M2,U+131B0,logogram,=ꞽ,I,,,"Mark-Jan Nederhof, sign-function list (Unicode 5.2 set), https://mjn.host.cs.st-andrews.ac.uk/egyptian/unicode/ — used under his written grant of 2026-09-04; published here CC BY 4.0"
𓆰,M2,U+131B0,determinative,s,man,,,"Mark-Jan Nederhof, sign-function list (Unicode 5.2 set), https://mjn.host.cs.st-andrews.ac.uk/egyptian/unicode/ — used under his written grant of 2026-09-04; published here CC BY 4.0"
𓆱,M3,U+131B1,logogram,ḫt,wood,,,"Mark-Jan Nederhof, sign-function list (Unicode 5.2 set), https://mjn.host.cs.st-andrews.ac.uk/egyptian/unicode/ — used under his written grant of 2026-09-04; published here CC BY 4.0"
𓆱,M3,U+131B1,phonogram,ḫt,,,,"Mark-Jan Nederhof, sign-function list (Unicode 5.2 set), https://mjn.host.cs.st-andrews.ac.uk/egyptian/unicode/ — used under his written grant of 2026-09-04; published here CC BY 4.0"
𓆱,M3,U+131B1,determinative,,wood,,,"Mark-Jan Nederhof, sign-function list (Unicode 5.2 set), https://mjn.host.cs.st-andrews.ac.uk/egyptian/unicode/ — used under his written grant of 2026-09-04; published here CC BY 4.0"
𓆱,M3,U+131B1,phonetic determinative,ḏꜥ,,,,"Mark-Jan Nederhof, sign-function list (Unicode 5.2 set), https://mjn.host.cs.st-andrews.ac.uk/egyptian/unicode/ — used under his written grant of 2026-09-04; published here CC BY 4.0"
𓆲,M3a,U+131B2,logogram,m-ḫt,after,,,"Mark-Jan Nederhof, sign-function list (Unicode 5.2 set), https://mjn.host.cs.st-andrews.ac.uk/egyptian/unicode/ — used under his written grant of 2026-09-04; published here CC BY 4.0"
𓆳,M4,U+131B3,determinative,rnpꞽ,young,,root=rnp,"Mark-Jan Nederhof, sign-function list (Unicode 5.2 set), https://mjn.host.cs.st-andrews.ac.uk/egyptian/unicode/ — used under his written grant of 2026-09-04; published here CC BY 4.0"
𓆳,M4,U+131B3,logogram or determinative,rnp,year,,,"Mark-Jan Nederhof, sign-function list (Unicode 5.2 set), https://mjn.host.cs.st-andrews.ac.uk/egyptian/unicode/ — used under his written grant of 2026-09-04; published here CC BY 4.0"
𓆳,M4,U+131B3,logogram,ḥꜣt-sp,regnal year,,,"Mark-Jan Nederhof, sign-function list (Unicode 5.2 set), https://mjn.host.cs.st-andrews.ac.uk/egyptian/unicode/ — used under his written grant of 2026-09-04; published here CC BY 4.0"
𓆳,M4,U+131B3,logogram,snf,last year,,,"Mark-Jan Nederhof, sign-function list (Unicode 5.2 set), https://mjn.host.cs.st-andrews.ac.uk/egyptian/unicode/ — used under his written grant of 2026-09-04; published here CC BY 4.0"
𓆴,M5,U+131B4,logogram or determinative,tr,season,,period=ME,"Mark-Jan Nederhof, sign-function list (Unicode 5.2 set), https://mjn.host.cs.st-andrews.ac.uk/egyptian/unicode/ — used under his written grant of 2026-09-04; published here CC BY 4.0"
𓆴,M5,U+131B4,phonetic determinative,tr,,,,"Mark-Jan Nederhof, sign-function list (Unicode 5.2 set), https://mjn.host.cs.st-andrews.ac.uk/egyptian/unicode/ — used under his written grant of 2026-09-04; published here CC BY 4.0"
𓆴,M5,U+131B4,phonetic determinative,rꞽ,,,,"Mark-Jan Nederhof, sign-function list (Unicode 5.2 set), https://mjn.host.cs.st-andrews.ac.uk/egyptian/unicode/ — used under his written grant of 2026-09-04; published here CC BY 4.0"
𓆵,M6,U+131B5,logogram or determinative,tr,season,,period=ME,"Mark-Jan Nederhof, sign-function list (Unicode 5.2 set), https://mjn.host.cs.st-andrews.ac.uk/egyptian/unicode/ — used under his written grant of 2026-09-04; published here CC BY 4.0"
𓆵,M6,U+131B5,phonetic determinative,tr,,,,"Mark-Jan Nederhof, sign-function list (Unicode 5.2 set), https://mjn.host.cs.st-andrews.ac.uk/egyptian/unicode/ — used under his written grant of 2026-09-04; published here CC BY 4.0"
𓆵,M6,U+131B5,phonetic determinative,rꞽ,,,,"Mark-Jan Nederhof, sign-function list (Unicode 5.2 set), https://mjn.host.cs.st-andrews.ac.uk/egyptian/unicode/ — used under his written grant of 2026-09-04; published here CC BY 4.0"
𓆶,M7,U+131B6,logogram or determinative,rnpꞽ,young,,period=ME; root=rnp,"Mark-Jan Nederhof, sign-function list (Unicode 5.2 set), https://mjn.host.cs.st-andrews.ac.uk/egyptian/unicode/ — used under his written grant of 2026-09-04; published here CC BY 4.0"
𓆷,M8,U+131B7,logogram or determinative,šꜣ,land,,,"Mark-Jan Nederhof, sign-function list (Unicode 5.2 set), https://mjn.host.cs.st-andrews.ac.uk/egyptian/unicode/ — used under his written grant of 2026-09-04; published here CC BY 4.0"
𓆷,M8,U+131B7,phonogram,šꜣ,,,,"Mark-Jan Nederhof, sign-function list (Unicode 5.2 set), https://mjn.host.cs.st-andrews.ac.uk/egyptian/unicode/ — used under his written grant of 2026-09-04; published here CC BY 4.0"
𓆷,M8,U+131B7,phonogram,š,,M8,,"Mark-Jan Nederhof, sign-function list (Unicode 5.2 set), https://mjn.host.cs.st-andrews.ac.uk/egyptian/unicode/ — used under his written grant of 2026-09-04; published here CC BY 4.0"
𓆷,M8,U+131B7,logogram or determinative,ꜣḫt,Season of Inundation,,,"Mark-Jan Nederhof, sign-function list (Unicode 5.2 set), https://mjn.host.cs.st-andrews.ac.uk/egyptian/unicode/ — used under his written grant of 2026-09-04; published here CC BY 4.0"
𓆸,M9,U+131B8,logogram or determinative,ššn,lotus,,,"Mark-Jan Nederhof, sign-function list (Unicode 5.2 set), https://mjn.host.cs.st-andrews.ac.uk/egyptian/unicode/ — used under his written grant of 2026-09-04; published here CC BY 4.0"
𓆹,M10,U+131B9,logogram or determinative,nḥbt,lotus bud,,root=nḥb,"Mark-Jan Nederhof, sign-function list (Unicode 5.2 set), https://mjn.host.cs.st-andrews.ac.uk/egyptian/unicode/ — used under his written grant of 2026-09-04; published here CC BY 4.0"
𓆻,M11,U+131BB,logogram or determinative,wdn,offer,,,"Mark-Jan Nederhof, sign-function list (Unicode 5.2 set), https://mjn.host.cs.st-andrews.ac.uk/egyptian/unicode/ — used under his written grant of 2026-09-04; published here CC BY 4.0"
𓆼,M12,U+131BC,phonogram,ḫꜣ,,,,"Mark-Jan Nederhof, sign-function list (Unicode 5.2 set), https://mjn.host.cs.st-andrews.ac.uk/egyptian/unicode/ — used under his written grant of 2026-09-04; published here CC BY 4.0"
𓆼,M12,U+131BC,logogram,ḫꜣ,1000,,numeral=1000,"Mark-Jan Nederhof, sign-function list (Unicode 5.2 set), https://mjn.host.cs.st-andrews.ac.uk/egyptian/unicode/ — used under his written grant of 2026-09-04; published here CC BY 4.0"
𓆼,M12,U+131BC,phonogram,ḫ,,M12,,"Mark-Jan Nederhof, sign-function list (Unicode 5.2 set), https://mjn.host.cs.st-andrews.ac.uk/egyptian/unicode/ — used under his written grant of 2026-09-04; published here CC BY 4.0"
𓇅,M13,U+131C5,logogram or determinative,wꜣḏ,papyrus,,,"Mark-Jan Nederhof, sign-function list (Unicode 5.2 set), https://mjn.host.cs.st-andrews.ac.uk/egyptian/unicode/ — used under his written grant of 2026-09-04; published here CC BY 4.0"
𓇅,M13,U+131C5,phonogram or phonetic determinative,wꜣḏ,,,,"Mark-Jan Nederhof, sign-function list (Unicode 5.2 set), https://mjn.host.cs.st-andrews.ac.uk/egyptian/unicode/ — used under his written grant of 2026-09-04; published here CC BY 4.0"
𓇆,M14,U+131C6,phonogram,wꜣḏ,,,,"Mark-Jan Nederhof, sign-function list (Unicode 5.2 set), https://mjn.host.cs.st-andrews.ac.uk/egyptian/unicode/ — used under his written grant of 2026-09-04; published here CC BY 4.0"
𓇇,M15,U+131C7,determinative,,"papyrus, watery regions",,,"Mark-Jan Nederhof, sign-function list (Unicode 5.2 set), https://mjn.host.cs.st-andrews.ac.uk/egyptian/unicode/ — used under his written grant of 2026-09-04; published here CC BY 4.0"
𓇇,M15,U+131C7,phonetic determinative,wꜣḫ,,,,"Mark-Jan Nederhof, sign-function list (Unicode 5.2 set), https://mjn.host.cs.st-andrews.ac.uk/egyptian/unicode/ — used under his written grant of 2026-09-04; published here CC BY 4.0"
𓇇,M15,U+131C7,logogram,^ꜣḫ-bꞽt,Chemmis,M15-L2-X1:O49,,"Mark-Jan Nederhof, sign-function list (Unicode 5.2 set), https://mjn.host.cs.st-andrews.ac.uk/egyptian/unicode/ — used under his written grant of 2026-09-04; published here CC BY 4.0"
𓇇,M15,U+131C7,logogram or determinative,mḥw,Lower Egypt,,,"Mark-Jan Nederhof, sign-function list (Unicode 5.2 set), https://mjn.host.cs.st-andrews.ac.uk/egyptian/unicode/ — used under his written grant of 2026-09-04; published here CC BY 4.0"
𓇈,M15a,U+131C8,logogram,^ꜣḫ-bꞽt,Chemmis,,,"Mark-Jan Nederhof, sign-function list (Unicode 5.2 set), https://mjn.host.cs.st-andrews.ac.uk/egyptian/unicode/ — used under his written grant of 2026-09-04; published here CC BY 4.0"
𓇉,M16,U+131C9,phonogram,ḥꜣ,,,,"Mark-Jan Nederhof, sign-function list (Unicode 5.2 set), https://mjn.host.cs.st-andrews.ac.uk/egyptian/unicode/ — used under his written grant of 2026-09-04; published here CC BY 4.0"
𓇉,M16,U+131C9,phonogram,ḥ,,M16,,"Mark-Jan Nederhof, sign-function list (Unicode 5.2 set), https://mjn.host.cs.st-andrews.ac.uk/egyptian/unicode/ — used under his written grant of 2026-09-04; published here CC BY 4.0"
𓇉,M16,U+131C9,logogram or determinative,mḥw,Lower Egypt,,,"Mark-Jan Nederhof, sign-function list (Unicode 5.2 set), https://mjn.host.cs.st-andrews.ac.uk/egyptian/unicode/ — used under his written grant of 2026-09-04; published here CC BY 4.0"
𓇊,M16a,U+131CA,logogram,^tꜣ-mḥw,Lower Egypt,,,"Mark-Jan Nederhof, sign-function list (Unicode 5.2 set), https://mjn.host.cs.st-andrews.ac.uk/egyptian/unicode/ — used under his written grant of 2026-09-04; published here CC BY 4.0"
𓇋,M17,U+131CB,logogram,ꞽ,reed,,,"Mark-Jan Nederhof, sign-function list (Unicode 5.2 set), https://mjn.host.cs.st-andrews.ac.uk/egyptian/unicode/ — used under his written grant of 2026-09-04; published here CC BY 4.0"
𓇋,M17,U+131CB,phonogram,ꞽ,,,,"Mark-Jan Nederhof, sign-function list (Unicode 5.2 set), https://mjn.host.cs.st-andrews.ac.uk/egyptian/unicode/ — used under his written grant of 2026-09-04; published here CC BY 4.0"
𓇋,M17,U+131CB,phonogram,y,,"M17*[fix,sep=0.2]M17",,"Mark-Jan Nederhof, sign-function list (Unicode 5.2 set), https://mjn.host.cs.st-andrews.ac.uk/egyptian/unicode/ — used under his written grant of 2026-09-04; published here CC BY 4.0"
𓇋,M17,U+131CB,phonogram,,Hebrew Yod,"M17*[fix,sep=0.2]M17",,"Mark-Jan Nederhof, sign-function list (Unicode 5.2 set), https://mjn.host.cs.st-andrews.ac.uk/egyptian/unicode/ — used under his written grant of 2026-09-04; published here CC BY 4.0"
𓇋,M17,U+131CB,phonogram,,Hebrew Alef,M17-A2,,"Mark-Jan Nederhof, sign-function list (Unicode 5.2 set), https://mjn.host.cs.st-andrews.ac.uk/egyptian/unicode/ — used under his written grant of 2026-09-04; published here CC BY 4.0"
𓇍,M18,U+131CD,logogram,ꞽꞽ,come,,,"Mark-Jan Nederhof, sign-function list (Unicode 5.2 set), https://mjn.host.cs.st-andrews.ac.uk/egyptian/unicode/ — used under his written grant of 2026-09-04; published here CC BY 4.0"
𓇎,M19,U+131CE,logogram or determinative,ꜥꜣbt,offering,,root=ꜥꜣb,"Mark-Jan Nederhof, sign-function list (Unicode 5.2 set), https://mjn.host.cs.st-andrews.ac.uk/egyptian/unicode/ — used under his written grant of 2026-09-04; published here CC BY 4.0"
𓇏,M20,U+131CF,logogram,sḫt,marshland,,root=sḫ,"Mark-Jan Nederhof, sign-function list (Unicode 5.2 set), https://mjn.host.cs.st-andrews.ac.uk/egyptian/unicode/ — used under his written grant of 2026-09-04; published here CC BY 4.0"
𓇐,M21,U+131D0,logogram or determinative,sm,plant,,,"Mark-Jan Nederhof, sign-function list (Unicode 5.2 set), https://mjn.host.cs.st-andrews.ac.uk/egyptian/unicode/ — used under his written grant of 2026-09-04; published here CC BY 4.0"
𓇐,M21,U+131D0,phonogram,sm,,,,"Mark-Jan Nederhof, sign-function list (Unicode 5.2 set), https://mjn.host.cs.st-andrews.ac.uk/egyptian/unicode/ — used under his written grant of 2026-09-04; published here CC BY 4.0"
𓇑,M22,U+131D1,phonogram,nḫb,,,,"Mark-Jan Nederhof, sign-function list (Unicode 5.2 set), https://mjn.host.cs.st-andrews.ac.uk/egyptian/unicode/ — used under his written grant of 2026-09-04; published here CC BY 4.0"
𓇑,M22,U+131D1,phonogram,nn,,M22*[sep=0.5]M22,,"Mark-Jan Nederhof, sign-function list (Unicode 5.2 set), https://mjn.host.cs.st-andrews.ac.uk/egyptian/unicode/ — used under his written grant of 2026-09-04; published here CC BY 4.0"
𓇓,M23,U+131D3,logogram,swt,sedge,,root=sw,"Mark-Jan Nederhof, sign-function list (Unicode 5.2 set), https://mjn.host.cs.st-andrews.ac.uk/egyptian/unicode/ — used under his written grant of 2026-09-04; published here CC BY 4.0"
𓇓,M23,U+131D3,phonogram,sw,,,,"Mark-Jan Nederhof, sign-function list (Unicode 5.2 set), https://mjn.host.cs.st-andrews.ac.uk/egyptian/unicode/ — used under his written grant of 2026-09-04; published here CC BY 4.0"
𓇓,M23,U+131D3,phonogram,s,,M23*G43,,"Mark-Jan Nederhof, sign-function list (Unicode 5.2 set), https://mjn.host.cs.st-andrews.ac.uk/egyptian/unicode/ — used under his written grant of 2026-09-04; published here CC BY 4.0"
𓇓,M23,U+131D3,logogram,nsw,king of Upper Egypt,M23-X1:N35,,"Mark-Jan Nederhof, sign-function list (Unicode 5.2 set), https://mjn.host.cs.st-andrews.ac.uk/egyptian/unicode/ — used under his written grant of 2026-09-04; published here CC BY 4.0"
𓇓,M23,U+131D3,logogram,nsw-bꞽtꞽ,king of Upper and Lower Egypt,M23:X1-L2:X1,,"Mark-Jan Nederhof, sign-function list (Unicode 5.2 set), https://mjn.host.cs.st-andrews.ac.uk/egyptian/unicode/ — used under his written grant of 2026-09-04; published here CC BY 4.0"
𓇔,M24,U+131D4,logogram,rs,south,,,"Mark-Jan Nederhof, sign-function list (Unicode 5.2 set), https://mjn.host.cs.st-andrews.ac.uk/egyptian/unicode/ — used under his written grant of 2026-09-04; published here CC BY 4.0"
𓇕,M24a,U+131D5,logogram,tꜣwꞽ,the two lands,M24a-M13,,"Mark-Jan Nederhof, sign-function list (Unicode 5.2 set), https://mjn.host.cs.st-andrews.ac.uk/egyptian/unicode/ — used under his written grant of 2026-09-04; published here CC BY 4.0"
𓇗,M26,U+131D7,logogram,^šmꜥw,Upper Egypt,,root=šmꜥ,"Mark-Jan Nederhof, sign-function list (Unicode 5.2 set), https://mjn.host.cs.st-andrews.ac.uk/egyptian/unicode/ — used under his written grant of 2026-09-04; published here CC BY 4.0"
𓇗,M26,U+131D7,phonogram or phonetic determinative,šmꜥ,,,,"Mark-Jan Nederhof, sign-function list (Unicode 5.2 set), https://mjn.host.cs.st-andrews.ac.uk/egyptian/unicode/ — used under his written grant of 2026-09-04; published here CC BY 4.0"
𓇘,M27,U+131D8,logogram,^šmꜥw,Upper Egypt,,root=šmꜥ,"Mark-Jan Nederhof, sign-function list (Unicode 5.2 set), https://mjn.host.cs.st-andrews.ac.uk/egyptian/unicode/ — used under his written grant of 2026-09-04; published here CC BY 4.0"
𓇘,M27,U+131D8,phonogram,šmꜥ,,,,"Mark-Jan Nederhof, sign-function list (Unicode 5.2 set), https://mjn.host.cs.st-andrews.ac.uk/egyptian/unicode/ — used under his written grant of 2026-09-04; published here CC BY 4.0"
𓇙,M28,U+131D9,logogram,mḏw šmꜥ,the tens of Upper Egypt,,,"Mark-Jan Nederhof, sign-function list (Unicode 5.2 set), https://mjn.host.cs.st-andrews.ac.uk/egyptian/unicode/ — used under his written grant of 2026-09-04; published here CC BY 4.0"
𓇚,M28a,U+131DA,logogram,tꜣ-^šmꜥw,Upper Egypt,,root=tꜣ-šmꜥ,"Mark-Jan Nederhof, sign-function list (Unicode 5.2 set), https://mjn.host.cs.st-andrews.ac.uk/egyptian/unicode/ — used under his written grant of 2026-09-04; published here CC BY 4.0"
𓇛,M29,U+131DB,phonogram,nḏm,,,,"Mark-Jan Nederhof, sign-function list (Unicode 5.2 set), https://mjn.host.cs.st-andrews.ac.uk/egyptian/unicode/ — used under his written grant of 2026-09-04; published here CC BY 4.0"
𓇜,M30,U+131DC,logogram or determinative,bnr,sweet,,,"Mark-Jan Nederhof, sign-function list (Unicode 5.2 set), https://mjn.host.cs.st-andrews.ac.uk/egyptian/unicode/ — used under his written grant of 2026-09-04; published here CC BY 4.0"
𓇝,M31,U+131DD,determinative,rd,grow,,,"Mark-Jan Nederhof, sign-function list (Unicode 5.2 set), https://mjn.host.cs.st-andrews.ac.uk/egyptian/unicode/ — used under his written grant of 2026-09-04; published here CC BY 4.0"
𓇠,M33,U+131E0,logogram or determinative,ꞽt,barley,,,"Mark-Jan Nederhof, sign-function list (Unicode 5.2 set), https://mjn.host.cs.st-andrews.ac.uk/egyptian/unicode/ — used under his written grant of 2026-09-04; published here CC BY 4.0"
𓇠,M33,U+131E0,determinative,,grain,,,"Mark-Jan Nederhof, sign-function list (Unicode 5.2 set), https://mjn.host.cs.st-andrews.ac.uk/egyptian/unicode/ — used under his written grant of 2026-09-04; published here CC BY 4.0"
𓇣,M34,U+131E3,logogram or determinative,bdt,emmer,,root=bd,"Mark-Jan Nederhof, sign-function list (Unicode 5.2 set), https://mjn.host.cs.st-andrews.ac.uk/egyptian/unicode/ — used under his written grant of 2026-09-04; published here CC BY 4.0"
𓇤,M35,U+131E4,determinative,,heap,,,"Mark-Jan Nederhof, sign-function list (Unicode 5.2 set), https://mjn.host.cs.st-andrews.ac.uk/egyptian/unicode/ — used under his written grant of 2026-09-04; published here CC BY 4.0"
𓇥,M36,U+131E5,phonogram,ḏr,,,,"Mark-Jan Nederhof, sign-function list (Unicode 5.2 set), https://mjn.host.cs.st-andrews.ac.uk/egyptian/unicode/ — used under his written grant of 2026-09-04; published here CC BY 4.0"
𓇥,M36,U+131E5,determinative,,bundle together,,,"Mark-Jan Nederhof, sign-function list (Unicode 5.2 set), https://mjn.host.cs.st-andrews.ac.uk/egyptian/unicode/ — used under his written grant of 2026-09-04; published here CC BY 4.0"
𓇧,M38,U+131E7,determinative,,flax,,,"Mark-Jan Nederhof, sign-function list (Unicode 5.2 set), https://mjn.host.cs.st-andrews.ac.uk/egyptian/unicode/ — used under his written grant of 2026-09-04; published here CC BY 4.0"
𓇧,M38,U+131E7,determinative,,bundle together,,,"Mark-Jan Nederhof, sign-function list (Unicode 5.2 set), https://mjn.host.cs.st-andrews.ac.uk/egyptian/unicode/ — used under his written grant of 2026-09-04; published here CC BY 4.0"
𓇨,M39,U+131E8,determinative,,vegetable offering,,,"Mark-Jan Nederhof, sign-function list (Unicode 5.2 set), https://mjn.host.cs.st-andrews.ac.uk/egyptian/unicode/ — used under his written grant of 2026-09-04; published here CC BY 4.0"
𓇩,M40,U+131E9,logogram or determinative,ꞽsw,reeds,,root=ꞽs,"Mark-Jan Nederhof, sign-function list (Unicode 5.2 set), https://mjn.host.cs.st-andrews.ac.uk/egyptian/unicode/ — used under his written grant of 2026-09-04; published here CC BY 4.0"
𓇩,M40,U+131E9,phonogram,ꞽs,,,,"Mark-Jan Nederhof, sign-function list (Unicode 5.2 set), https://mjn.host.cs.st-andrews.ac.uk/egyptian/unicode/ — used under his written grant of 2026-09-04; published here CC BY 4.0"
𓇫,M41,U+131EB,determinative,,wood,,,"Mark-Jan Nederhof, sign-function list (Unicode 5.2 set), https://mjn.host.cs.st-andrews.ac.uk/egyptian/unicode/ — used under his written grant of 2026-09-04; published here CC BY 4.0"
𓇬,M42,U+131EC,phonogram,wn,,,,"Mark-Jan Nederhof, sign-function list (Unicode 5.2 set), https://mjn.host.cs.st-andrews.ac.uk/egyptian/unicode/ — used under his written grant of 2026-09-04; published here CC BY 4.0"
𓇬,M42,U+131EC,logogram,wnm,eat,,,"Mark-Jan Nederhof, sign-function list (Unicode 5.2 set), https://mjn.host.cs.st-andrews.ac.uk/egyptian/unicode/ — used under his written grant of 2026-09-04; published here CC BY 4.0"
𓇭,M43,U+131ED,determinative,,"vine, fruit",,,"Mark-Jan Nederhof, sign-function list (Unicode 5.2 set), https://mjn.host.cs.st-andrews.ac.uk/egyptian/unicode/ — used under his written grant of 2026-09-04; published here CC BY 4.0"
𓇮,M44,U+131EE,logogram or determinative,spd,sharp,,,"Mark-Jan Nederhof, sign-function list (Unicode 5.2 set), https://mjn.host.cs.st-andrews.ac.uk/egyptian/unicode/ — used under his written grant of 2026-09-04; published here CC BY 4.0"
𓇮,M44,U+131EE,determinative,,sharp,,,"Mark-Jan Nederhof, sign-function list (Unicode 5.2 set), https://mjn.host.cs.st-andrews.ac.uk/egyptian/unicode/ — used under his written grant of 2026-09-04; published here CC BY 4.0"
𓇯,N1,U+131EF,logogram or determinative,pt,sky,,root=p,"Mark-Jan Nederhof, sign-function list (Unicode 5.2 set), https://mjn.host.cs.st-andrews.ac.uk/egyptian/unicode/ — used under his written grant of 2026-09-04; published here CC BY 4.0"
𓇯,N1,U+131EF,determinative,,"sky, high",,,"Mark-Jan Nederhof, sign-function list (Unicode 5.2 set), https://mjn.host.cs.st-andrews.ac.uk/egyptian/unicode/ — used under his written grant of 2026-09-04; published here CC BY 4.0"
𓇯,N1,U+131EF,logogram,^ꞽnꞽ-ḥrt,Onuris,W25:N1,,"Mark-Jan Nederhof, sign-function list (Unicode 5.2 set), https://mjn.host.cs.st-andrews.ac.uk/egyptian/unicode/ — used under his written grant of 2026-09-04; published here CC BY 4.0"
𓇯,N1,U+131EF,phonogram,ḥr,,,,"Mark-Jan Nederhof, sign-function list (Unicode 5.2 set), https://mjn.host.cs.st-andrews.ac.uk/egyptian/unicode/ — used under his written grant of 2026-09-04; published here CC BY 4.0"
𓇯,N1,U+131EF,determinative,,gate,,,"Mark-Jan Nederhof, sign-function list (Unicode 5.2 set), https://mjn.host.cs.st-andrews.ac.uk/egyptian/unicode/ — used under his written grant of 2026-09-04; published here CC BY 4.0"
𓇰,N2,U+131F0,logogram or determinative,grḥ,night,,,"Mark-Jan Nederhof, sign-function list (Unicode 5.2 set), https://mjn.host.cs.st-andrews.ac.uk/egyptian/unicode/ — used under his written grant of 2026-09-04; published here CC BY 4.0"
𓇰,N2,U+131F0,determinative,,night,,,"Mark-Jan Nederhof, sign-function list (Unicode 5.2 set), https://mjn.host.cs.st-andrews.ac.uk/egyptian/unicode/ — used under his written grant of 2026-09-04; published here CC BY 4.0"
𓇲,N4,U+131F2,logogram or determinative,ꞽꜣdt,dew,,root=ꞽꜣd,"Mark-Jan Nederhof, sign-function list (Unicode 5.2 set), https://mjn.host.cs.st-andrews.ac.uk/egyptian/unicode/ — used under his written grant of 2026-09-04; published here CC BY 4.0"
𓇲,N4,U+131F2,determinative,,precipitation,,,"Mark-Jan Nederhof, sign-function list (Unicode 5.2 set), https://mjn.host.cs.st-andrews.ac.uk/egyptian/unicode/ — used under his written grant of 2026-09-04; published here CC BY 4.0"
𓇳,N5,U+131F3,logogram or determinative,rꜥ,sun,,,"Mark-Jan Nederhof, sign-function list (Unicode 5.2 set), https://mjn.host.cs.st-andrews.ac.uk/egyptian/unicode/ — used under his written grant of 2026-09-04; published here CC BY 4.0"
𓇳,N5,U+131F3,logogram or determinative,hrw,day,,,"Mark-Jan Nederhof, sign-function list (Unicode 5.2 set), https://mjn.host.cs.st-andrews.ac.uk/egyptian/unicode/ — used under his written grant of 2026-09-04; published here CC BY 4.0"
𓇳,N5,U+131F3,logogram or determinative,sw,day,,,"Mark-Jan Nederhof, sign-function list (Unicode 5.2 set), https://mjn.host.cs.st-andrews.ac.uk/egyptian/unicode/ — used under his written grant of 2026-09-04; published here CC BY 4.0"
𓇳,N5,U+131F3,determinative,,"sun, time",,,"Mark-Jan Nederhof, sign-function list (Unicode 5.2 set), https://mjn.host.cs.st-andrews.ac.uk/egyptian/unicode/ — used under his written grant of 2026-09-04; published here CC BY 4.0"
𓇴,N6,U+131F4,logogram or determinative,rꜥ,sun,,,"Mark-Jan Nederhof, sign-function list (Unicode 5.2 set), https://mjn.host.cs.st-andrews.ac.uk/egyptian/unicode/ — used under his written grant of 2026-09-04; published here CC BY 4.0"
𓇵,N7,U+131F5,logogram,ẖrt-hrw,day-time,,,"Mark-Jan Nederhof, sign-function list (Unicode 5.2 set), https://mjn.host.cs.st-andrews.ac.uk/egyptian/unicode/ — used under his written grant of 2026-09-04; published here CC BY 4.0"
𓇶,N8,U+131F6,logogram or determinative,ꜣḫw,sunshine,,root=ꜣḫ,"Mark-Jan Nederhof, sign-function list (Unicode 5.2 set), https://mjn.host.cs.st-andrews.ac.uk/egyptian/unicode/ — used under his written grant of 2026-09-04; published here CC BY 4.0"
𓇶,N8,U+131F6,determinative,,shine,,,"Mark-Jan Nederhof, sign-function list (Unicode 5.2 set), https://mjn.host.cs.st-andrews.ac.uk/egyptian/unicode/ — used under his written grant of 2026-09-04; published here CC BY 4.0"
𓇶,N8,U+131F6,logogram or determinative,wbn,rise,,,"Mark-Jan Nederhof, sign-function list (Unicode 5.2 set), https://mjn.host.cs.st-andrews.ac.uk/egyptian/unicode/ — used under his written grant of 2026-09-04; published here CC BY 4.0"
𓇶,N8,U+131F6,phonogram,wbn,,,,"Mark-Jan Nederhof, sign-function list (Unicode 5.2 set), https://mjn.host.cs.st-andrews.ac.uk/egyptian/unicode/ — used under his written grant of 2026-09-04; published here CC BY 4.0"
𓇶,N8,U+131F6,logogram,ḥnmmt,sun-folk of Heliopolis,,,"Mark-Jan Nederhof, sign-function list (Unicode 5.2 set), https://mjn.host.cs.st-andrews.ac.uk/egyptian/unicode/ — used under his written grant of 2026-09-04; published here CC BY 4.0"
𓇷,N9,U+131F7,logogram or determinative,psḏntꞽw,New-moon festival,,,"Mark-Jan Nederhof, sign-function list (Unicode 5.2 set), https://mjn.host.cs.st-andrews.ac.uk/egyptian/unicode/ — used under his written grant of 2026-09-04; published here CC BY 4.0"
𓇷,N9,U+131F7,phonogram,psḏ,,,,"Mark-Jan Nederhof, sign-function list (Unicode 5.2 set), https://mjn.host.cs.st-andrews.ac.uk/egyptian/unicode/ — used under his written grant of 2026-09-04; published here CC BY 4.0"
𓇹,N11,U+131F9,logogram or determinative,ꞽꜥḥ,moon,,,"Mark-Jan Nederhof, sign-function list (Unicode 5.2 set), https://mjn.host.cs.st-andrews.ac.uk/egyptian/unicode/ — used under his written grant of 2026-09-04; published here CC BY 4.0"
𓇹,N11,U+131F9,phonogram or phonetic determinative,wꜥḥ,,,,"Mark-Jan Nederhof, sign-function list (Unicode 5.2 set), https://mjn.host.cs.st-andrews.ac.uk/egyptian/unicode/ — used under his written grant of 2026-09-04; published here CC BY 4.0"
𓇹,N11,U+131F9,logogram,ꜣbd,month,N11:[fit]N14,,"Mark-Jan Nederhof, sign-function list (Unicode 5.2 set), https://mjn.host.cs.st-andrews.ac.uk/egyptian/unicode/ — used under his written grant of 2026-09-04; published here CC BY 4.0"
𓇹,N11,U+131F9,logogram,ꜣbd,month,,,"Mark-Jan Nederhof, sign-function list (Unicode 5.2 set), https://mjn.host.cs.st-andrews.ac.uk/egyptian/unicode/ — used under his written grant of 2026-09-04; published here CC BY 4.0"
𓇹,N11,U+131F9,logogram,sšp,palm,,,"Mark-Jan Nederhof, sign-function list (Unicode 5.2 set), https://mjn.host.cs.st-andrews.ac.uk/egyptian/unicode/ — used under his written grant of 2026-09-04; published here CC BY 4.0"
𓇺,N12,U+131FA,logogram or determinative,ꞽꜥḥ,moon,,,"Mark-Jan Nederhof, sign-function list (Unicode 5.2 set), https://mjn.host.cs.st-andrews.ac.uk/egyptian/unicode/ — used under his written grant of 2026-09-04; published here CC BY 4.0"
𓇻,N13,U+131FB,logogram,smdt,half-month festival,,certain=false,"Mark-Jan Nederhof, sign-function list (Unicode 5.2 set), https://mjn.host.cs.st-andrews.ac.uk/egyptian/unicode/ — used under his written grant of 2026-09-04; published here CC BY 4.0"
𓇼,N14,U+131FC,logogram or determinative,sbꜣ,star,,,"Mark-Jan Nederhof, sign-function list (Unicode 5.2 set), https://mjn.host.cs.st-andrews.ac.uk/egyptian/unicode/ — used under his written grant of 2026-09-04; published here CC BY 4.0"
𓇼,N14,U+131FC,phonogram,sbꜣ,,,,"Mark-Jan Nederhof, sign-function list (Unicode 5.2 set), https://mjn.host.cs.st-andrews.ac.uk/egyptian/unicode/ — used under his written grant of 2026-09-04; published here CC BY 4.0"
𓇼,N14,U+131FC,determinative,,"star, time",,,"Mark-Jan Nederhof, sign-function list (Unicode 5.2 set), https://mjn.host.cs.st-andrews.ac.uk/egyptian/unicode/ — used under his written grant of 2026-09-04; published here CC BY 4.0"
𓇼,N14,U+131FC,phonogram or phonetic determinative,dwꜣ,,,,"Mark-Jan Nederhof, sign-function list (Unicode 5.2 set), https://mjn.host.cs.st-andrews.ac.uk/egyptian/unicode/ — used under his written grant of 2026-09-04; published here CC BY 4.0"
𓇼,N14,U+131FC,logogram or determinative,wnwt,hour,,root=wnw,"Mark-Jan Nederhof, sign-function list (Unicode 5.2 set), https://mjn.host.cs.st-andrews.ac.uk/egyptian/unicode/ — used under his written grant of 2026-09-04; published here CC BY 4.0"
𓇽,N15,U+131FD,logogram or determinative,dwꜣt,netherworld,,root=dwꜣ,"Mark-Jan Nederhof, sign-function list (Unicode 5.2 set), https://mjn.host.cs.st-andrews.ac.uk/egyptian/unicode/ — used under his written grant of 2026-09-04; published here CC BY 4.0"
𓇾,N16,U+131FE,logogram,tꜣ,earth,,,"Mark-Jan Nederhof, sign-function list (Unicode 5.2 set), https://mjn.host.cs.st-andrews.ac.uk/egyptian/unicode/ — used under his written grant of 2026-09-04; published here CC BY 4.0"
𓇾,N16,U+131FE,phonogram,tꜣ,,,,"Mark-Jan Nederhof, sign-function list (Unicode 5.2 set), https://mjn.host.cs.st-andrews.ac.uk/egyptian/unicode/ — used under his written grant of 2026-09-04; published here CC BY 4.0"
𓇾,N16,U+131FE,phonogram,t,,N16:N21*Z1,,"Mark-Jan Nederhof, sign-function list (Unicode 5.2 set), https://mjn.host.cs.st-andrews.ac.uk/egyptian/unicode/ — used under his written grant of 2026-09-04; published here CC BY 4.0"
𓇾,N16,U+131FE,determinative,,"land, eternity",,,"Mark-Jan Nederhof, sign-function list (Unicode 5.2 set), https://mjn.host.cs.st-andrews.ac.uk/egyptian/unicode/ — used under his written grant of 2026-09-04; published here CC BY 4.0"
𓈀,N18,U+13200,logogram,ꞽw,island,,,"Mark-Jan Nederhof, sign-function list (Unicode 5.2 set), https://mjn.host.cs.st-andrews.ac.uk/egyptian/unicode/ — used under his written grant of 2026-09-04; published here CC BY 4.0"
𓈀,N18,U+13200,phonogram,ꞽ,,N18:N21*Z1,,"Mark-Jan Nederhof, sign-function list (Unicode 5.2 set), https://mjn.host.cs.st-andrews.ac.uk/egyptian/unicode/ — used under his written grant of 2026-09-04; published here CC BY 4.0"
𓈀,N18,U+13200,determinative,,"desert, foreign land",,,"Mark-Jan Nederhof, sign-function list (Unicode 5.2 set), https://mjn.host.cs.st-andrews.ac.uk/egyptian/unicode/ — used under his written grant of 2026-09-04; published here CC BY 4.0"
𓈀,N18,U+13200,logogram,^ḥr-ꜣḫtꞽ,Harakhti,"insert[te](G9*.,N18:[fix,sep=0.5]N18)",,"Mark-Jan Nederhof, sign-function list (Unicode 5.2 set), https://mjn.host.cs.st-andrews.ac.uk/egyptian/unicode/ — used under his written grant of 2026-09-04; published here CC BY 4.0"
𓈁,N18a,U+13201,logogram,^ꞽmn,Amun,,,"Mark-Jan Nederhof, sign-function list (Unicode 5.2 set), https://mjn.host.cs.st-andrews.ac.uk/egyptian/unicode/ — used under his written grant of 2026-09-04; published here CC BY 4.0"
𓈁,N18a,U+13201,phonogram,n,,,,"Mark-Jan Nederhof, sign-function list (Unicode 5.2 set), https://mjn.host.cs.st-andrews.ac.uk/egyptian/unicode/ — used under his written grant of 2026-09-04; published here CC BY 4.0"
𓈂,N18b,U+13202,phonogram,šns,,,,"Mark-Jan Nederhof, sign-function list (Unicode 5.2 set), https://mjn.host.cs.st-andrews.ac.uk/egyptian/unicode/ — used under his written grant of 2026-09-04; published here CC BY 4.0"
𓈄,N20,U+13204,logogram or determinative,wḏb,sandbank,,,"Mark-Jan Nederhof, sign-function list (Unicode 5.2 set), https://mjn.host.cs.st-andrews.ac.uk/egyptian/unicode/ — used under his written grant of 2026-09-04; published here CC BY 4.0"
𓈄,N20,U+13204,phonogram,wḏb,,,,"Mark-Jan Nederhof, sign-function list (Unicode 5.2 set), https://mjn.host.cs.st-andrews.ac.uk/egyptian/unicode/ — used under his written grant of 2026-09-04; published here CC BY 4.0"
𓈅,N21,U+13205,logogram or determinative,ꞽdb,land,,,"Mark-Jan Nederhof, sign-function list (Unicode 5.2 set), https://mjn.host.cs.st-andrews.ac.uk/egyptian/unicode/ — used under his written grant of 2026-09-04; published here CC BY 4.0"
𓈅,N21,U+13205,determinative,,land,,,"Mark-Jan Nederhof, sign-function list (Unicode 5.2 set), https://mjn.host.cs.st-andrews.ac.uk/egyptian/unicode/ — used under his written grant of 2026-09-04; published here CC BY 4.0"
𓈆,N22,U+13206,determinative,,land,,,"Mark-Jan Nederhof, sign-function list (Unicode 5.2 set), https://mjn.host.cs.st-andrews.ac.uk/egyptian/unicode/ — used under his written grant of 2026-09-04; published here CC BY 4.0"
𓈇,N23,U+13207,determinative,,irrigated land,,,"Mark-Jan Nederhof, sign-function list (Unicode 5.2 set), https://mjn.host.cs.st-andrews.ac.uk/egyptian/unicode/ — used under his written grant of 2026-09-04; published here CC BY 4.0"
𓈇,N23,U+13207,determinative,,time,N5:N23,period=11-12,"Mark-Jan Nederhof, sign-function list (Unicode 5.2 set), https://mjn.host.cs.st-andrews.ac.uk/egyptian/unicode/ — used under his written grant of 2026-09-04; published here CC BY 4.0"
𓈈,N24,U+13208,logogram or determinative,spꜣt,district,,root=spꜣ,"Mark-Jan Nederhof, sign-function list (Unicode 5.2 set), https://mjn.host.cs.st-andrews.ac.uk/egyptian/unicode/ — used under his written grant of 2026-09-04; published here CC BY 4.0"
𓈈,N24,U+13208,determinative,,province,,,"Mark-Jan Nederhof, sign-function list (Unicode 5.2 set), https://mjn.host.cs.st-andrews.ac.uk/egyptian/unicode/ — used under his written grant of 2026-09-04; published here CC BY 4.0"
𓈈,N24,U+13208,determinative,,garden,,,"Mark-Jan Nederhof, sign-function list (Unicode 5.2 set), https://mjn.host.cs.st-andrews.ac.uk/egyptian/unicode/ — used under his written grant of 2026-09-04; published here CC BY 4.0"
𓈉,N25,U+13209,logogram or determinative,ḫꜣst,foreign land,,root=ḫꜣs,"Mark-Jan Nederhof, sign-function list (Unicode 5.2 set), https://mjn.host.cs.st-andrews.ac.uk/egyptian/unicode/ — used under his written grant of 2026-09-04; published here CC BY 4.0"
𓈉,N25,U+13209,determinative,,"desert, foreign land",,,"Mark-Jan Nederhof, sign-function list (Unicode 5.2 set), https://mjn.host.cs.st-andrews.ac.uk/egyptian/unicode/ — used under his written grant of 2026-09-04; published here CC BY 4.0"
𓈉,N25,U+13209,logogram,^ḥꜣ,Ha,N25:R12,,"Mark-Jan Nederhof, sign-function list (Unicode 5.2 set), https://mjn.host.cs.st-andrews.ac.uk/egyptian/unicode/ — used under his written grant of 2026-09-04; published here CC BY 4.0"
𓈋,N26,U+1320B,logogram,ḏw,mountain,,,"Mark-Jan Nederhof, sign-function list (Unicode 5.2 set), https://mjn.host.cs.st-andrews.ac.uk/egyptian/unicode/ — used under his written grant of 2026-09-04; published here CC BY 4.0"
𓈋,N26,U+1320B,phonogram,ḏw,,,,"Mark-Jan Nederhof, sign-function list (Unicode 5.2 set), https://mjn.host.cs.st-andrews.ac.uk/egyptian/unicode/ — used under his written grant of 2026-09-04; published here CC BY 4.0"
𓈌,N27,U+1320C,logogram,ꜣḫt,horizon,,root=ꜣḫ,"Mark-Jan Nederhof, sign-function list (Unicode 5.2 set), https://mjn.host.cs.st-andrews.ac.uk/egyptian/unicode/ — used under his written grant of 2026-09-04; published here CC BY 4.0"
𓈍,N28,U+1320D,logogram,ḫꜥ,hill,,,"Mark-Jan Nederhof, sign-function list (Unicode 5.2 set), https://mjn.host.cs.st-andrews.ac.uk/egyptian/unicode/ — used under his written grant of 2026-09-04; published here CC BY 4.0"
𓈍,N28,U+1320D,phonogram,ḫꜥ,,,,"Mark-Jan Nederhof, sign-function list (Unicode 5.2 set), https://mjn.host.cs.st-andrews.ac.uk/egyptian/unicode/ — used under his written grant of 2026-09-04; published here CC BY 4.0"
𓈎,N29,U+1320E,logogram or determinative,qꜣꜣ,hill,,root=qꜣ,"Mark-Jan Nederhof, sign-function list (Unicode 5.2 set), https://mjn.host.cs.st-andrews.ac.uk/egyptian/unicode/ — used under his written grant of 2026-09-04; published here CC BY 4.0"
𓈎,N29,U+1320E,phonogram,q,,,,"Mark-Jan Nederhof, sign-function list (Unicode 5.2 set), https://mjn.host.cs.st-andrews.ac.uk/egyptian/unicode/ — used under his written grant of 2026-09-04; published here CC BY 4.0"
𓈏,N30,U+1320F,logogram or determinative,ꞽꜣt,mound,,root=ꞽꜣ,"Mark-Jan Nederhof, sign-function list (Unicode 5.2 set), https://mjn.host.cs.st-andrews.ac.uk/egyptian/unicode/ — used under his written grant of 2026-09-04; published here CC BY 4.0"
𓈐,N31,U+13210,logogram or determinative,wꜣt,road,,root=wꜣ,"Mark-Jan Nederhof, sign-function list (Unicode 5.2 set), https://mjn.host.cs.st-andrews.ac.uk/egyptian/unicode/ — used under his written grant of 2026-09-04; published here CC BY 4.0"
𓈐,N31,U+13210,determinative,,"road, travel, position",,,"Mark-Jan Nederhof, sign-function list (Unicode 5.2 set), https://mjn.host.cs.st-andrews.ac.uk/egyptian/unicode/ — used under his written grant of 2026-09-04; published here CC BY 4.0"
𓈐,N31,U+13210,logogram,^ꞽnꞽ-ḥrt,Onuris,W25*N31,,"Mark-Jan Nederhof, sign-function list (Unicode 5.2 set), https://mjn.host.cs.st-andrews.ac.uk/egyptian/unicode/ — used under his written grant of 2026-09-04; published here CC BY 4.0"
𓈐,N31,U+13210,logogram,ḥrw,besides,,,"Mark-Jan Nederhof, sign-function list (Unicode 5.2 set), https://mjn.host.cs.st-andrews.ac.uk/egyptian/unicode/ — used under his written grant of 2026-09-04; published here CC BY 4.0"
𓈐,N31,U+13210,logogram,wꜣ,fall,,,"Mark-Jan Nederhof, sign-function list (Unicode 5.2 set), https://mjn.host.cs.st-andrews.ac.uk/egyptian/unicode/ — used under his written grant of 2026-09-04; published here CC BY 4.0"
𓈐,N31,U+13210,logogram,^ḥr,Horus,,,"Mark-Jan Nederhof, sign-function list (Unicode 5.2 set), https://mjn.host.cs.st-andrews.ac.uk/egyptian/unicode/ — used under his written grant of 2026-09-04; published here CC BY 4.0"
𓈑,N32,U+13211,phonetic determinative,sꞽn,,,,"Mark-Jan Nederhof, sign-function list (Unicode 5.2 set), https://mjn.host.cs.st-andrews.ac.uk/egyptian/unicode/ — used under his written grant of 2026-09-04; published here CC BY 4.0"
𓈒,N33,U+13212,determinative,,"sand, metal, mineral, medicin",,,"Mark-Jan Nederhof, sign-function list (Unicode 5.2 set), https://mjn.host.cs.st-andrews.ac.uk/egyptian/unicode/ — used under his written grant of 2026-09-04; published here CC BY 4.0"
𓈔,N34,U+13214,logogram,ḥmtꞽ,copper,,certain=false,"Mark-Jan Nederhof, sign-function list (Unicode 5.2 set), https://mjn.host.cs.st-andrews.ac.uk/egyptian/unicode/ — used under his written grant of 2026-09-04; published here CC BY 4.0"
𓈔,N34,U+13214,determinative,,"copper, bronze",,,"Mark-Jan Nederhof, sign-function list (Unicode 5.2 set), https://mjn.host.cs.st-andrews.ac.uk/egyptian/unicode/ — used under his written grant of 2026-09-04; published here CC BY 4.0"
𓈖,N35,U+13216,logogram,nt,water,,,"Mark-Jan Nederhof, sign-function list (Unicode 5.2 set), https://mjn.host.cs.st-andrews.ac.uk/egyptian/unicode/ — used under his written grant of 2026-09-04; published here CC BY 4.0"
𓈖,N35,U+13216,phonogram,n,,,,"Mark-Jan Nederhof, sign-function list (Unicode 5.2 set), https://mjn.host.cs.st-andrews.ac.uk/egyptian/unicode/ — used under his written grant of 2026-09-04; published here CC BY 4.0"
𓈖,N35,U+13216,phonogram,n,,N35:G1,,"Mark-Jan Nederhof, sign-function list (Unicode 5.2 set), https://mjn.host.cs.st-andrews.ac.uk/egyptian/unicode/ — used under his written grant of 2026-09-04; published here CC BY 4.0"
𓈖,N35,U+13216,phonogram,l,,N35:Z2-E23:Z1,period=19,"Mark-Jan Nederhof, sign-function list (Unicode 5.2 set), https://mjn.host.cs.st-andrews.ac.uk/egyptian/unicode/ — used under his written grant of 2026-09-04; published here CC BY 4.0"
𓈖,N35,U+13216,logogram,mw,water,N35:N35:N35,,"Mark-Jan Nederhof, sign-function list (Unicode 5.2 set), https://mjn.host.cs.st-andrews.ac.uk/egyptian/unicode/ — used under his written grant of 2026-09-04; published here CC BY 4.0"
𓈖,N35,U+13216,phonogram,mw,,N35:N35:N35,,"Mark-Jan Nederhof, sign-function list (Unicode 5.2 set), https://mjn.host.cs.st-andrews.ac.uk/egyptian/unicode/ — used under his written grant of 2026-09-04; published here CC BY 4.0"
𓈖,N35,U+13216,phonogram,m,,N35:N35:N35,,"Mark-Jan Nederhof, sign-function list (Unicode 5.2 set), https://mjn.host.cs.st-andrews.ac.uk/egyptian/unicode/ — used under his written grant of 2026-09-04; published here CC BY 4.0"
𓈖,N35,U+13216,determinative,,"water, liquid and associated actions",N35:N35:N35,plural=true,"Mark-Jan Nederhof, sign-function list (Unicode 5.2 set), https://mjn.host.cs.st-andrews.ac.uk/egyptian/unicode/ — used under his written grant of 2026-09-04; published here CC BY 4.0"
𓈖,N35,U+13216,determinative,,"river, lake, sea",N35a-N36:N23,plural=true,"Mark-Jan Nederhof, sign-function list (Unicode 5.2 set), https://mjn.host.cs.st-andrews.ac.uk/egyptian/unicode/ — used under his written grant of 2026-09-04; published here CC BY 4.0"
𓈘,N36,U+13218,logogram or determinative,mr,canal,,,"Mark-Jan Nederhof, sign-function list (Unicode 5.2 set), https://mjn.host.cs.st-andrews.ac.uk/egyptian/unicode/ — used under his written grant of 2026-09-04; published here CC BY 4.0"
𓈘,N36,U+13218,phonogram or phonetic determinative,mr,,,,"Mark-Jan Nederhof, sign-function list (Unicode 5.2 set), https://mjn.host.cs.st-andrews.ac.uk/egyptian/unicode/ — used under his written grant of 2026-09-04; published here CC BY 4.0"
𓈘,N36,U+13218,phonogram,mꞽ,,,,"Mark-Jan Nederhof, sign-function list (Unicode 5.2 set), https://mjn.host.cs.st-andrews.ac.uk/egyptian/unicode/ — used under his written grant of 2026-09-04; published here CC BY 4.0"
𓈘,N36,U+13218,determinative,,"river, lake, sea",,,"Mark-Jan Nederhof, sign-function list (Unicode 5.2 set), https://mjn.host.cs.st-andrews.ac.uk/egyptian/unicode/ — used under his written grant of 2026-09-04; published here CC BY 4.0"
𓈙,N37,U+13219,logogram,š,pool,,,"Mark-Jan Nederhof, sign-function list (Unicode 5.2 set), https://mjn.host.cs.st-andrews.ac.uk/egyptian/unicode/ — used under his written grant of 2026-09-04; published here CC BY 4.0"
𓈙,N37,U+13219,phonogram,š,,,,"Mark-Jan Nederhof, sign-function list (Unicode 5.2 set), https://mjn.host.cs.st-andrews.ac.uk/egyptian/unicode/ — used under his written grant of 2026-09-04; published here CC BY 4.0"
𓈝,N40,U+1321D,logogram,šm,go,,,"Mark-Jan Nederhof, sign-function list (Unicode 5.2 set), https://mjn.host.cs.st-andrews.ac.uk/egyptian/unicode/ — used under his written grant of 2026-09-04; published here CC BY 4.0"
𓈞,N41,U+1321E,determinative,,"well, pool, marsh",,,"Mark-Jan Nederhof, sign-function list (Unicode 5.2 set), https://mjn.host.cs.st-andrews.ac.uk/egyptian/unicode/ — used under his written grant of 2026-09-04; published here CC BY 4.0"
𓈞,N41,U+1321E,phonogram,ḥm,,,,"Mark-Jan Nederhof, sign-function list (Unicode 5.2 set), https://mjn.host.cs.st-andrews.ac.uk/egyptian/unicode/ — used under his written grant of 2026-09-04; published here CC BY 4.0"
𓈞,N41,U+1321E,logogram or determinative,ꞽdt,uterus,,root=ꞽd,"Mark-Jan Nederhof, sign-function list (Unicode 5.2 set), https://mjn.host.cs.st-andrews.ac.uk/egyptian/unicode/ — used under his written grant of 2026-09-04; published here CC BY 4.0"
𓈞,N41,U+1321E,phonogram,bꞽꜣ,,,,"Mark-Jan Nederhof, sign-function list (Unicode 5.2 set), https://mjn.host.cs.st-andrews.ac.uk/egyptian/unicode/ — used under his written grant of 2026-09-04; published here CC BY 4.0"
𓈞,N41,U+1321E,logogram or determinative,pḥww,ends,N41*N41:[size=inf]N41,plural=true; root=pḥ,"Mark-Jan Nederhof, sign-function list (Unicode 5.2 set), https://mjn.host.cs.st-andrews.ac.uk/egyptian/unicode/ — used under his written grant of 2026-09-04; published here CC BY 4.0"
𓈠,NL1,U+13220,logogram,^ꞽnbw-ḥḏ,Inbuhedi (first nome of Lower Egypt),,,"Mark-Jan Nederhof, sign-function list (Unicode 5.2 set), https://mjn.host.cs.st-andrews.ac.uk/egyptian/unicode/ — used under his written grant of 2026-09-04; published here CC BY 4.0"
𓈡,NL2,U+13221,logogram,^ḫpš,Khepesh (second nome of Lower Egypt),,,"Mark-Jan Nederhof, sign-function list (Unicode 5.2 set), https://mjn.host.cs.st-andrews.ac.uk/egyptian/unicode/ — used under his written grant of 2026-09-04; published here CC BY 4.0"
𓈢,NL3,U+13222,logogram,^ꞽmntt,Imenti (third nome of Lower Egypt),,,"Mark-Jan Nederhof, sign-function list (Unicode 5.2 set), https://mjn.host.cs.st-andrews.ac.uk/egyptian/unicode/ — used under his written grant of 2026-09-04; published here CC BY 4.0"
𓈣,NL4,U+13223,logogram,^nrt-rst,southern Neret (fourth nome of Lower Egypt),,,"Mark-Jan Nederhof, sign-function list (Unicode 5.2 set), https://mjn.host.cs.st-andrews.ac.uk/egyptian/unicode/ — used under his written grant of 2026-09-04; published here CC BY 4.0"
𓈤,NL5,U+13224,logogram,^nrt-mḥtt,northern Neret (fifth nome of Lower Egypt),,,"Mark-Jan Nederhof, sign-function list (Unicode 5.2 set), https://mjn.host.cs.st-andrews.ac.uk/egyptian/unicode/ — used under his written grant of 2026-09-04; published here CC BY 4.0"
𓈦,NL6,U+13226,logogram,^ḫꜣsww,Khasu (sixth nome of Lower Egypt),,,"Mark-Jan Nederhof, sign-function list (Unicode 5.2 set), https://mjn.host.cs.st-andrews.ac.uk/egyptian/unicode/ — used under his written grant of 2026-09-04; published here CC BY 4.0"
𓈧,NL7,U+13227,logogram,^ḥwꞽ-ꞽmntꞽ,Hui-imenti (seventh nome of Lower Egypt),,,"Mark-Jan Nederhof, sign-function list (Unicode 5.2 set), https://mjn.host.cs.st-andrews.ac.uk/egyptian/unicode/ — used under his written grant of 2026-09-04; published here CC BY 4.0"
𓈨,NL8,U+13228,logogram,^ḥwꞽ-ꞽꜣbtꞽ,Hui-jabtj (eighth nome of Lower Egypt),,,"Mark-Jan Nederhof, sign-function list (Unicode 5.2 set), https://mjn.host.cs.st-andrews.ac.uk/egyptian/unicode/ — used under his written grant of 2026-09-04; published here CC BY 4.0"
𓈩,NL9,U+13229,logogram,^ꜥnḏtꞽ,Anedjiti (ninth nome of Lower Egypt),,,"Mark-Jan Nederhof, sign-function list (Unicode 5.2 set), https://mjn.host.cs.st-andrews.ac.uk/egyptian/unicode/ — used under his written grant of 2026-09-04; published here CC BY 4.0"
𓈪,NL10,U+1322A,logogram,^km-wr,Kem-wer (tenth nome of Lower Egypt),,,"Mark-Jan Nederhof, sign-function list (Unicode 5.2 set), https://mjn.host.cs.st-andrews.ac.uk/egyptian/unicode/ — used under his written grant of 2026-09-04; published here CC BY 4.0"
𓈫,NL11,U+1322B,logogram,^ḥsbw,Hesbu (eleventh nome of Lower Egypt),,,"Mark-Jan Nederhof, sign-function list (Unicode 5.2 set), https://mjn.host.cs.st-andrews.ac.uk/egyptian/unicode/ — used under his written grant of 2026-09-04; published here CC BY 4.0"
𓈬,NL12,U+1322C,logogram,^ṯb-nṯr,Tjeb-netjer (twelfth nome of Lower Egypt),,,"Mark-Jan Nederhof, sign-function list (Unicode 5.2 set), https://mjn.host.cs.st-andrews.ac.uk/egyptian/unicode/ — used under his written grant of 2026-09-04; published here CC BY 4.0"
𓈭,NL13,U+1322D,logogram,^ḥqꜣ-ꜥnḏw,Heqa-ondju (thirteenth nome of Lower Egypt),,,"Mark-Jan Nederhof, sign-function list (Unicode 5.2 set), https://mjn.host.cs.st-andrews.ac.uk/egyptian/unicode/ — used under his written grant of 2026-09-04; published here CC BY 4.0"
𓈮,NL14,U+1322E,logogram,^ḫntꞽ-ꞽꜣbtꞽ,Khenti-abt (fourteenth nome of Lower Egypt),,,"Mark-Jan Nederhof, sign-function list (Unicode 5.2 set), https://mjn.host.cs.st-andrews.ac.uk/egyptian/unicode/ — used under his written grant of 2026-09-04; published here CC BY 4.0"
𓈯,NL15,U+1322F,logogram,^ḏḥwtꞽ,Djehuti (fifteenth nome of Lower Egypt),,,"Mark-Jan Nederhof, sign-function list (Unicode 5.2 set), https://mjn.host.cs.st-andrews.ac.uk/egyptian/unicode/ — used under his written grant of 2026-09-04; published here CC BY 4.0"
𓈰,NL16,U+13230,logogram,^ḥꜣt-mḥꞽt,Hat-mehit (sixteenth nome of Lower Egypt),,,"Mark-Jan Nederhof, sign-function list (Unicode 5.2 set), https://mjn.host.cs.st-andrews.ac.uk/egyptian/unicode/ — used under his written grant of 2026-09-04; published here CC BY 4.0"
𓈱,NL17,U+13231,logogram,^smꜣ-bḥdt,Sema-Behdet (seventeenth nome of Lower Egypt),,,"Mark-Jan Nederhof, sign-function list (Unicode 5.2 set), https://mjn.host.cs.st-andrews.ac.uk/egyptian/unicode/ — used under his written grant of 2026-09-04; published here CC BY 4.0"
𓈳,NL18,U+13233,logogram,^ꞽmt-ḫnt,southern Imet (eighteenth nome of Lower Egypt),,,"Mark-Jan Nederhof, sign-function list (Unicode 5.2 set), https://mjn.host.cs.st-andrews.ac.uk/egyptian/unicode/ — used under his written grant of 2026-09-04; published here CC BY 4.0"
𓈴,NL19,U+13234,logogram,^ꞽmt-pḥ,northern Imet (nineteenth nome of Lower Egypt),,,"Mark-Jan Nederhof, sign-function list (Unicode 5.2 set), https://mjn.host.cs.st-andrews.ac.uk/egyptian/unicode/ — used under his written grant of 2026-09-04; published here CC BY 4.0"
𓈵,NL20,U+13235,logogram,^spd,Sopdu (twentieth nome of Lower Egypt),,,"Mark-Jan Nederhof, sign-function list (Unicode 5.2 set), https://mjn.host.cs.st-andrews.ac.uk/egyptian/unicode/ — used under his written grant of 2026-09-04; published here CC BY 4.0"
𓈶,NU1,U+13236,logogram,^tꜣ-stꞽ,Taseti (first nome of Upper Egypt),,,"Mark-Jan Nederhof, sign-function list (Unicode 5.2 set), https://mjn.host.cs.st-andrews.ac.uk/egyptian/unicode/ — used under his written grant of 2026-09-04; published here CC BY 4.0"
𓈷,NU2,U+13237,logogram,^wṯs-^ḥr,Wetjes-Hor (second nome of Upper Egypt),,,"Mark-Jan Nederhof, sign-function list (Unicode 5.2 set), https://mjn.host.cs.st-andrews.ac.uk/egyptian/unicode/ — used under his written grant of 2026-09-04; published here CC BY 4.0"
𓈸,NU3,U+13238,logogram,^nḫn,Nekhen (third nome of Upper Egypt),,,"Mark-Jan Nederhof, sign-function list (Unicode 5.2 set), https://mjn.host.cs.st-andrews.ac.uk/egyptian/unicode/ — used under his written grant of 2026-09-04; published here CC BY 4.0"
𓈹,NU4,U+13239,logogram,^wꜣst,Waset (fourth nome of Upper Egypt),,,"Mark-Jan Nederhof, sign-function list (Unicode 5.2 set), https://mjn.host.cs.st-andrews.ac.uk/egyptian/unicode/ — used under his written grant of 2026-09-04; published here CC BY 4.0"
𓈺,NU5,U+1323A,logogram,^nṯrwꞽ,Netjerui (fifth nome of Upper Egypt),,,"Mark-Jan Nederhof, sign-function list (Unicode 5.2 set), https://mjn.host.cs.st-andrews.ac.uk/egyptian/unicode/ — used under his written grant of 2026-09-04; published here CC BY 4.0"
𓈻,NU6,U+1323B,logogram,^ꞽqr,Iqer (sixth nome of Upper Egypt),,,"Mark-Jan Nederhof, sign-function list (Unicode 5.2 set), https://mjn.host.cs.st-andrews.ac.uk/egyptian/unicode/ — used under his written grant of 2026-09-04; published here CC BY 4.0"
𓈼,NU7,U+1323C,logogram,^bꜣt,Bat (seventh nome of Upper Egypt),,,"Mark-Jan Nederhof, sign-function list (Unicode 5.2 set), https://mjn.host.cs.st-andrews.ac.uk/egyptian/unicode/ — used under his written grant of 2026-09-04; published here CC BY 4.0"
𓈽,NU8,U+1323D,logogram,^tꜣ-wr,Tawer (eighth nome of Upper Egypt),,,"Mark-Jan Nederhof, sign-function list (Unicode 5.2 set), https://mjn.host.cs.st-andrews.ac.uk/egyptian/unicode/ — used under his written grant of 2026-09-04; published here CC BY 4.0"
𓈾,NU9,U+1323E,logogram,^mnw,Menu (ninth nome of Upper Egypt),,,"Mark-Jan Nederhof, sign-function list (Unicode 5.2 set), https://mjn.host.cs.st-andrews.ac.uk/egyptian/unicode/ — used under his written grant of 2026-09-04; published here CC BY 4.0"
𓈿,NU10,U+1323F,logogram,^wꜣḏyt,Wadjit (tenth nome of Upper Egypt),,,"Mark-Jan Nederhof, sign-function list (Unicode 5.2 set), https://mjn.host.cs.st-andrews.ac.uk/egyptian/unicode/ — used under his written grant of 2026-09-04; published here CC BY 4.0"
𓉁,NU11,U+13241,logogram,^šꜣ,Sha (eleventh nome of Upper Egypt),,,"Mark-Jan Nederhof, sign-function list (Unicode 5.2 set), https://mjn.host.cs.st-andrews.ac.uk/egyptian/unicode/ — used under his written grant of 2026-09-04; published here CC BY 4.0"
𓉃,NU12,U+13243,logogram,^ꜣtft,Atfet (twelfth nome of Upper Egypt),,,"Mark-Jan Nederhof, sign-function list (Unicode 5.2 set), https://mjn.host.cs.st-andrews.ac.uk/egyptian/unicode/ — used under his written grant of 2026-09-04; published here CC BY 4.0"
𓉄,NU13,U+13244,logogram,^nḏft-ḫntt,southern Nedjfit (thirteenth nome of Upper Egypt),,,"Mark-Jan Nederhof, sign-function list (Unicode 5.2 set), https://mjn.host.cs.st-andrews.ac.uk/egyptian/unicode/ — used under his written grant of 2026-09-04; published here CC BY 4.0"
𓉅,NU14,U+13245,logogram,^nḏft-pḥt,northern Nedjfit (fourteenth nome of Upper Egypt),,,"Mark-Jan Nederhof, sign-function list (Unicode 5.2 set), https://mjn.host.cs.st-andrews.ac.uk/egyptian/unicode/ — used under his written grant of 2026-09-04; published here CC BY 4.0"
𓉆,NU15,U+13246,logogram,^wnt,Unet (fifteenth nome of Upper Egypt),,,"Mark-Jan Nederhof, sign-function list (Unicode 5.2 set), https://mjn.host.cs.st-andrews.ac.uk/egyptian/unicode/ — used under his written grant of 2026-09-04; published here CC BY 4.0"
𓉇,NU16,U+13247,logogram,^mꜣ-ḥḏ,Ma-hedi (sixteenth nome of Upper Egypt),,,"Mark-Jan Nederhof, sign-function list (Unicode 5.2 set), https://mjn.host.cs.st-andrews.ac.uk/egyptian/unicode/ — used under his written grant of 2026-09-04; published here CC BY 4.0"
𓉈,NU17,U+13248,logogram,^ꞽnpwt,Input (seventeenth nome of Upper Egypt),,,"Mark-Jan Nederhof, sign-function list (Unicode 5.2 set), https://mjn.host.cs.st-andrews.ac.uk/egyptian/unicode/ — used under his written grant of 2026-09-04; published here CC BY 4.0"
𓉉,NU18,U+13249,logogram,^nmtꞽ,Nemti (eighteenth nome of Upper Egypt),,,"Mark-Jan Nederhof, sign-function list (Unicode 5.2 set), https://mjn.host.cs.st-andrews.ac.uk/egyptian/unicode/ — used under his written grant of 2026-09-04; published here CC BY 4.0"
𓉋,NU19,U+1324B,logogram,^wꜣbwꞽ,Wabui (nineteenth nome of Upper Egypt),,,"Mark-Jan Nederhof, sign-function list (Unicode 5.2 set), https://mjn.host.cs.st-andrews.ac.uk/egyptian/unicode/ — used under his written grant of 2026-09-04; published here CC BY 4.0"
𓉌,NU20,U+1324C,logogram,^nꜥrt-ḫntt,southern Noret (twentieth nome of Upper Egypt),,,"Mark-Jan Nederhof, sign-function list (Unicode 5.2 set), https://mjn.host.cs.st-andrews.ac.uk/egyptian/unicode/ — used under his written grant of 2026-09-04; published here CC BY 4.0"
𓉍,NU21,U+1324D,logogram,^nꜥrt-pḥt,northern Noret (twenty-first nome of Upper Egypt),,,"Mark-Jan Nederhof, sign-function list (Unicode 5.2 set), https://mjn.host.cs.st-andrews.ac.uk/egyptian/unicode/ — used under his written grant of 2026-09-04; published here CC BY 4.0"
𓉎,NU22,U+1324E,logogram,^mdnꞽt,Medenit (twenty-second nome of Upper Egypt),,,"Mark-Jan Nederhof, sign-function list (Unicode 5.2 set), https://mjn.host.cs.st-andrews.ac.uk/egyptian/unicode/ — used under his written grant of 2026-09-04; published here CC BY 4.0"
𓉐,O1,U+13250,logogram,pr,house,,,"Mark-Jan Nederhof, sign-function list (Unicode 5.2 set), https://mjn.host.cs.st-andrews.ac.uk/egyptian/unicode/ — used under his written grant of 2026-09-04; published here CC BY 4.0"
𓉐,O1,U+13250,phonogram,pr,,,,"Mark-Jan Nederhof, sign-function list (Unicode 5.2 set), https://mjn.host.cs.st-andrews.ac.uk/egyptian/unicode/ — used under his written grant of 2026-09-04; published here CC BY 4.0"
𓉐,O1,U+13250,determinative,,"building, seat, place",,,"Mark-Jan Nederhof, sign-function list (Unicode 5.2 set), https://mjn.host.cs.st-andrews.ac.uk/egyptian/unicode/ — used under his written grant of 2026-09-04; published here CC BY 4.0"
𓉑,O1a,U+13251,logogram,pr-ꜥnḫ,temple scriptorium,,,"Mark-Jan Nederhof, sign-function list (Unicode 5.2 set), https://mjn.host.cs.st-andrews.ac.uk/egyptian/unicode/ — used under his written grant of 2026-09-04; published here CC BY 4.0"
𓉒,O2,U+13252,logogram,pr-ḥḏ,treasury,,,"Mark-Jan Nederhof, sign-function list (Unicode 5.2 set), https://mjn.host.cs.st-andrews.ac.uk/egyptian/unicode/ — used under his written grant of 2026-09-04; published here CC BY 4.0"
𓉓,O3,U+13253,logogram,prt-r-ḫrw,invocation offerings,,,"Mark-Jan Nederhof, sign-function list (Unicode 5.2 set), https://mjn.host.cs.st-andrews.ac.uk/egyptian/unicode/ — used under his written grant of 2026-09-04; published here CC BY 4.0"
𓉔,O4,U+13254,logogram,h,grounds,,,"Mark-Jan Nederhof, sign-function list (Unicode 5.2 set), https://mjn.host.cs.st-andrews.ac.uk/egyptian/unicode/ — used under his written grant of 2026-09-04; published here CC BY 4.0"
𓉔,O4,U+13254,phonogram,h,,,,"Mark-Jan Nederhof, sign-function list (Unicode 5.2 set), https://mjn.host.cs.st-andrews.ac.uk/egyptian/unicode/ — used under his written grant of 2026-09-04; published here CC BY 4.0"
𓉕,O5,U+13255,determinative,mrrt,street,,root=mrr,"Mark-Jan Nederhof, sign-function list (Unicode 5.2 set), https://mjn.host.cs.st-andrews.ac.uk/egyptian/unicode/ — used under his written grant of 2026-09-04; published here CC BY 4.0"
𓉕,O5,U+13255,phonogram or phonetic determinative,mr,,,,"Mark-Jan Nederhof, sign-function list (Unicode 5.2 set), https://mjn.host.cs.st-andrews.ac.uk/egyptian/unicode/ — used under his written grant of 2026-09-04; published here CC BY 4.0"
𓉕,O5,U+13255,phonogram or phonetic determinative,nm,,,,"Mark-Jan Nederhof, sign-function list (Unicode 5.2 set), https://mjn.host.cs.st-andrews.ac.uk/egyptian/unicode/ — used under his written grant of 2026-09-04; published here CC BY 4.0"
𓉗,O6,U+13257,logogram,ḥwt,(large) building,,root=ḥw,"Mark-Jan Nederhof, sign-function list (Unicode 5.2 set), https://mjn.host.cs.st-andrews.ac.uk/egyptian/unicode/ — used under his written grant of 2026-09-04; published here CC BY 4.0"
𓉗,O6,U+13257,logogram,ḥtt,quary,,root=ḥt,"Mark-Jan Nederhof, sign-function list (Unicode 5.2 set), https://mjn.host.cs.st-andrews.ac.uk/egyptian/unicode/ — used under his written grant of 2026-09-04; published here CC BY 4.0"
𓉘,O6a,U+13258,typographic,,opening of Hwt enclosure,,,"Mark-Jan Nederhof, sign-function list (Unicode 5.2 set), https://mjn.host.cs.st-andrews.ac.uk/egyptian/unicode/ — used under his written grant of 2026-09-04; published here CC BY 4.0"
𓉙,O6b,U+13259,typographic,,opening of Hwt enclosure,,,"Mark-Jan Nederhof, sign-function list (Unicode 5.2 set), https://mjn.host.cs.st-andrews.ac.uk/egyptian/unicode/ — used under his written grant of 2026-09-04; published here CC BY 4.0"
𓉚,O6c,U+1325A,typographic,,opening of Hwt enclosure,,,"Mark-Jan Nederhof, sign-function list (Unicode 5.2 set), https://mjn.host.cs.st-andrews.ac.uk/egyptian/unicode/ — used under his written grant of 2026-09-04; published here CC BY 4.0"
𓉛,O6d,U+1325B,typographic,,closing of Hwt enclosure,,,"Mark-Jan Nederhof, sign-function list (Unicode 5.2 set), https://mjn.host.cs.st-andrews.ac.uk/egyptian/unicode/ — used under his written grant of 2026-09-04; published here CC BY 4.0"
𓉜,O6e,U+1325C,typographic,,closing of Hwt enclosure,,,"Mark-Jan Nederhof, sign-function list (Unicode 5.2 set), https://mjn.host.cs.st-andrews.ac.uk/egyptian/unicode/ — used under his written grant of 2026-09-04; published here CC BY 4.0"
𓉝,O6f,U+1325D,typographic,,closing of Hwt enclosure,,,"Mark-Jan Nederhof, sign-function list (Unicode 5.2 set), https://mjn.host.cs.st-andrews.ac.uk/egyptian/unicode/ — used under his written grant of 2026-09-04; published here CC BY 4.0"
𓉟,O8,U+1325F,logogram,ḥwt-ꜥꜣt,large building,,,"Mark-Jan Nederhof, sign-function list (Unicode 5.2 set), https://mjn.host.cs.st-andrews.ac.uk/egyptian/unicode/ — used under his written grant of 2026-09-04; published here CC BY 4.0"
𓉠,O9,U+13260,logogram,^nbt-ḥwt,Nephthys,,,"Mark-Jan Nederhof, sign-function list (Unicode 5.2 set), https://mjn.host.cs.st-andrews.ac.uk/egyptian/unicode/ — used under his written grant of 2026-09-04; published here CC BY 4.0"
𓉡,O10,U+13261,logogram,^ḥwt-^ḥr,Hathor,,,"Mark-Jan Nederhof, sign-function list (Unicode 5.2 set), https://mjn.host.cs.st-andrews.ac.uk/egyptian/unicode/ — used under his written grant of 2026-09-04; published here CC BY 4.0"
𓉢,O10a,U+13262,logogram,ḥwt-ꜥnḫ,royal living quarters,,root=ḥw-ꜥnḫ,"Mark-Jan Nederhof, sign-function list (Unicode 5.2 set), https://mjn.host.cs.st-andrews.ac.uk/egyptian/unicode/ — used under his written grant of 2026-09-04; published here CC BY 4.0"
𓉣,O10b,U+13263,logogram,ḥwt-bꞽtꞽ,house of the king of Lower Egypt,,,"Mark-Jan Nederhof, sign-function list (Unicode 5.2 set), https://mjn.host.cs.st-andrews.ac.uk/egyptian/unicode/ — used under his written grant of 2026-09-04; published here CC BY 4.0"
𓉤,O10c,U+13264,logogram,ḥwt-ḥr,Hut-her,,,"Mark-Jan Nederhof, sign-function list (Unicode 5.2 set), https://mjn.host.cs.st-andrews.ac.uk/egyptian/unicode/ — used under his written grant of 2026-09-04; published here CC BY 4.0"
𓉥,O11,U+13265,logogram,ꜥḥ,palace,,,"Mark-Jan Nederhof, sign-function list (Unicode 5.2 set), https://mjn.host.cs.st-andrews.ac.uk/egyptian/unicode/ — used under his written grant of 2026-09-04; published here CC BY 4.0"
𓉧,O13,U+13267,logogram or determinative,sbḫt,gateway,,root=sbḫ,"Mark-Jan Nederhof, sign-function list (Unicode 5.2 set), https://mjn.host.cs.st-andrews.ac.uk/egyptian/unicode/ — used under his written grant of 2026-09-04; published here CC BY 4.0"
𓉩,O15,U+13269,logogram,wsḫt,hall,,root=wsḫ,"Mark-Jan Nederhof, sign-function list (Unicode 5.2 set), https://mjn.host.cs.st-andrews.ac.uk/egyptian/unicode/ — used under his written grant of 2026-09-04; published here CC BY 4.0"
𓉪,O16,U+1326A,logogram or determinative,tꜣ,door (in temple),,,"Mark-Jan Nederhof, sign-function list (Unicode 5.2 set), https://mjn.host.cs.st-andrews.ac.uk/egyptian/unicode/ — used under his written grant of 2026-09-04; published here CC BY 4.0"
𓉪,O16,U+1326A,logogram,tꜣytꞽ,he of the door (title),,,"Mark-Jan Nederhof, sign-function list (Unicode 5.2 set), https://mjn.host.cs.st-andrews.ac.uk/egyptian/unicode/ — used under his written grant of 2026-09-04; published here CC BY 4.0"
𓉬,O18,U+1326C,logogram or determinative,kꜣr,chapel,,,"Mark-Jan Nederhof, sign-function list (Unicode 5.2 set), https://mjn.host.cs.st-andrews.ac.uk/egyptian/unicode/ — used under his written grant of 2026-09-04; published here CC BY 4.0"
𓉭,O19,U+1326D,determinative,,shrine,,,"Mark-Jan Nederhof, sign-function list (Unicode 5.2 set), https://mjn.host.cs.st-andrews.ac.uk/egyptian/unicode/ — used under his written grant of 2026-09-04; published here CC BY 4.0"
𓉯,O20,U+1326F,determinative,,sanctuary,,,"Mark-Jan Nederhof, sign-function list (Unicode 5.2 set), https://mjn.host.cs.st-andrews.ac.uk/egyptian/unicode/ — used under his written grant of 2026-09-04; published here CC BY 4.0"
𓉱,O21,U+13271,logogram or determinative,sḥ,booth,,,"Mark-Jan Nederhof, sign-function list (Unicode 5.2 set), https://mjn.host.cs.st-andrews.ac.uk/egyptian/unicode/ — used under his written grant of 2026-09-04; published here CC BY 4.0"
𓉲,O22,U+13272,logogram or determinative,sḥ,booth,,,"Mark-Jan Nederhof, sign-function list (Unicode 5.2 set), https://mjn.host.cs.st-andrews.ac.uk/egyptian/unicode/ — used under his written grant of 2026-09-04; published here CC BY 4.0"
𓉲,O22,U+13272,phonetic determinative,sḥ,,,,"Mark-Jan Nederhof, sign-function list (Unicode 5.2 set), https://mjn.host.cs.st-andrews.ac.uk/egyptian/unicode/ — used under his written grant of 2026-09-04; published here CC BY 4.0"
𓉲,O22,U+13272,phonogram,ḥꜣb,,,,"Mark-Jan Nederhof, sign-function list (Unicode 5.2 set), https://mjn.host.cs.st-andrews.ac.uk/egyptian/unicode/ — used under his written grant of 2026-09-04; published here CC BY 4.0"
𓉳,O23,U+13273,logogram or determinative,ḥd-sd,Sed festival,,,"Mark-Jan Nederhof, sign-function list (Unicode 5.2 set), https://mjn.host.cs.st-andrews.ac.uk/egyptian/unicode/ — used under his written grant of 2026-09-04; published here CC BY 4.0"
𓉴,O24,U+13274,logogram or determinative,mr,pyramid,,,"Mark-Jan Nederhof, sign-function list (Unicode 5.2 set), https://mjn.host.cs.st-andrews.ac.uk/egyptian/unicode/ — used under his written grant of 2026-09-04; published here CC BY 4.0"
𓉴,O24,U+13274,determinative,,pyramid,,,"Mark-Jan Nederhof, sign-function list (Unicode 5.2 set), https://mjn.host.cs.st-andrews.ac.uk/egyptian/unicode/ — used under his written grant of 2026-09-04; published here CC BY 4.0"
𓉵,O24a,U+13275,determinative,,in names of sun-obelisks,,,"Mark-Jan Nederhof, sign-function list (Unicode 5.2 set), https://mjn.host.cs.st-andrews.ac.uk/egyptian/unicode/ — used under his written grant of 2026-09-04; published here CC BY 4.0"
𓉶,O25,U+13276,logogram or determinative,tḫn,obelisk,,,"Mark-Jan Nederhof, sign-function list (Unicode 5.2 set), https://mjn.host.cs.st-andrews.ac.uk/egyptian/unicode/ — used under his written grant of 2026-09-04; published here CC BY 4.0"
𓉸,O26,U+13278,logogram or determinative,wḏ,stela,,,"Mark-Jan Nederhof, sign-function list (Unicode 5.2 set), https://mjn.host.cs.st-andrews.ac.uk/egyptian/unicode/ — used under his written grant of 2026-09-04; published here CC BY 4.0"
𓉸,O26,U+13278,determinative,,stela,,,"Mark-Jan Nederhof, sign-function list (Unicode 5.2 set), https://mjn.host.cs.st-andrews.ac.uk/egyptian/unicode/ — used under his written grant of 2026-09-04; published here CC BY 4.0"
𓉹,O27,U+13279,determinative,,hall of columns,,,"Mark-Jan Nederhof, sign-function list (Unicode 5.2 set), https://mjn.host.cs.st-andrews.ac.uk/egyptian/unicode/ — used under his written grant of 2026-09-04; published here CC BY 4.0"
𓉹,O27,U+13279,phonogram or phonetic determinative,ḫꜣ,,,,"Mark-Jan Nederhof, sign-function list (Unicode 5.2 set), https://mjn.host.cs.st-andrews.ac.uk/egyptian/unicode/ — used under his written grant of 2026-09-04; published here CC BY 4.0"
𓉺,O28,U+1327A,logogram,ꞽwn,column,,,"Mark-Jan Nederhof, sign-function list (Unicode 5.2 set), https://mjn.host.cs.st-andrews.ac.uk/egyptian/unicode/ — used under his written grant of 2026-09-04; published here CC BY 4.0"
𓉺,O28,U+1327A,phonogram,ꞽwn,,,,"Mark-Jan Nederhof, sign-function list (Unicode 5.2 set), https://mjn.host.cs.st-andrews.ac.uk/egyptian/unicode/ — used under his written grant of 2026-09-04; published here CC BY 4.0"
𓉻,O29,U+1327B,logogram,ꜥꜣ,column,,,"Mark-Jan Nederhof, sign-function list (Unicode 5.2 set), https://mjn.host.cs.st-andrews.ac.uk/egyptian/unicode/ — used under his written grant of 2026-09-04; published here CC BY 4.0"
𓉻,O29,U+1327B,phonogram,ꜥꜣ,,,,"Mark-Jan Nederhof, sign-function list (Unicode 5.2 set), https://mjn.host.cs.st-andrews.ac.uk/egyptian/unicode/ — used under his written grant of 2026-09-04; published here CC BY 4.0"
𓉻,O29,U+1327B,phonogram,ꜥ,,O29:D36,,"Mark-Jan Nederhof, sign-function list (Unicode 5.2 set), https://mjn.host.cs.st-andrews.ac.uk/egyptian/unicode/ — used under his written grant of 2026-09-04; published here CC BY 4.0"
𓉽,O30,U+1327D,logogram or determinative,sḫnt,support,,root=sḫn,"Mark-Jan Nederhof, sign-function list (Unicode 5.2 set), https://mjn.host.cs.st-andrews.ac.uk/egyptian/unicode/ — used under his written grant of 2026-09-04; published here CC BY 4.0"
𓉽,O30,U+1327D,logogram or determinative,sḫnwt,the four support (of the sky),O30*[sep=0.0]O30*[sep=0.0]O30*[sep=0.0]O30,plural=true,"Mark-Jan Nederhof, sign-function list (Unicode 5.2 set), https://mjn.host.cs.st-andrews.ac.uk/egyptian/unicode/ — used under his written grant of 2026-09-04; published here CC BY 4.0"
𓉿,O31,U+1327F,logogram or determinative,ꜥꜣ,door,,,"Mark-Jan Nederhof, sign-function list (Unicode 5.2 set), https://mjn.host.cs.st-andrews.ac.uk/egyptian/unicode/ — used under his written grant of 2026-09-04; published here CC BY 4.0"
𓉿,O31,U+1327F,phonogram,ꜥꜣ,,,,"Mark-Jan Nederhof, sign-function list (Unicode 5.2 set), https://mjn.host.cs.st-andrews.ac.uk/egyptian/unicode/ — used under his written grant of 2026-09-04; published here CC BY 4.0"
𓉿,O31,U+1327F,determinative,,open,,,"Mark-Jan Nederhof, sign-function list (Unicode 5.2 set), https://mjn.host.cs.st-andrews.ac.uk/egyptian/unicode/ — used under his written grant of 2026-09-04; published here CC BY 4.0"
𓊀,O32,U+13280,logogram or determinative,sbꜣ,door,,,"Mark-Jan Nederhof, sign-function list (Unicode 5.2 set), https://mjn.host.cs.st-andrews.ac.uk/egyptian/unicode/ — used under his written grant of 2026-09-04; published here CC BY 4.0"
𓊀,O32,U+13280,determinative,,"door, gateway",,,"Mark-Jan Nederhof, sign-function list (Unicode 5.2 set), https://mjn.host.cs.st-andrews.ac.uk/egyptian/unicode/ — used under his written grant of 2026-09-04; published here CC BY 4.0"
𓊁,O33,U+13281,logogram or determinative,srḫ,banner,,,"Mark-Jan Nederhof, sign-function list (Unicode 5.2 set), https://mjn.host.cs.st-andrews.ac.uk/egyptian/unicode/ — used under his written grant of 2026-09-04; published here CC BY 4.0"
𓊂,O33a,U+13282,typographic,,closing of srx enclosure,,,"Mark-Jan Nederhof, sign-function list (Unicode 5.2 set), https://mjn.host.cs.st-andrews.ac.uk/egyptian/unicode/ — used under his written grant of 2026-09-04; published here CC BY 4.0"
𓊃,O34,U+13283,logogram,s,bolt,,,"Mark-Jan Nederhof, sign-function list (Unicode 5.2 set), https://mjn.host.cs.st-andrews.ac.uk/egyptian/unicode/ — used under his written grant of 2026-09-04; published here CC BY 4.0"
𓊃,O34,U+13283,phonogram,s,,,,"Mark-Jan Nederhof, sign-function list (Unicode 5.2 set), https://mjn.host.cs.st-andrews.ac.uk/egyptian/unicode/ — used under his written grant of 2026-09-04; published here CC BY 4.0"
𓊄,O35,U+13284,logogram,sbꞽ,go,,root=sb,"Mark-Jan Nederhof, sign-function list (Unicode 5.2 set), https://mjn.host.cs.st-andrews.ac.uk/egyptian/unicode/ — used under his written grant of 2026-09-04; published here CC BY 4.0"
𓊄,O35,U+13284,logogram,sbꞽ,perish,,root=sb,"Mark-Jan Nederhof, sign-function list (Unicode 5.2 set), https://mjn.host.cs.st-andrews.ac.uk/egyptian/unicode/ — used under his written grant of 2026-09-04; published here CC BY 4.0"
𓊄,O35,U+13284,logogram,ms,bring,,,"Mark-Jan Nederhof, sign-function list (Unicode 5.2 set), https://mjn.host.cs.st-andrews.ac.uk/egyptian/unicode/ — used under his written grant of 2026-09-04; published here CC BY 4.0"
𓊄,O35,U+13284,logogram,ꞽs,go!,,,"Mark-Jan Nederhof, sign-function list (Unicode 5.2 set), https://mjn.host.cs.st-andrews.ac.uk/egyptian/unicode/ — used under his written grant of 2026-09-04; published here CC BY 4.0"
𓊄,O35,U+13284,logogram,sꞽ,who?,,,"Mark-Jan Nederhof, sign-function list (Unicode 5.2 set), https://mjn.host.cs.st-andrews.ac.uk/egyptian/unicode/ — used under his written grant of 2026-09-04; published here CC BY 4.0"
𓊅,O36,U+13285,logogram or determinative,ꞽnb,wall,,,"Mark-Jan Nederhof, sign-function list (Unicode 5.2 set), https://mjn.host.cs.st-andrews.ac.uk/egyptian/unicode/ — used under his written grant of 2026-09-04; published here CC BY 4.0"
𓊅,O36,U+13285,determinative,,wall,,,"Mark-Jan Nederhof, sign-function list (Unicode 5.2 set), https://mjn.host.cs.st-andrews.ac.uk/egyptian/unicode/ — used under his written grant of 2026-09-04; published here CC BY 4.0"
𓊆,O36a,U+13286,typographic,,opening of fortified wall cartouche,,,"Mark-Jan Nederhof, sign-function list (Unicode 5.2 set), https://mjn.host.cs.st-andrews.ac.uk/egyptian/unicode/ — used under his written grant of 2026-09-04; published here CC BY 4.0"
𓊇,O36b,U+13287,typographic,,closing of fortified wall cartouche,,,"Mark-Jan Nederhof, sign-function list (Unicode 5.2 set), https://mjn.host.cs.st-andrews.ac.uk/egyptian/unicode/ — used under his written grant of 2026-09-04; published here CC BY 4.0"
𓊈,O36c,U+13288,typographic,,opening of square fortified wall cartouche,,,"Mark-Jan Nederhof, sign-function list (Unicode 5.2 set), https://mjn.host.cs.st-andrews.ac.uk/egyptian/unicode/ — used under his written grant of 2026-09-04; published here CC BY 4.0"
𓊉,O36d,U+13289,typographic,,closing of square fortified wall cartouche,,,"Mark-Jan Nederhof, sign-function list (Unicode 5.2 set), https://mjn.host.cs.st-andrews.ac.uk/egyptian/unicode/ — used under his written grant of 2026-09-04; published here CC BY 4.0"
𓊊,O37,U+1328A,determinative,,"overthrow, tilt",,,"Mark-Jan Nederhof, sign-function list (Unicode 5.2 set), https://mjn.host.cs.st-andrews.ac.uk/egyptian/unicode/ — used under his written grant of 2026-09-04; published here CC BY 4.0"
𓊋,O38,U+1328B,logogram or determinative,qnbt,corner,,root=qnb,"Mark-Jan Nederhof, sign-function list (Unicode 5.2 set), https://mjn.host.cs.st-andrews.ac.uk/egyptian/unicode/ — used under his written grant of 2026-09-04; published here CC BY 4.0"
𓊋,O38,U+1328B,determinative,,"gate, street",,,"Mark-Jan Nederhof, sign-function list (Unicode 5.2 set), https://mjn.host.cs.st-andrews.ac.uk/egyptian/unicode/ — used under his written grant of 2026-09-04; published here CC BY 4.0"
𓊋,O38,U+1328B,logogram or determinative,tm,(part of a title),,,"Mark-Jan Nederhof, sign-function list (Unicode 5.2 set), https://mjn.host.cs.st-andrews.ac.uk/egyptian/unicode/ — used under his written grant of 2026-09-04; published here CC BY 4.0"
𓊌,O39,U+1328C,determinative,,stone,,,"Mark-Jan Nederhof, sign-function list (Unicode 5.2 set), https://mjn.host.cs.st-andrews.ac.uk/egyptian/unicode/ — used under his written grant of 2026-09-04; published here CC BY 4.0"
𓊍,O40,U+1328D,logogram or determinative,rwd,stairway,,,"Mark-Jan Nederhof, sign-function list (Unicode 5.2 set), https://mjn.host.cs.st-andrews.ac.uk/egyptian/unicode/ — used under his written grant of 2026-09-04; published here CC BY 4.0"
𓊍,O40,U+1328D,logogram or determinative,ḫtꞽw,terrace,,,"Mark-Jan Nederhof, sign-function list (Unicode 5.2 set), https://mjn.host.cs.st-andrews.ac.uk/egyptian/unicode/ — used under his written grant of 2026-09-04; published here CC BY 4.0"
𓊍,O40,U+1328D,determinative,,stairway,,,"Mark-Jan Nederhof, sign-function list (Unicode 5.2 set), https://mjn.host.cs.st-andrews.ac.uk/egyptian/unicode/ — used under his written grant of 2026-09-04; published here CC BY 4.0"
𓊎,O41,U+1328E,determinative,,"stairway, ascent",,,"Mark-Jan Nederhof, sign-function list (Unicode 5.2 set), https://mjn.host.cs.st-andrews.ac.uk/egyptian/unicode/ — used under his written grant of 2026-09-04; published here CC BY 4.0"
𓊏,O42,U+1328F,phonogram,šsp,,,,"Mark-Jan Nederhof, sign-function list (Unicode 5.2 set), https://mjn.host.cs.st-andrews.ac.uk/egyptian/unicode/ — used under his written grant of 2026-09-04; published here CC BY 4.0"
𓊏,O42,U+1328F,phonogram,sšp,,,,"Mark-Jan Nederhof, sign-function list (Unicode 5.2 set), https://mjn.host.cs.st-andrews.ac.uk/egyptian/unicode/ — used under his written grant of 2026-09-04; published here CC BY 4.0"
𓊑,O44,U+13291,logogram or determinative,ꞽꜣwt,rank,,root=ꞽꜣw,"Mark-Jan Nederhof, sign-function list (Unicode 5.2 set), https://mjn.host.cs.st-andrews.ac.uk/egyptian/unicode/ — used under his written grant of 2026-09-04; published here CC BY 4.0"
𓊒,O45,U+13292,logogram or determinative,ꞽpꜣt,harem,,root=ꞽpꜣ,"Mark-Jan Nederhof, sign-function list (Unicode 5.2 set), https://mjn.host.cs.st-andrews.ac.uk/egyptian/unicode/ — used under his written grant of 2026-09-04; published here CC BY 4.0"
𓊔,O47,U+13294,logogram,^nḫn,Hieraconpolis,,,"Mark-Jan Nederhof, sign-function list (Unicode 5.2 set), https://mjn.host.cs.st-andrews.ac.uk/egyptian/unicode/ — used under his written grant of 2026-09-04; published here CC BY 4.0"
𓊖,O49,U+13296,logogram,nꞽwt,city,,root=nꞽw,"Mark-Jan Nederhof, sign-function list (Unicode 5.2 set), https://mjn.host.cs.st-andrews.ac.uk/egyptian/unicode/ — used under his written grant of 2026-09-04; published here CC BY 4.0"
𓊖,O49,U+13296,determinative,,inhabited area,,,"Mark-Jan Nederhof, sign-function list (Unicode 5.2 set), https://mjn.host.cs.st-andrews.ac.uk/egyptian/unicode/ — used under his written grant of 2026-09-04; published here CC BY 4.0"
𓊗,O50,U+13297,logogram or determinative,spt,threshing floor,,root=sp,"Mark-Jan Nederhof, sign-function list (Unicode 5.2 set), https://mjn.host.cs.st-andrews.ac.uk/egyptian/unicode/ — used under his written grant of 2026-09-04; published here CC BY 4.0"
𓊗,O50,U+13297,phonogram,sp,,,,"Mark-Jan Nederhof, sign-function list (Unicode 5.2 set), https://mjn.host.cs.st-andrews.ac.uk/egyptian/unicode/ — used under his written grant of 2026-09-04; published here CC BY 4.0"
𓊗,O50,U+13297,logogram,sp sn,(two times),O50:.*Z1*Z1*.,,"Mark-Jan Nederhof, sign-function list (Unicode 5.2 set), https://mjn.host.cs.st-andrews.ac.uk/egyptian/unicode/ — used under his written grant of 2026-09-04; published here CC BY 4.0"
𓊗,O50,U+13297,typographic,,repetition of the preceding sequence of consonants,O50:.*Z1*Z1*.,,"Mark-Jan Nederhof, sign-function list (Unicode 5.2 set), https://mjn.host.cs.st-andrews.ac.uk/egyptian/unicode/ — used under his written grant of 2026-09-04; published here CC BY 4.0"
𓊚,O51,U+1329A,logogram or determinative,šnwt,granary,,root=šnw,"Mark-Jan Nederhof, sign-function list (Unicode 5.2 set), https://mjn.host.cs.st-andrews.ac.uk/egyptian/unicode/ — used under his written grant of 2026-09-04; published here CC BY 4.0"
𓊛,P1,U+1329B,logogram or determinative,dpt,ship,,root=dp,"Mark-Jan Nederhof, sign-function list (Unicode 5.2 set), https://mjn.host.cs.st-andrews.ac.uk/egyptian/unicode/ — used under his written grant of 2026-09-04; published here CC BY 4.0"
𓊛,P1,U+1329B,logogram or determinative,ꞽmw,ship,,,"Mark-Jan Nederhof, sign-function list (Unicode 5.2 set), https://mjn.host.cs.st-andrews.ac.uk/egyptian/unicode/ — used under his written grant of 2026-09-04; published here CC BY 4.0"
𓊛,P1,U+1329B,logogram or determinative,ꜥḥꜥ,ship,,,"Mark-Jan Nederhof, sign-function list (Unicode 5.2 set), https://mjn.host.cs.st-andrews.ac.uk/egyptian/unicode/ — used under his written grant of 2026-09-04; published here CC BY 4.0"
𓊛,P1,U+1329B,logogram or determinative,qꜣqꜣw,ship,,,"Mark-Jan Nederhof, sign-function list (Unicode 5.2 set), https://mjn.host.cs.st-andrews.ac.uk/egyptian/unicode/ — used under his written grant of 2026-09-04; published here CC BY 4.0"
𓊛,P1,U+1329B,determinative,,"boat, ship, travel by water",,,"Mark-Jan Nederhof, sign-function list (Unicode 5.2 set), https://mjn.host.cs.st-andrews.ac.uk/egyptian/unicode/ — used under his written grant of 2026-09-04; published here CC BY 4.0"
𓊜,P1a,U+1329C,determinative,pnꜥ,overturn,,,"Mark-Jan Nederhof, sign-function list (Unicode 5.2 set), https://mjn.host.cs.st-andrews.ac.uk/egyptian/unicode/ — used under his written grant of 2026-09-04; published here CC BY 4.0"
𓊝,P2,U+1329D,determinative,ḫntꞽ,sail upstream,,root=ḫnt,"Mark-Jan Nederhof, sign-function list (Unicode 5.2 set), https://mjn.host.cs.st-andrews.ac.uk/egyptian/unicode/ — used under his written grant of 2026-09-04; published here CC BY 4.0"
𓊞,P3,U+1329E,logogram or determinative,wꞽꜣ,sacred bark,,,"Mark-Jan Nederhof, sign-function list (Unicode 5.2 set), https://mjn.host.cs.st-andrews.ac.uk/egyptian/unicode/ — used under his written grant of 2026-09-04; published here CC BY 4.0"
𓊞,P3,U+1329E,determinative,,"divine boats, divine journeys",,,"Mark-Jan Nederhof, sign-function list (Unicode 5.2 set), https://mjn.host.cs.st-andrews.ac.uk/egyptian/unicode/ — used under his written grant of 2026-09-04; published here CC BY 4.0"
𓊠,P4,U+132A0,logogram,wḥꜥ,fisherman,,,"Mark-Jan Nederhof, sign-function list (Unicode 5.2 set), https://mjn.host.cs.st-andrews.ac.uk/egyptian/unicode/ — used under his written grant of 2026-09-04; published here CC BY 4.0"
𓊡,P5,U+132A1,logogram or determinative,ṯꜣw,breath,,,"Mark-Jan Nederhof, sign-function list (Unicode 5.2 set), https://mjn.host.cs.st-andrews.ac.uk/egyptian/unicode/ — used under his written grant of 2026-09-04; published here CC BY 4.0"
𓊡,P5,U+132A1,determinative,,"wind, sail",,,"Mark-Jan Nederhof, sign-function list (Unicode 5.2 set), https://mjn.host.cs.st-andrews.ac.uk/egyptian/unicode/ — used under his written grant of 2026-09-04; published here CC BY 4.0"
𓊡,P5,U+132A1,logogram or determinative,nfw,skipper,,,"Mark-Jan Nederhof, sign-function list (Unicode 5.2 set), https://mjn.host.cs.st-andrews.ac.uk/egyptian/unicode/ — used under his written grant of 2026-09-04; published here CC BY 4.0"
𓊢,P6,U+132A2,phonogram,ꜥḥꜥ,,,,"Mark-Jan Nederhof, sign-function list (Unicode 5.2 set), https://mjn.host.cs.st-andrews.ac.uk/egyptian/unicode/ — used under his written grant of 2026-09-04; published here CC BY 4.0"
𓊤,P8,U+132A4,logogram or determinative,wsr,oar,,,"Mark-Jan Nederhof, sign-function list (Unicode 5.2 set), https://mjn.host.cs.st-andrews.ac.uk/egyptian/unicode/ — used under his written grant of 2026-09-04; published here CC BY 4.0"
𓊤,P8,U+132A4,logogram or determinative,ḥpt,oar,,root=ḥp,"Mark-Jan Nederhof, sign-function list (Unicode 5.2 set), https://mjn.host.cs.st-andrews.ac.uk/egyptian/unicode/ — used under his written grant of 2026-09-04; published here CC BY 4.0"
𓊤,P8,U+132A4,determinative,,oar,,,"Mark-Jan Nederhof, sign-function list (Unicode 5.2 set), https://mjn.host.cs.st-andrews.ac.uk/egyptian/unicode/ — used under his written grant of 2026-09-04; published here CC BY 4.0"
𓊤,P8,U+132A4,phonogram,ḫrw,,,,"Mark-Jan Nederhof, sign-function list (Unicode 5.2 set), https://mjn.host.cs.st-andrews.ac.uk/egyptian/unicode/ — used under his written grant of 2026-09-04; published here CC BY 4.0"
𓊥,P9,U+132A5,logogram,ḫrwꞽ=fꞽ,he says,,,"Mark-Jan Nederhof, sign-function list (Unicode 5.2 set), https://mjn.host.cs.st-andrews.ac.uk/egyptian/unicode/ — used under his written grant of 2026-09-04; published here CC BY 4.0"
𓊦,P10,U+132A6,logogram or determinative,ḥmw,steering oar,,root=ḥm,"Mark-Jan Nederhof, sign-function list (Unicode 5.2 set), https://mjn.host.cs.st-andrews.ac.uk/egyptian/unicode/ — used under his written grant of 2026-09-04; published here CC BY 4.0"
𓊧,P11,U+132A7,logogram or determinative,mnꞽt,mooring post,,root=mnꞽ,"Mark-Jan Nederhof, sign-function list (Unicode 5.2 set), https://mjn.host.cs.st-andrews.ac.uk/egyptian/unicode/ — used under his written grant of 2026-09-04; published here CC BY 4.0"
𓊨,Q1,U+132A8,logogram,st,seat,,root=s,"Mark-Jan Nederhof, sign-function list (Unicode 5.2 set), https://mjn.host.cs.st-andrews.ac.uk/egyptian/unicode/ — used under his written grant of 2026-09-04; published here CC BY 4.0"
𓊨,Q1,U+132A8,phonogram,st,,,,"Mark-Jan Nederhof, sign-function list (Unicode 5.2 set), https://mjn.host.cs.st-andrews.ac.uk/egyptian/unicode/ — used under his written grant of 2026-09-04; published here CC BY 4.0"
𓊨,Q1,U+132A8,phonogram,ws,,,,"Mark-Jan Nederhof, sign-function list (Unicode 5.2 set), https://mjn.host.cs.st-andrews.ac.uk/egyptian/unicode/ — used under his written grant of 2026-09-04; published here CC BY 4.0"
𓊨,Q1,U+132A8,phonogram,ꜣs,,,,"Mark-Jan Nederhof, sign-function list (Unicode 5.2 set), https://mjn.host.cs.st-andrews.ac.uk/egyptian/unicode/ — used under his written grant of 2026-09-04; published here CC BY 4.0"
𓊨,Q1,U+132A8,phonogram,ḥtm,,,,"Mark-Jan Nederhof, sign-function list (Unicode 5.2 set), https://mjn.host.cs.st-andrews.ac.uk/egyptian/unicode/ — used under his written grant of 2026-09-04; published here CC BY 4.0"
𓊩,Q2,U+132A9,logogram,st,seat,,root=s,"Mark-Jan Nederhof, sign-function list (Unicode 5.2 set), https://mjn.host.cs.st-andrews.ac.uk/egyptian/unicode/ — used under his written grant of 2026-09-04; published here CC BY 4.0"
𓊩,Q2,U+132A9,phonogram,ws,,,,"Mark-Jan Nederhof, sign-function list (Unicode 5.2 set), https://mjn.host.cs.st-andrews.ac.uk/egyptian/unicode/ — used under his written grant of 2026-09-04; published here CC BY 4.0"
𓊪,Q3,U+132AA,logogram,p,base,,,"Mark-Jan Nederhof, sign-function list (Unicode 5.2 set), https://mjn.host.cs.st-andrews.ac.uk/egyptian/unicode/ — used under his written grant of 2026-09-04; published here CC BY 4.0"
𓊪,Q3,U+132AA,phonogram,p,,,,"Mark-Jan Nederhof, sign-function list (Unicode 5.2 set), https://mjn.host.cs.st-andrews.ac.uk/egyptian/unicode/ — used under his written grant of 2026-09-04; published here CC BY 4.0"
𓊫,Q4,U+132AB,logogram or determinative,wrs,head-rest,,,"Mark-Jan Nederhof, sign-function list (Unicode 5.2 set), https://mjn.host.cs.st-andrews.ac.uk/egyptian/unicode/ — used under his written grant of 2026-09-04; published here CC BY 4.0"
𓊬,Q5,U+132AC,determinative,,"box, chest",,,"Mark-Jan Nederhof, sign-function list (Unicode 5.2 set), https://mjn.host.cs.st-andrews.ac.uk/egyptian/unicode/ — used under his written grant of 2026-09-04; published here CC BY 4.0"
𓊭,Q6,U+132AD,logogram or determinative,qrsw,coffin,,root=qrs,"Mark-Jan Nederhof, sign-function list (Unicode 5.2 set), https://mjn.host.cs.st-andrews.ac.uk/egyptian/unicode/ — used under his written grant of 2026-09-04; published here CC BY 4.0"
𓊭,Q6,U+132AD,determinative,,burial,,,"Mark-Jan Nederhof, sign-function list (Unicode 5.2 set), https://mjn.host.cs.st-andrews.ac.uk/egyptian/unicode/ — used under his written grant of 2026-09-04; published here CC BY 4.0"
𓊮,Q7,U+132AE,determinative,,"fire, flame, cook",,,"Mark-Jan Nederhof, sign-function list (Unicode 5.2 set), https://mjn.host.cs.st-andrews.ac.uk/egyptian/unicode/ — used under his written grant of 2026-09-04; published here CC BY 4.0"
𓊮,Q7,U+132AE,logogram or determinative,srf,temperature,,,"Mark-Jan Nederhof, sign-function list (Unicode 5.2 set), https://mjn.host.cs.st-andrews.ac.uk/egyptian/unicode/ — used under his written grant of 2026-09-04; published here CC BY 4.0"
𓊮,Q7,U+132AE,logogram,nsrsr,Fire-Island,Q7*Q7,,"Mark-Jan Nederhof, sign-function list (Unicode 5.2 set), https://mjn.host.cs.st-andrews.ac.uk/egyptian/unicode/ — used under his written grant of 2026-09-04; published here CC BY 4.0"
𓊯,R1,U+132AF,logogram or determinative,ḫꜣwt,table of offerings,,root=ḫꜣw,"Mark-Jan Nederhof, sign-function list (Unicode 5.2 set), https://mjn.host.cs.st-andrews.ac.uk/egyptian/unicode/ — used under his written grant of 2026-09-04; published here CC BY 4.0"
𓊲,R3,U+132B2,logogram or determinative,wdḥw,table of offerings,,,"Mark-Jan Nederhof, sign-function list (Unicode 5.2 set), https://mjn.host.cs.st-andrews.ac.uk/egyptian/unicode/ — used under his written grant of 2026-09-04; published here CC BY 4.0"
𓊵,R4,U+132B5,logogram,ḥtp,altar,,,"Mark-Jan Nederhof, sign-function list (Unicode 5.2 set), https://mjn.host.cs.st-andrews.ac.uk/egyptian/unicode/ — used under his written grant of 2026-09-04; published here CC BY 4.0"
𓊵,R4,U+132B5,phonogram,ḥtp,,,,"Mark-Jan Nederhof, sign-function list (Unicode 5.2 set), https://mjn.host.cs.st-andrews.ac.uk/egyptian/unicode/ — used under his written grant of 2026-09-04; published here CC BY 4.0"
𓊶,R5,U+132B6,logogram or determinative,kꜣp,fumigate,,,"Mark-Jan Nederhof, sign-function list (Unicode 5.2 set), https://mjn.host.cs.st-andrews.ac.uk/egyptian/unicode/ — used under his written grant of 2026-09-04; published here CC BY 4.0"
𓊶,R5,U+132B6,phonogram,kꜣp,,,,"Mark-Jan Nederhof, sign-function list (Unicode 5.2 set), https://mjn.host.cs.st-andrews.ac.uk/egyptian/unicode/ — used under his written grant of 2026-09-04; published here CC BY 4.0"
𓊸,R7,U+132B8,logogram or determinative,snṯr,incense,,,"Mark-Jan Nederhof, sign-function list (Unicode 5.2 set), https://mjn.host.cs.st-andrews.ac.uk/egyptian/unicode/ — used under his written grant of 2026-09-04; published here CC BY 4.0"
𓊹,R8,U+132B9,logogram,nṯr,god,,,"Mark-Jan Nederhof, sign-function list (Unicode 5.2 set), https://mjn.host.cs.st-andrews.ac.uk/egyptian/unicode/ — used under his written grant of 2026-09-04; published here CC BY 4.0"
𓊹,R8,U+132B9,determinative,,god,,,"Mark-Jan Nederhof, sign-function list (Unicode 5.2 set), https://mjn.host.cs.st-andrews.ac.uk/egyptian/unicode/ — used under his written grant of 2026-09-04; published here CC BY 4.0"
𓊺,R9,U+132BA,logogram or determinative,bd,natron,,,"Mark-Jan Nederhof, sign-function list (Unicode 5.2 set), https://mjn.host.cs.st-andrews.ac.uk/egyptian/unicode/ — used under his written grant of 2026-09-04; published here CC BY 4.0"
𓊻,R10,U+132BB,logogram,ẖrt-nṯr,necropolis,,,"Mark-Jan Nederhof, sign-function list (Unicode 5.2 set), https://mjn.host.cs.st-andrews.ac.uk/egyptian/unicode/ — used under his written grant of 2026-09-04; published here CC BY 4.0"
𓊽,R11,U+132BD,logogram,ḏd,djed-column,,,"Mark-Jan Nederhof, sign-function list (Unicode 5.2 set), https://mjn.host.cs.st-andrews.ac.uk/egyptian/unicode/ — used under his written grant of 2026-09-04; published here CC BY 4.0"
𓊽,R11,U+132BD,phonogram,ḏd,,,,"Mark-Jan Nederhof, sign-function list (Unicode 5.2 set), https://mjn.host.cs.st-andrews.ac.uk/egyptian/unicode/ — used under his written grant of 2026-09-04; published here CC BY 4.0"
𓊾,R12,U+132BE,determinative,ꞽꜣt,standard,,root=ꞽꜣ,"Mark-Jan Nederhof, sign-function list (Unicode 5.2 set), https://mjn.host.cs.st-andrews.ac.uk/egyptian/unicode/ — used under his written grant of 2026-09-04; published here CC BY 4.0"
𓊾,R12,U+132BE,determinative,,god,,,"Mark-Jan Nederhof, sign-function list (Unicode 5.2 set), https://mjn.host.cs.st-andrews.ac.uk/egyptian/unicode/ — used under his written grant of 2026-09-04; published here CC BY 4.0"
𓊿,R13,U+132BF,logogram or determinative,ꞽmnt,west,,root=ꞽmn,"Mark-Jan Nederhof, sign-function list (Unicode 5.2 set), https://mjn.host.cs.st-andrews.ac.uk/egyptian/unicode/ — used under his written grant of 2026-09-04; published here CC BY 4.0"
𓋀,R14,U+132C0,logogram,ꞽmnt,west,,root=ꞽmn,"Mark-Jan Nederhof, sign-function list (Unicode 5.2 set), https://mjn.host.cs.st-andrews.ac.uk/egyptian/unicode/ — used under his written grant of 2026-09-04; published here CC BY 4.0"
𓋀,R14,U+132C0,logogram,wnmꞽ,right,,root=wnm,"Mark-Jan Nederhof, sign-function list (Unicode 5.2 set), https://mjn.host.cs.st-andrews.ac.uk/egyptian/unicode/ — used under his written grant of 2026-09-04; published here CC BY 4.0"
𓋁,R15,U+132C1,logogram,ꞽꜣbt,east,,root=ꞽꜣb,"Mark-Jan Nederhof, sign-function list (Unicode 5.2 set), https://mjn.host.cs.st-andrews.ac.uk/egyptian/unicode/ — used under his written grant of 2026-09-04; published here CC BY 4.0"
𓋁,R15,U+132C1,phonogram,ꜣb,,,,"Mark-Jan Nederhof, sign-function list (Unicode 5.2 set), https://mjn.host.cs.st-andrews.ac.uk/egyptian/unicode/ — used under his written grant of 2026-09-04; published here CC BY 4.0"
𓋂,R16,U+132C2,logogram or determinative,wḫ,ukh-fetish,,,"Mark-Jan Nederhof, sign-function list (Unicode 5.2 set), https://mjn.host.cs.st-andrews.ac.uk/egyptian/unicode/ — used under his written grant of 2026-09-04; published here CC BY 4.0"
𓋃,R16a,U+132C3,logogram or determinative,^nfr-tm,Nefertem,,,"Mark-Jan Nederhof, sign-function list (Unicode 5.2 set), https://mjn.host.cs.st-andrews.ac.uk/egyptian/unicode/ — used under his written grant of 2026-09-04; published here CC BY 4.0"
𓋆,R19,U+132C6,logogram,^wꜣst,Thebes,,,"Mark-Jan Nederhof, sign-function list (Unicode 5.2 set), https://mjn.host.cs.st-andrews.ac.uk/egyptian/unicode/ — used under his written grant of 2026-09-04; published here CC BY 4.0"
𓋇,R20,U+132C7,logogram,^sšꜣt,Seshat,,,"Mark-Jan Nederhof, sign-function list (Unicode 5.2 set), https://mjn.host.cs.st-andrews.ac.uk/egyptian/unicode/ — used under his written grant of 2026-09-04; published here CC BY 4.0"
𓋉,R22,U+132C9,logogram,^mnw,Min,,,"Mark-Jan Nederhof, sign-function list (Unicode 5.2 set), https://mjn.host.cs.st-andrews.ac.uk/egyptian/unicode/ — used under his written grant of 2026-09-04; published here CC BY 4.0"
𓋉,R22,U+132C9,logogram,^ḫm,Ausim,,,"Mark-Jan Nederhof, sign-function list (Unicode 5.2 set), https://mjn.host.cs.st-andrews.ac.uk/egyptian/unicode/ — used under his written grant of 2026-09-04; published here CC BY 4.0"
𓋉,R22,U+132C9,phonogram,ḫm,,,,"Mark-Jan Nederhof, sign-function list (Unicode 5.2 set), https://mjn.host.cs.st-andrews.ac.uk/egyptian/unicode/ — used under his written grant of 2026-09-04; published here CC BY 4.0"
𓋋,R24,U+132CB,logogram,^nꞽt,Neith,,,"Mark-Jan Nederhof, sign-function list (Unicode 5.2 set), https://mjn.host.cs.st-andrews.ac.uk/egyptian/unicode/ — used under his written grant of 2026-09-04; published here CC BY 4.0"
𓋍,R26,U+132CD,logogram,smꜣ,unite,,,"Mark-Jan Nederhof, sign-function list (Unicode 5.2 set), https://mjn.host.cs.st-andrews.ac.uk/egyptian/unicode/ — used under his written grant of 2026-09-04; published here CC BY 4.0"
𓋎,R27,U+132CE,logogram,^nꞽt,Neith,,,"Mark-Jan Nederhof, sign-function list (Unicode 5.2 set), https://mjn.host.cs.st-andrews.ac.uk/egyptian/unicode/ — used under his written grant of 2026-09-04; published here CC BY 4.0"
𓋏,R28,U+132CF,logogram or determinative,bꜣt,Bat (symbol of Hathor),,,"Mark-Jan Nederhof, sign-function list (Unicode 5.2 set), https://mjn.host.cs.st-andrews.ac.uk/egyptian/unicode/ — used under his written grant of 2026-09-04; published here CC BY 4.0"
𓋐,R29,U+132D0,logogram,ꞽtrt,niche (for statues),,root=ꞽtr,"Mark-Jan Nederhof, sign-function list (Unicode 5.2 set), https://mjn.host.cs.st-andrews.ac.uk/egyptian/unicode/ — used under his written grant of 2026-09-04; published here CC BY 4.0"
𓋑,S1,U+132D1,logogram or determinative,ḥḏt,white crown,,,"Mark-Jan Nederhof, sign-function list (Unicode 5.2 set), https://mjn.host.cs.st-andrews.ac.uk/egyptian/unicode/ — used under his written grant of 2026-09-04; published here CC BY 4.0"
𓋑,S1,U+132D1,determinative,,white crown,,,"Mark-Jan Nederhof, sign-function list (Unicode 5.2 set), https://mjn.host.cs.st-andrews.ac.uk/egyptian/unicode/ — used under his written grant of 2026-09-04; published here CC BY 4.0"
𓋓,S2a,U+132D3,logogram,šmꜥ=s,crown of Upper Egypt,,,"Mark-Jan Nederhof, sign-function list (Unicode 5.2 set), https://mjn.host.cs.st-andrews.ac.uk/egyptian/unicode/ — used under his written grant of 2026-09-04; published here CC BY 4.0"
𓋔,S3,U+132D4,logogram or determinative,dšrt,red crown,,,"Mark-Jan Nederhof, sign-function list (Unicode 5.2 set), https://mjn.host.cs.st-andrews.ac.uk/egyptian/unicode/ — used under his written grant of 2026-09-04; published here CC BY 4.0"
𓋔,S3,U+132D4,determinative,,red crown,,,"Mark-Jan Nederhof, sign-function list (Unicode 5.2 set), https://mjn.host.cs.st-andrews.ac.uk/egyptian/unicode/ — used under his written grant of 2026-09-04; published here CC BY 4.0"
𓋔,S3,U+132D4,phonogram,n,,,period=18-,"Mark-Jan Nederhof, sign-function list (Unicode 5.2 set), https://mjn.host.cs.st-andrews.ac.uk/egyptian/unicode/ — used under his written grant of 2026-09-04; published here CC BY 4.0"
𓋕,S4,U+132D5,logogram or determinative,nt,net-crown,,,"Mark-Jan Nederhof, sign-function list (Unicode 5.2 set), https://mjn.host.cs.st-andrews.ac.uk/egyptian/unicode/ — used under his written grant of 2026-09-04; published here CC BY 4.0"
𓋕,S4,U+132D5,determinative,,red crown,,,"Mark-Jan Nederhof, sign-function list (Unicode 5.2 set), https://mjn.host.cs.st-andrews.ac.uk/egyptian/unicode/ — used under his written grant of 2026-09-04; published here CC BY 4.0"
𓋕,S4,U+132D5,phonogram,n,,,,"Mark-Jan Nederhof, sign-function list (Unicode 5.2 set), https://mjn.host.cs.st-andrews.ac.uk/egyptian/unicode/ — used under his written grant of 2026-09-04; published here CC BY 4.0"
𓋖,S5,U+132D6,logogram or determinative,sḫmtꞽ,double crown,,,"Mark-Jan Nederhof, sign-function list (Unicode 5.2 set), https://mjn.host.cs.st-andrews.ac.uk/egyptian/unicode/ — used under his written grant of 2026-09-04; published here CC BY 4.0"
𓋗,S6,U+132D7,determinative,,double crown,,,"Mark-Jan Nederhof, sign-function list (Unicode 5.2 set), https://mjn.host.cs.st-andrews.ac.uk/egyptian/unicode/ — used under his written grant of 2026-09-04; published here CC BY 4.0"
𓋘,S6a,U+132D8,logogram,mḥw=s,crown of Lower Egypt,,,"Mark-Jan Nederhof, sign-function list (Unicode 5.2 set), https://mjn.host.cs.st-andrews.ac.uk/egyptian/unicode/ — used under his written grant of 2026-09-04; published here CC BY 4.0"
𓋙,S7,U+132D9,logogram or determinative,ḫprš,blue crown,,,"Mark-Jan Nederhof, sign-function list (Unicode 5.2 set), https://mjn.host.cs.st-andrews.ac.uk/egyptian/unicode/ — used under his written grant of 2026-09-04; published here CC BY 4.0"
𓋚,S8,U+132DA,logogram or determinative,ꜣtf,atef-crown,,,"Mark-Jan Nederhof, sign-function list (Unicode 5.2 set), https://mjn.host.cs.st-andrews.ac.uk/egyptian/unicode/ — used under his written grant of 2026-09-04; published here CC BY 4.0"
𓋛,S9,U+132DB,logogram or determinative,šwtꞽ,double plumes,,,"Mark-Jan Nederhof, sign-function list (Unicode 5.2 set), https://mjn.host.cs.st-andrews.ac.uk/egyptian/unicode/ — used under his written grant of 2026-09-04; published here CC BY 4.0"
𓋜,S10,U+132DC,logogram or determinative,wꜣḥ,wreath,,,"Mark-Jan Nederhof, sign-function list (Unicode 5.2 set), https://mjn.host.cs.st-andrews.ac.uk/egyptian/unicode/ — used under his written grant of 2026-09-04; published here CC BY 4.0"
𓋜,S10,U+132DC,phonogram,mḏḥ,,,,"Mark-Jan Nederhof, sign-function list (Unicode 5.2 set), https://mjn.host.cs.st-andrews.ac.uk/egyptian/unicode/ — used under his written grant of 2026-09-04; published here CC BY 4.0"
𓋜,S10,U+132DC,logogram,mḏḥ,carpenter,,,"Mark-Jan Nederhof, sign-function list (Unicode 5.2 set), https://mjn.host.cs.st-andrews.ac.uk/egyptian/unicode/ — used under his written grant of 2026-09-04; published here CC BY 4.0"
𓋝,S11,U+132DD,logogram or determinative,wsḫ,collar,,,"Mark-Jan Nederhof, sign-function list (Unicode 5.2 set), https://mjn.host.cs.st-andrews.ac.uk/egyptian/unicode/ — used under his written grant of 2026-09-04; published here CC BY 4.0"
𓋝,S11,U+132DD,phonogram or phonetic determinative,wsḫ,,,,"Mark-Jan Nederhof, sign-function list (Unicode 5.2 set), https://mjn.host.cs.st-andrews.ac.uk/egyptian/unicode/ — used under his written grant of 2026-09-04; published here CC BY 4.0"
𓋞,S12,U+132DE,logogram,nbw,gold,,root=nb,"Mark-Jan Nederhof, sign-function list (Unicode 5.2 set), https://mjn.host.cs.st-andrews.ac.uk/egyptian/unicode/ — used under his written grant of 2026-09-04; published here CC BY 4.0"
𓋞,S12,U+132DE,determinative,,precious metal,,,"Mark-Jan Nederhof, sign-function list (Unicode 5.2 set), https://mjn.host.cs.st-andrews.ac.uk/egyptian/unicode/ — used under his written grant of 2026-09-04; published here CC BY 4.0"
𓋟,S13,U+132DF,logogram,nbꞽ,gild,,root=nb,"Mark-Jan Nederhof, sign-function list (Unicode 5.2 set), https://mjn.host.cs.st-andrews.ac.uk/egyptian/unicode/ — used under his written grant of 2026-09-04; published here CC BY 4.0"
𓋠,S14,U+132E0,logogram,ḥḏ,silver,,,"Mark-Jan Nederhof, sign-function list (Unicode 5.2 set), https://mjn.host.cs.st-andrews.ac.uk/egyptian/unicode/ — used under his written grant of 2026-09-04; published here CC BY 4.0"
𓋡,S14a,U+132E1,logogram,ḏꜥm,electrum,,,"Mark-Jan Nederhof, sign-function list (Unicode 5.2 set), https://mjn.host.cs.st-andrews.ac.uk/egyptian/unicode/ — used under his written grant of 2026-09-04; published here CC BY 4.0"
𓋣,S15,U+132E3,logogram or determinative,ṯḥnt,fayence,,root=ṯḥn,"Mark-Jan Nederhof, sign-function list (Unicode 5.2 set), https://mjn.host.cs.st-andrews.ac.uk/egyptian/unicode/ — used under his written grant of 2026-09-04; published here CC BY 4.0"
𓋦,S17a,U+132E6,logogram or determinative,^šsmtt,Shesmetet,,,"Mark-Jan Nederhof, sign-function list (Unicode 5.2 set), https://mjn.host.cs.st-andrews.ac.uk/egyptian/unicode/ — used under his written grant of 2026-09-04; published here CC BY 4.0"
𓋦,S17a,U+132E6,phonogram,šsm,,,,"Mark-Jan Nederhof, sign-function list (Unicode 5.2 set), https://mjn.host.cs.st-andrews.ac.uk/egyptian/unicode/ — used under his written grant of 2026-09-04; published here CC BY 4.0"
𓋧,S18,U+132E7,logogram or determinative,mnꞽt,bead-necklace,,root=mnꞽ,"Mark-Jan Nederhof, sign-function list (Unicode 5.2 set), https://mjn.host.cs.st-andrews.ac.uk/egyptian/unicode/ — used under his written grant of 2026-09-04; published here CC BY 4.0"
𓋨,S19,U+132E8,logogram,ḫtmw,treasurer,,certain=false,"Mark-Jan Nederhof, sign-function list (Unicode 5.2 set), https://mjn.host.cs.st-andrews.ac.uk/egyptian/unicode/ — used under his written grant of 2026-09-04; published here CC BY 4.0"
𓋩,S20,U+132E9,logogram or determinative,ḫtm,seal,,,"Mark-Jan Nederhof, sign-function list (Unicode 5.2 set), https://mjn.host.cs.st-andrews.ac.uk/egyptian/unicode/ — used under his written grant of 2026-09-04; published here CC BY 4.0"
𓋩,S20,U+132E9,determinative,,seal,,,"Mark-Jan Nederhof, sign-function list (Unicode 5.2 set), https://mjn.host.cs.st-andrews.ac.uk/egyptian/unicode/ — used under his written grant of 2026-09-04; published here CC BY 4.0"
𓋩,S20,U+132E9,logogram or determinative,šnꜥtꞽ,shenoti,,,"Mark-Jan Nederhof, sign-function list (Unicode 5.2 set), https://mjn.host.cs.st-andrews.ac.uk/egyptian/unicode/ — used under his written grant of 2026-09-04; published here CC BY 4.0"
𓋪,S21,U+132EA,determinative,,ring,,,"Mark-Jan Nederhof, sign-function list (Unicode 5.2 set), https://mjn.host.cs.st-andrews.ac.uk/egyptian/unicode/ — used under his written grant of 2026-09-04; published here CC BY 4.0"
𓋫,S22,U+132EB,phonogram,sṯ,,,,"Mark-Jan Nederhof, sign-function list (Unicode 5.2 set), https://mjn.host.cs.st-andrews.ac.uk/egyptian/unicode/ — used under his written grant of 2026-09-04; published here CC BY 4.0"
𓋫,S22,U+132EB,logogram or determinative,tꜣ-wr,larboard,,,"Mark-Jan Nederhof, sign-function list (Unicode 5.2 set), https://mjn.host.cs.st-andrews.ac.uk/egyptian/unicode/ — used under his written grant of 2026-09-04; published here CC BY 4.0"
𓋬,S23,U+132EC,logogram or determinative,dmḏ,unite,,,"Mark-Jan Nederhof, sign-function list (Unicode 5.2 set), https://mjn.host.cs.st-andrews.ac.uk/egyptian/unicode/ — used under his written grant of 2026-09-04; published here CC BY 4.0"
𓋬,S23,U+132EC,phonogram,dmḏ,,,,"Mark-Jan Nederhof, sign-function list (Unicode 5.2 set), https://mjn.host.cs.st-andrews.ac.uk/egyptian/unicode/ — used under his written grant of 2026-09-04; published here CC BY 4.0"
𓋭,S24,U+132ED,logogram or determinative,ṯst,knot,,root=ṯs,"Mark-Jan Nederhof, sign-function list (Unicode 5.2 set), https://mjn.host.cs.st-andrews.ac.uk/egyptian/unicode/ — used under his written grant of 2026-09-04; published here CC BY 4.0"
𓋭,S24,U+132ED,logogram or determinative,ṯs,vertebra,,,"Mark-Jan Nederhof, sign-function list (Unicode 5.2 set), https://mjn.host.cs.st-andrews.ac.uk/egyptian/unicode/ — used under his written grant of 2026-09-04; published here CC BY 4.0"
𓋭,S24,U+132ED,phonogram,ṯs,,,,"Mark-Jan Nederhof, sign-function list (Unicode 5.2 set), https://mjn.host.cs.st-andrews.ac.uk/egyptian/unicode/ — used under his written grant of 2026-09-04; published here CC BY 4.0"
𓋮,S25,U+132EE,determinative,,apron,,,"Mark-Jan Nederhof, sign-function list (Unicode 5.2 set), https://mjn.host.cs.st-andrews.ac.uk/egyptian/unicode/ — used under his written grant of 2026-09-04; published here CC BY 4.0"
𓋮,S25,U+132EE,logogram or determinative,ꜥꜣw,interpreter,,,"Mark-Jan Nederhof, sign-function list (Unicode 5.2 set), https://mjn.host.cs.st-andrews.ac.uk/egyptian/unicode/ — used under his written grant of 2026-09-04; published here CC BY 4.0"
𓋯,S26,U+132EF,logogram or determinative,šnḏwt,apron,,root=šnḏ,"Mark-Jan Nederhof, sign-function list (Unicode 5.2 set), https://mjn.host.cs.st-andrews.ac.uk/egyptian/unicode/ — used under his written grant of 2026-09-04; published here CC BY 4.0"
𓋰,S26a,U+132F0,logogram or determinative,dꜣꞽw,apron,,,"Mark-Jan Nederhof, sign-function list (Unicode 5.2 set), https://mjn.host.cs.st-andrews.ac.uk/egyptian/unicode/ — used under his written grant of 2026-09-04; published here CC BY 4.0"
𓋲,S27,U+132F2,logogram or determinative,mnḫt,clothing,,root=mnḫ,"Mark-Jan Nederhof, sign-function list (Unicode 5.2 set), https://mjn.host.cs.st-andrews.ac.uk/egyptian/unicode/ — used under his written grant of 2026-09-04; published here CC BY 4.0"
𓋳,S28,U+132F3,determinative,,clothing,,,"Mark-Jan Nederhof, sign-function list (Unicode 5.2 set), https://mjn.host.cs.st-andrews.ac.uk/egyptian/unicode/ — used under his written grant of 2026-09-04; published here CC BY 4.0"
𓋴,S29,U+132F4,phonogram,s,,,,"Mark-Jan Nederhof, sign-function list (Unicode 5.2 set), https://mjn.host.cs.st-andrews.ac.uk/egyptian/unicode/ — used under his written grant of 2026-09-04; published here CC BY 4.0"
𓋴,S29,U+132F4,logogram,ꜥ.w.s.,l.p.h.!,S34*U28*S29,,"Mark-Jan Nederhof, sign-function list (Unicode 5.2 set), https://mjn.host.cs.st-andrews.ac.uk/egyptian/unicode/ — used under his written grant of 2026-09-04; published here CC BY 4.0"
𓋵,S30,U+132F5,phonogram,sf,,,,"Mark-Jan Nederhof, sign-function list (Unicode 5.2 set), https://mjn.host.cs.st-andrews.ac.uk/egyptian/unicode/ — used under his written grant of 2026-09-04; published here CC BY 4.0"
𓋶,S31,U+132F6,phonogram,smꜣ,,,,"Mark-Jan Nederhof, sign-function list (Unicode 5.2 set), https://mjn.host.cs.st-andrews.ac.uk/egyptian/unicode/ — used under his written grant of 2026-09-04; published here CC BY 4.0"
𓋷,S32,U+132F7,logogram or determinative,sꞽꜣt,piece of cloth,,root=sꞽꜣ,"Mark-Jan Nederhof, sign-function list (Unicode 5.2 set), https://mjn.host.cs.st-andrews.ac.uk/egyptian/unicode/ — used under his written grant of 2026-09-04; published here CC BY 4.0"
𓋷,S32,U+132F7,phonogram,sꞽꜣ,,,,"Mark-Jan Nederhof, sign-function list (Unicode 5.2 set), https://mjn.host.cs.st-andrews.ac.uk/egyptian/unicode/ — used under his written grant of 2026-09-04; published here CC BY 4.0"
𓋸,S33,U+132F8,logogram or determinative,ṯbt,sandal,,root=ṯb,"Mark-Jan Nederhof, sign-function list (Unicode 5.2 set), https://mjn.host.cs.st-andrews.ac.uk/egyptian/unicode/ — used under his written grant of 2026-09-04; published here CC BY 4.0"
𓋹,S34,U+132F9,logogram,ꜥnḫ,sandal-strap,,,"Mark-Jan Nederhof, sign-function list (Unicode 5.2 set), https://mjn.host.cs.st-andrews.ac.uk/egyptian/unicode/ — used under his written grant of 2026-09-04; published here CC BY 4.0"
𓋹,S34,U+132F9,logogram,ꜥnḫ,life,,,"Mark-Jan Nederhof, sign-function list (Unicode 5.2 set), https://mjn.host.cs.st-andrews.ac.uk/egyptian/unicode/ — used under his written grant of 2026-09-04; published here CC BY 4.0"
𓋹,S34,U+132F9,phonogram,ꜥnḫ,,,,"Mark-Jan Nederhof, sign-function list (Unicode 5.2 set), https://mjn.host.cs.st-andrews.ac.uk/egyptian/unicode/ — used under his written grant of 2026-09-04; published here CC BY 4.0"
𓋹,S34,U+132F9,logogram,ꜥ.w.s.,l.p.h.!,S34*U28*S29,,"Mark-Jan Nederhof, sign-function list (Unicode 5.2 set), https://mjn.host.cs.st-andrews.ac.uk/egyptian/unicode/ — used under his written grant of 2026-09-04; published here CC BY 4.0"
𓋺,S35,U+132FA,logogram or determinative,šwt,shade,,root=šw,"Mark-Jan Nederhof, sign-function list (Unicode 5.2 set), https://mjn.host.cs.st-andrews.ac.uk/egyptian/unicode/ — used under his written grant of 2026-09-04; published here CC BY 4.0"
𓋺,S35,U+132FA,logogram or determinative,sryt,standard,,root=sry,"Mark-Jan Nederhof, sign-function list (Unicode 5.2 set), https://mjn.host.cs.st-andrews.ac.uk/egyptian/unicode/ — used under his written grant of 2026-09-04; published here CC BY 4.0"
𓋼,S36,U+132FC,logogram,^ḥpwꞽ,Hepui,S36*(.:Q3)*S36,,"Mark-Jan Nederhof, sign-function list (Unicode 5.2 set), https://mjn.host.cs.st-andrews.ac.uk/egyptian/unicode/ — used under his written grant of 2026-09-04; published here CC BY 4.0"
𓋽,S37,U+132FD,logogram or determinative,ḫw,fan,,,"Mark-Jan Nederhof, sign-function list (Unicode 5.2 set), https://mjn.host.cs.st-andrews.ac.uk/egyptian/unicode/ — used under his written grant of 2026-09-04; published here CC BY 4.0"
𓋾,S38,U+132FE,logogram or determinative,ḥqꜣt,sceptre,,root=ḥqꜣ,"Mark-Jan Nederhof, sign-function list (Unicode 5.2 set), https://mjn.host.cs.st-andrews.ac.uk/egyptian/unicode/ — used under his written grant of 2026-09-04; published here CC BY 4.0"
𓋾,S38,U+132FE,phonogram,ḥqꜣ,,,,"Mark-Jan Nederhof, sign-function list (Unicode 5.2 set), https://mjn.host.cs.st-andrews.ac.uk/egyptian/unicode/ — used under his written grant of 2026-09-04; published here CC BY 4.0"
𓋾,S38,U+132FE,logogram,ꜣqs,Akes,S38*[fit]N29*S29,,"Mark-Jan Nederhof, sign-function list (Unicode 5.2 set), https://mjn.host.cs.st-andrews.ac.uk/egyptian/unicode/ — used under his written grant of 2026-09-04; published here CC BY 4.0"
𓋿,S39,U+132FF,phonogram,ꜥwt,,,,"Mark-Jan Nederhof, sign-function list (Unicode 5.2 set), https://mjn.host.cs.st-andrews.ac.uk/egyptian/unicode/ — used under his written grant of 2026-09-04; published here CC BY 4.0"
𓌀,S40,U+13300,logogram or determinative,wꜣs,uas-sceptre,,,"Mark-Jan Nederhof, sign-function list (Unicode 5.2 set), https://mjn.host.cs.st-andrews.ac.uk/egyptian/unicode/ — used under his written grant of 2026-09-04; published here CC BY 4.0"
𓌀,S40,U+13300,phonogram or phonetic determinative,wꜣs,,,,"Mark-Jan Nederhof, sign-function list (Unicode 5.2 set), https://mjn.host.cs.st-andrews.ac.uk/egyptian/unicode/ — used under his written grant of 2026-09-04; published here CC BY 4.0"
𓌀,S40,U+13300,phonogram,wꜣb,,,,"Mark-Jan Nederhof, sign-function list (Unicode 5.2 set), https://mjn.host.cs.st-andrews.ac.uk/egyptian/unicode/ — used under his written grant of 2026-09-04; published here CC BY 4.0"
𓌀,S40,U+13300,phonogram,ꞽꜣtt,,,,"Mark-Jan Nederhof, sign-function list (Unicode 5.2 set), https://mjn.host.cs.st-andrews.ac.uk/egyptian/unicode/ — used under his written grant of 2026-09-04; published here CC BY 4.0"
𓌁,S41,U+13301,phonogram,ḏꜥm,,,period=18,"Mark-Jan Nederhof, sign-function list (Unicode 5.2 set), https://mjn.host.cs.st-andrews.ac.uk/egyptian/unicode/ — used under his written grant of 2026-09-04; published here CC BY 4.0"
𓌂,S42,U+13302,logogram or determinative,ꜥbꜣ,aba-sceptre,,,"Mark-Jan Nederhof, sign-function list (Unicode 5.2 set), https://mjn.host.cs.st-andrews.ac.uk/egyptian/unicode/ — used under his written grant of 2026-09-04; published here CC BY 4.0"
𓌂,S42,U+13302,phonogram or phonetic determinative,ꜥbꜣ,,,,"Mark-Jan Nederhof, sign-function list (Unicode 5.2 set), https://mjn.host.cs.st-andrews.ac.uk/egyptian/unicode/ — used under his written grant of 2026-09-04; published here CC BY 4.0"
𓌂,S42,U+13302,logogram,sḫm,sistrum,,,"Mark-Jan Nederhof, sign-function list (Unicode 5.2 set), https://mjn.host.cs.st-andrews.ac.uk/egyptian/unicode/ — used under his written grant of 2026-09-04; published here CC BY 4.0"
𓌂,S42,U+13302,phonogram,sḫm,,,,"Mark-Jan Nederhof, sign-function list (Unicode 5.2 set), https://mjn.host.cs.st-andrews.ac.uk/egyptian/unicode/ — used under his written grant of 2026-09-04; published here CC BY 4.0"
𓌂,S42,U+13302,logogram or determinative,ḫrp,control,,,"Mark-Jan Nederhof, sign-function list (Unicode 5.2 set), https://mjn.host.cs.st-andrews.ac.uk/egyptian/unicode/ — used under his written grant of 2026-09-04; published here CC BY 4.0"
𓌃,S43,U+13303,logogram,mdw,staff,,,"Mark-Jan Nederhof, sign-function list (Unicode 5.2 set), https://mjn.host.cs.st-andrews.ac.uk/egyptian/unicode/ — used under his written grant of 2026-09-04; published here CC BY 4.0"
𓌃,S43,U+13303,phonogram,mdw,,,,"Mark-Jan Nederhof, sign-function list (Unicode 5.2 set), https://mjn.host.cs.st-andrews.ac.uk/egyptian/unicode/ — used under his written grant of 2026-09-04; published here CC BY 4.0"
𓌄,S44,U+13304,logogram or determinative,ꜣms,ames-sceptre,,,"Mark-Jan Nederhof, sign-function list (Unicode 5.2 set), https://mjn.host.cs.st-andrews.ac.uk/egyptian/unicode/ — used under his written grant of 2026-09-04; published here CC BY 4.0"
𓌅,S45,U+13305,logogram or determinative,nḫꜣḫꜣ,flagellum,,,"Mark-Jan Nederhof, sign-function list (Unicode 5.2 set), https://mjn.host.cs.st-andrews.ac.uk/egyptian/unicode/ — used under his written grant of 2026-09-04; published here CC BY 4.0"
𓌆,S46,U+13306,phonogram,k,,,,"Mark-Jan Nederhof, sign-function list (Unicode 5.2 set), https://mjn.host.cs.st-andrews.ac.uk/egyptian/unicode/ — used under his written grant of 2026-09-04; published here CC BY 4.0"
𓌆,S46,U+13306,logogram or determinative,ꜥfnt,head-cloth,,,"Mark-Jan Nederhof, sign-function list (Unicode 5.2 set), https://mjn.host.cs.st-andrews.ac.uk/egyptian/unicode/ — used under his written grant of 2026-09-04; published here CC BY 4.0"
𓌇,T1,U+13307,phonogram,mnw,,,,"Mark-Jan Nederhof, sign-function list (Unicode 5.2 set), https://mjn.host.cs.st-andrews.ac.uk/egyptian/unicode/ — used under his written grant of 2026-09-04; published here CC BY 4.0"
𓌈,T2,U+13308,determinative,sqr,smite,,,"Mark-Jan Nederhof, sign-function list (Unicode 5.2 set), https://mjn.host.cs.st-andrews.ac.uk/egyptian/unicode/ — used under his written grant of 2026-09-04; published here CC BY 4.0"
𓌉,T3,U+13309,logogram,ḥḏ,mace,,,"Mark-Jan Nederhof, sign-function list (Unicode 5.2 set), https://mjn.host.cs.st-andrews.ac.uk/egyptian/unicode/ — used under his written grant of 2026-09-04; published here CC BY 4.0"
𓌉,T3,U+13309,phonogram,ḥḏ,,,,"Mark-Jan Nederhof, sign-function list (Unicode 5.2 set), https://mjn.host.cs.st-andrews.ac.uk/egyptian/unicode/ — used under his written grant of 2026-09-04; published here CC BY 4.0"
𓌊,T3a,U+1330A,phonogram,ḥḏw,,,,"Mark-Jan Nederhof, sign-function list (Unicode 5.2 set), https://mjn.host.cs.st-andrews.ac.uk/egyptian/unicode/ — used under his written grant of 2026-09-04; published here CC BY 4.0"
𓌍,T6,U+1330D,phonogram,ḥḏḏ,,,,"Mark-Jan Nederhof, sign-function list (Unicode 5.2 set), https://mjn.host.cs.st-andrews.ac.uk/egyptian/unicode/ — used under his written grant of 2026-09-04; published here CC BY 4.0"
𓌎,T7,U+1330E,logogram or determinative,mꞽbt,axe,,root=mꞽb,"Mark-Jan Nederhof, sign-function list (Unicode 5.2 set), https://mjn.host.cs.st-andrews.ac.uk/egyptian/unicode/ — used under his written grant of 2026-09-04; published here CC BY 4.0"
𓌎,T7,U+1330E,logogram or determinative,mḏḥ,carpenter,,,"Mark-Jan Nederhof, sign-function list (Unicode 5.2 set), https://mjn.host.cs.st-andrews.ac.uk/egyptian/unicode/ — used under his written grant of 2026-09-04; published here CC BY 4.0"
𓌏,T7a,U+1330F,logogram or determinative,ꞽqḥw,axe,,,"Mark-Jan Nederhof, sign-function list (Unicode 5.2 set), https://mjn.host.cs.st-andrews.ac.uk/egyptian/unicode/ — used under his written grant of 2026-09-04; published here CC BY 4.0"
𓌐,T8,U+13310,phonogram,tp,,,,"Mark-Jan Nederhof, sign-function list (Unicode 5.2 set), https://mjn.host.cs.st-andrews.ac.uk/egyptian/unicode/ — used under his written grant of 2026-09-04; published here CC BY 4.0"
𓌑,T8a,U+13311,logogram or determinative,bꜣgsw,dagger,,,"Mark-Jan Nederhof, sign-function list (Unicode 5.2 set), https://mjn.host.cs.st-andrews.ac.uk/egyptian/unicode/ — used under his written grant of 2026-09-04; published here CC BY 4.0"
𓌒,T9,U+13312,logogram or determinative,pḏt,bow,,root=pḏ,"Mark-Jan Nederhof, sign-function list (Unicode 5.2 set), https://mjn.host.cs.st-andrews.ac.uk/egyptian/unicode/ — used under his written grant of 2026-09-04; published here CC BY 4.0"
𓌒,T9,U+13312,phonogram or phonetic determinative,pḏ,,,,"Mark-Jan Nederhof, sign-function list (Unicode 5.2 set), https://mjn.host.cs.st-andrews.ac.uk/egyptian/unicode/ — used under his written grant of 2026-09-04; published here CC BY 4.0"
𓌔,T10,U+13314,logogram or determinative,ꞽwnt,bow,,root=ꞽwn,"Mark-Jan Nederhof, sign-function list (Unicode 5.2 set), https://mjn.host.cs.st-andrews.ac.uk/egyptian/unicode/ — used under his written grant of 2026-09-04; published here CC BY 4.0"
𓌕,T11,U+13315,logogram or determinative,šsr,arrow,,,"Mark-Jan Nederhof, sign-function list (Unicode 5.2 set), https://mjn.host.cs.st-andrews.ac.uk/egyptian/unicode/ — used under his written grant of 2026-09-04; published here CC BY 4.0"
𓌕,T11,U+13315,phonetic determinative,sẖr,,,,"Mark-Jan Nederhof, sign-function list (Unicode 5.2 set), https://mjn.host.cs.st-andrews.ac.uk/egyptian/unicode/ — used under his written grant of 2026-09-04; published here CC BY 4.0"
𓌕,T11,U+13315,phonetic determinative,sšr,,,,"Mark-Jan Nederhof, sign-function list (Unicode 5.2 set), https://mjn.host.cs.st-andrews.ac.uk/egyptian/unicode/ — used under his written grant of 2026-09-04; published here CC BY 4.0"
𓌕,T11,U+13315,phonetic determinative,sꞽn,,,,"Mark-Jan Nederhof, sign-function list (Unicode 5.2 set), https://mjn.host.cs.st-andrews.ac.uk/egyptian/unicode/ — used under his written grant of 2026-09-04; published here CC BY 4.0"
𓌕,T11,U+13315,phonogram or phonetic determinative,swn,,,,"Mark-Jan Nederhof, sign-function list (Unicode 5.2 set), https://mjn.host.cs.st-andrews.ac.uk/egyptian/unicode/ — used under his written grant of 2026-09-04; published here CC BY 4.0"
𓌖,T11a,U+13316,determinative,,Neith,,,"Mark-Jan Nederhof, sign-function list (Unicode 5.2 set), https://mjn.host.cs.st-andrews.ac.uk/egyptian/unicode/ — used under his written grant of 2026-09-04; published here CC BY 4.0"
𓌗,T12,U+13317,logogram or determinative,rwḏ,bow-string,,,"Mark-Jan Nederhof, sign-function list (Unicode 5.2 set), https://mjn.host.cs.st-andrews.ac.uk/egyptian/unicode/ — used under his written grant of 2026-09-04; published here CC BY 4.0"
𓌗,T12,U+13317,phonogram or phonetic determinative,rwḏ,,,,"Mark-Jan Nederhof, sign-function list (Unicode 5.2 set), https://mjn.host.cs.st-andrews.ac.uk/egyptian/unicode/ — used under his written grant of 2026-09-04; published here CC BY 4.0"
𓌗,T12,U+13317,determinative,ꜣr,restrain,,,"Mark-Jan Nederhof, sign-function list (Unicode 5.2 set), https://mjn.host.cs.st-andrews.ac.uk/egyptian/unicode/ — used under his written grant of 2026-09-04; published here CC BY 4.0"
𓌗,T12,U+13317,phonetic determinative,ꜣr,,,,"Mark-Jan Nederhof, sign-function list (Unicode 5.2 set), https://mjn.host.cs.st-andrews.ac.uk/egyptian/unicode/ — used under his written grant of 2026-09-04; published here CC BY 4.0"
𓌘,T13,U+13318,phonogram or phonetic determinative,rs,,,,"Mark-Jan Nederhof, sign-function list (Unicode 5.2 set), https://mjn.host.cs.st-andrews.ac.uk/egyptian/unicode/ — used under his written grant of 2026-09-04; published here CC BY 4.0"
𓌙,T14,U+13319,logogram or determinative,ꜥmꜥꜣt,throw-stick,,root=ꜥmꜥꜣ,"Mark-Jan Nederhof, sign-function list (Unicode 5.2 set), https://mjn.host.cs.st-andrews.ac.uk/egyptian/unicode/ — used under his written grant of 2026-09-04; published here CC BY 4.0"
𓌙,T14,U+13319,logogram or determinative,qmꜣ,throw,,,"Mark-Jan Nederhof, sign-function list (Unicode 5.2 set), https://mjn.host.cs.st-andrews.ac.uk/egyptian/unicode/ — used under his written grant of 2026-09-04; published here CC BY 4.0"
𓌙,T14,U+13319,phonetic determinative,ṯn,,T14*[sep=0.2]G41,,"Mark-Jan Nederhof, sign-function list (Unicode 5.2 set), https://mjn.host.cs.st-andrews.ac.uk/egyptian/unicode/ — used under his written grant of 2026-09-04; published here CC BY 4.0"
𓌙,T14,U+13319,logogram,^ṯḥnw,Libia,,,"Mark-Jan Nederhof, sign-function list (Unicode 5.2 set), https://mjn.host.cs.st-andrews.ac.uk/egyptian/unicode/ — used under his written grant of 2026-09-04; published here CC BY 4.0"
𓌙,T14,U+13319,logogram,ꜥꜣm,Asian,,,"Mark-Jan Nederhof, sign-function list (Unicode 5.2 set), https://mjn.host.cs.st-andrews.ac.uk/egyptian/unicode/ — used under his written grant of 2026-09-04; published here CC BY 4.0"
𓌙,T14,U+13319,logogram,nḥsꞽ,Nubian,,root=nḥs,"Mark-Jan Nederhof, sign-function list (Unicode 5.2 set), https://mjn.host.cs.st-andrews.ac.uk/egyptian/unicode/ — used under his written grant of 2026-09-04; published here CC BY 4.0"
𓌙,T14,U+13319,determinative,,foreign peoples and countries,,,"Mark-Jan Nederhof, sign-function list (Unicode 5.2 set), https://mjn.host.cs.st-andrews.ac.uk/egyptian/unicode/ — used under his written grant of 2026-09-04; published here CC BY 4.0"
𓌛,T16,U+1331B,logogram or determinative,ḫpš,scimitar,,,"Mark-Jan Nederhof, sign-function list (Unicode 5.2 set), https://mjn.host.cs.st-andrews.ac.uk/egyptian/unicode/ — used under his written grant of 2026-09-04; published here CC BY 4.0"
𓌝,T17,U+1331D,logogram or determinative,wrryt,chariot,,root=wrry,"Mark-Jan Nederhof, sign-function list (Unicode 5.2 set), https://mjn.host.cs.st-andrews.ac.uk/egyptian/unicode/ — used under his written grant of 2026-09-04; published here CC BY 4.0"
𓌞,T18,U+1331E,logogram or determinative,šms,follow,,,"Mark-Jan Nederhof, sign-function list (Unicode 5.2 set), https://mjn.host.cs.st-andrews.ac.uk/egyptian/unicode/ — used under his written grant of 2026-09-04; published here CC BY 4.0"
𓌟,T19,U+1331F,logogram or determinative,qs,bone,,,"Mark-Jan Nederhof, sign-function list (Unicode 5.2 set), https://mjn.host.cs.st-andrews.ac.uk/egyptian/unicode/ — used under his written grant of 2026-09-04; published here CC BY 4.0"
𓌟,T19,U+1331F,phonogram or phonetic determinative,qs,,,,"Mark-Jan Nederhof, sign-function list (Unicode 5.2 set), https://mjn.host.cs.st-andrews.ac.uk/egyptian/unicode/ — used under his written grant of 2026-09-04; published here CC BY 4.0"
𓌟,T19,U+1331F,phonogram or phonetic determinative,qrs,,,,"Mark-Jan Nederhof, sign-function list (Unicode 5.2 set), https://mjn.host.cs.st-andrews.ac.uk/egyptian/unicode/ — used under his written grant of 2026-09-04; published here CC BY 4.0"
𓌟,T19,U+1331F,phonogram or phonetic determinative,gn,,,,"Mark-Jan Nederhof, sign-function list (Unicode 5.2 set), https://mjn.host.cs.st-andrews.ac.uk/egyptian/unicode/ — used under his written grant of 2026-09-04; published here CC BY 4.0"
𓌟,T19,U+1331F,phonetic determinative,twr,,,,"Mark-Jan Nederhof, sign-function list (Unicode 5.2 set), https://mjn.host.cs.st-andrews.ac.uk/egyptian/unicode/ — used under his written grant of 2026-09-04; published here CC BY 4.0"
𓌟,T19,U+1331F,determinative,,"bone, tubular",,,"Mark-Jan Nederhof, sign-function list (Unicode 5.2 set), https://mjn.host.cs.st-andrews.ac.uk/egyptian/unicode/ — used under his written grant of 2026-09-04; published here CC BY 4.0"
𓌡,T21,U+13321,logogram or determinative,wꜥ,one,,,"Mark-Jan Nederhof, sign-function list (Unicode 5.2 set), https://mjn.host.cs.st-andrews.ac.uk/egyptian/unicode/ — used under his written grant of 2026-09-04; published here CC BY 4.0"
𓌢,T22,U+13322,logogram,snw,two,,root=sn,"Mark-Jan Nederhof, sign-function list (Unicode 5.2 set), https://mjn.host.cs.st-andrews.ac.uk/egyptian/unicode/ — used under his written grant of 2026-09-04; published here CC BY 4.0"
𓌢,T22,U+13322,phonogram,sn,,,,"Mark-Jan Nederhof, sign-function list (Unicode 5.2 set), https://mjn.host.cs.st-andrews.ac.uk/egyptian/unicode/ — used under his written grant of 2026-09-04; published here CC BY 4.0"
𓌤,T24,U+13324,logogram or determinative,ꜥḥ,net (verb),,,"Mark-Jan Nederhof, sign-function list (Unicode 5.2 set), https://mjn.host.cs.st-andrews.ac.uk/egyptian/unicode/ — used under his written grant of 2026-09-04; published here CC BY 4.0"
𓌤,T24,U+13324,phonogram,ꜥḥ,,,,"Mark-Jan Nederhof, sign-function list (Unicode 5.2 set), https://mjn.host.cs.st-andrews.ac.uk/egyptian/unicode/ — used under his written grant of 2026-09-04; published here CC BY 4.0"
𓌥,T25,U+13325,logogram or determinative,ḏbꜣ,float (noun),,,"Mark-Jan Nederhof, sign-function list (Unicode 5.2 set), https://mjn.host.cs.st-andrews.ac.uk/egyptian/unicode/ — used under his written grant of 2026-09-04; published here CC BY 4.0"
𓌥,T25,U+13325,phonogram,ḏbꜣ,,,,"Mark-Jan Nederhof, sign-function list (Unicode 5.2 set), https://mjn.host.cs.st-andrews.ac.uk/egyptian/unicode/ — used under his written grant of 2026-09-04; published here CC BY 4.0"
𓌦,T26,U+13326,logogram or determinative,sḫt,trap,,,"Mark-Jan Nederhof, sign-function list (Unicode 5.2 set), https://mjn.host.cs.st-andrews.ac.uk/egyptian/unicode/ — used under his written grant of 2026-09-04; published here CC BY 4.0"
𓌨,T28,U+13328,logogram,ẖr,under,,,"Mark-Jan Nederhof, sign-function list (Unicode 5.2 set), https://mjn.host.cs.st-andrews.ac.uk/egyptian/unicode/ — used under his written grant of 2026-09-04; published here CC BY 4.0"
𓌨,T28,U+13328,phonogram,ẖr,,,,"Mark-Jan Nederhof, sign-function list (Unicode 5.2 set), https://mjn.host.cs.st-andrews.ac.uk/egyptian/unicode/ — used under his written grant of 2026-09-04; published here CC BY 4.0"
𓌩,T29,U+13329,logogram or determinative,nmt,place of slaughter,,root=nm,"Mark-Jan Nederhof, sign-function list (Unicode 5.2 set), https://mjn.host.cs.st-andrews.ac.uk/egyptian/unicode/ — used under his written grant of 2026-09-04; published here CC BY 4.0"
𓌪,T30,U+1332A,determinative,,"knife, sharp",,,"Mark-Jan Nederhof, sign-function list (Unicode 5.2 set), https://mjn.host.cs.st-andrews.ac.uk/egyptian/unicode/ — used under his written grant of 2026-09-04; published here CC BY 4.0"
𓌪,T30,U+1332A,logogram or determinative,dmt,knife,,root=dm,"Mark-Jan Nederhof, sign-function list (Unicode 5.2 set), https://mjn.host.cs.st-andrews.ac.uk/egyptian/unicode/ — used under his written grant of 2026-09-04; published here CC BY 4.0"
𓌫,T31,U+1332B,phonogram,sšm,,,,"Mark-Jan Nederhof, sign-function list (Unicode 5.2 set), https://mjn.host.cs.st-andrews.ac.uk/egyptian/unicode/ — used under his written grant of 2026-09-04; published here CC BY 4.0"
𓌮,T33,U+1332E,logogram,sšm,butcher,,,"Mark-Jan Nederhof, sign-function list (Unicode 5.2 set), https://mjn.host.cs.st-andrews.ac.uk/egyptian/unicode/ — used under his written grant of 2026-09-04; published here CC BY 4.0"
𓌰,T34,U+13330,logogram or determinative,nm,knife,,,"Mark-Jan Nederhof, sign-function list (Unicode 5.2 set), https://mjn.host.cs.st-andrews.ac.uk/egyptian/unicode/ — used under his written grant of 2026-09-04; published here CC BY 4.0"
𓌰,T34,U+13330,phonogram,nm,,,,"Mark-Jan Nederhof, sign-function list (Unicode 5.2 set), https://mjn.host.cs.st-andrews.ac.uk/egyptian/unicode/ — used under his written grant of 2026-09-04; published here CC BY 4.0"
𓌲,T36,U+13332,determinative,ꞽkm,shield,,,"Mark-Jan Nederhof, sign-function list (Unicode 5.2 set), https://mjn.host.cs.st-andrews.ac.uk/egyptian/unicode/ — used under his written grant of 2026-09-04; published here CC BY 4.0"
𓌳,U1,U+13333,logogram,mꜣ,sickle-shaped end of boat,,,"Mark-Jan Nederhof, sign-function list (Unicode 5.2 set), https://mjn.host.cs.st-andrews.ac.uk/egyptian/unicode/ — used under his written grant of 2026-09-04; published here CC BY 4.0"
𓌳,U1,U+13333,phonogram,mꜣ,,,,"Mark-Jan Nederhof, sign-function list (Unicode 5.2 set), https://mjn.host.cs.st-andrews.ac.uk/egyptian/unicode/ — used under his written grant of 2026-09-04; published here CC BY 4.0"
𓌳,U1,U+13333,phonogram,m,,U1-G1,,"Mark-Jan Nederhof, sign-function list (Unicode 5.2 set), https://mjn.host.cs.st-andrews.ac.uk/egyptian/unicode/ — used under his written grant of 2026-09-04; published here CC BY 4.0"
𓌳,U1,U+13333,determinative,,reap,,,"Mark-Jan Nederhof, sign-function list (Unicode 5.2 set), https://mjn.host.cs.st-andrews.ac.uk/egyptian/unicode/ — used under his written grant of 2026-09-04; published here CC BY 4.0"
𓌳,U1,U+13333,determinative,,crooked,,,"Mark-Jan Nederhof, sign-function list (Unicode 5.2 set), https://mjn.host.cs.st-andrews.ac.uk/egyptian/unicode/ — used under his written grant of 2026-09-04; published here CC BY 4.0"
𓌵,U3,U+13335,logogram,mꜣꜣ,see,,root=mꜣ,"Mark-Jan Nederhof, sign-function list (Unicode 5.2 set), https://mjn.host.cs.st-andrews.ac.uk/egyptian/unicode/ — used under his written grant of 2026-09-04; published here CC BY 4.0"
𓌶,U4,U+13336,logogram,mꜣꜥt,truth,,root=mꜣꜥ,"Mark-Jan Nederhof, sign-function list (Unicode 5.2 set), https://mjn.host.cs.st-andrews.ac.uk/egyptian/unicode/ — used under his written grant of 2026-09-04; published here CC BY 4.0"
𓌸,U6,U+13338,determinative,,cultivate,,,"Mark-Jan Nederhof, sign-function list (Unicode 5.2 set), https://mjn.host.cs.st-andrews.ac.uk/egyptian/unicode/ — used under his written grant of 2026-09-04; published here CC BY 4.0"
𓌸,U6,U+13338,phonogram,mr,,,,"Mark-Jan Nederhof, sign-function list (Unicode 5.2 set), https://mjn.host.cs.st-andrews.ac.uk/egyptian/unicode/ — used under his written grant of 2026-09-04; published here CC BY 4.0"
𓌼,U8,U+1333C,logogram or determinative,ḥnn,hoe,,,"Mark-Jan Nederhof, sign-function list (Unicode 5.2 set), https://mjn.host.cs.st-andrews.ac.uk/egyptian/unicode/ — used under his written grant of 2026-09-04; published here CC BY 4.0"
𓌼,U8,U+1333C,phonogram,ḥn,,,,"Mark-Jan Nederhof, sign-function list (Unicode 5.2 set), https://mjn.host.cs.st-andrews.ac.uk/egyptian/unicode/ — used under his written grant of 2026-09-04; published here CC BY 4.0"
𓌽,U9,U+1333D,determinative,,grain,,,"Mark-Jan Nederhof, sign-function list (Unicode 5.2 set), https://mjn.host.cs.st-andrews.ac.uk/egyptian/unicode/ — used under his written grant of 2026-09-04; published here CC BY 4.0"
𓌽,U9,U+1333D,logogram or determinative,ḥqꜣt,heqat,,root=ḥqꜣ,"Mark-Jan Nederhof, sign-function list (Unicode 5.2 set), https://mjn.host.cs.st-andrews.ac.uk/egyptian/unicode/ — used under his written grant of 2026-09-04; published here CC BY 4.0"
𓌾,U10,U+1333E,logogram,ꞽt,barley,,,"Mark-Jan Nederhof, sign-function list (Unicode 5.2 set), https://mjn.host.cs.st-andrews.ac.uk/egyptian/unicode/ — used under his written grant of 2026-09-04; published here CC BY 4.0"
𓌿,U11,U+1333F,logogram,ḥqꜣt,heqat,,root=ḥqꜣ,"Mark-Jan Nederhof, sign-function list (Unicode 5.2 set), https://mjn.host.cs.st-andrews.ac.uk/egyptian/unicode/ — used under his written grant of 2026-09-04; published here CC BY 4.0"
𓍁,U13,U+13341,determinative,,plough,,,"Mark-Jan Nederhof, sign-function list (Unicode 5.2 set), https://mjn.host.cs.st-andrews.ac.uk/egyptian/unicode/ — used under his written grant of 2026-09-04; published here CC BY 4.0"
𓍁,U13,U+13341,logogram or determinative,hb,plough,,,"Mark-Jan Nederhof, sign-function list (Unicode 5.2 set), https://mjn.host.cs.st-andrews.ac.uk/egyptian/unicode/ — used under his written grant of 2026-09-04; published here CC BY 4.0"
𓍁,U13,U+13341,phonogram,hb,,,,"Mark-Jan Nederhof, sign-function list (Unicode 5.2 set), https://mjn.host.cs.st-andrews.ac.uk/egyptian/unicode/ — used under his written grant of 2026-09-04; published here CC BY 4.0"
𓍁,U13,U+13341,logogram or determinative,prt,seed,,root=pr,"Mark-Jan Nederhof, sign-function list (Unicode 5.2 set), https://mjn.host.cs.st-andrews.ac.uk/egyptian/unicode/ — used under his written grant of 2026-09-04; published here CC BY 4.0"
𓍂,U14,U+13342,phonogram or phonetic determinative,šnꜥ,,,,"Mark-Jan Nederhof, sign-function list (Unicode 5.2 set), https://mjn.host.cs.st-andrews.ac.uk/egyptian/unicode/ — used under his written grant of 2026-09-04; published here CC BY 4.0"
𓍃,U15,U+13343,phonogram,tm,,,,"Mark-Jan Nederhof, sign-function list (Unicode 5.2 set), https://mjn.host.cs.st-andrews.ac.uk/egyptian/unicode/ — used under his written grant of 2026-09-04; published here CC BY 4.0"
𓍄,U16,U+13344,logogram or determinative,wnš,sledge,,,"Mark-Jan Nederhof, sign-function list (Unicode 5.2 set), https://mjn.host.cs.st-andrews.ac.uk/egyptian/unicode/ — used under his written grant of 2026-09-04; published here CC BY 4.0"
𓍄,U16,U+13344,phonogram or phonetic determinative,bꞽꜣ,,,,"Mark-Jan Nederhof, sign-function list (Unicode 5.2 set), https://mjn.host.cs.st-andrews.ac.uk/egyptian/unicode/ — used under his written grant of 2026-09-04; published here CC BY 4.0"
𓍅,U17,U+13345,logogram or determinative,grg,establish,,,"Mark-Jan Nederhof, sign-function list (Unicode 5.2 set), https://mjn.host.cs.st-andrews.ac.uk/egyptian/unicode/ — used under his written grant of 2026-09-04; published here CC BY 4.0"
𓍅,U17,U+13345,phonogram or phonetic determinative,grg,,,,"Mark-Jan Nederhof, sign-function list (Unicode 5.2 set), https://mjn.host.cs.st-andrews.ac.uk/egyptian/unicode/ — used under his written grant of 2026-09-04; published here CC BY 4.0"
𓍇,U19,U+13347,logogram,nwtꞽ,the two adzes,,,"Mark-Jan Nederhof, sign-function list (Unicode 5.2 set), https://mjn.host.cs.st-andrews.ac.uk/egyptian/unicode/ — used under his written grant of 2026-09-04; published here CC BY 4.0"
𓍇,U19,U+13347,phonogram,nw,,,,"Mark-Jan Nederhof, sign-function list (Unicode 5.2 set), https://mjn.host.cs.st-andrews.ac.uk/egyptian/unicode/ — used under his written grant of 2026-09-04; published here CC BY 4.0"
𓍇,U19,U+13347,phonogram,n,,"N35:[sep=0.2]U19:[fit,sep=0.2]W24[scale=0.6]",,"Mark-Jan Nederhof, sign-function list (Unicode 5.2 set), https://mjn.host.cs.st-andrews.ac.uk/egyptian/unicode/ — used under his written grant of 2026-09-04; published here CC BY 4.0"
𓍉,U21,U+13349,logogram or determinative,stp,cut up,,,"Mark-Jan Nederhof, sign-function list (Unicode 5.2 set), https://mjn.host.cs.st-andrews.ac.uk/egyptian/unicode/ — used under his written grant of 2026-09-04; published here CC BY 4.0"
𓍉,U21,U+13349,phonogram or phonetic determinative,stp,,,,"Mark-Jan Nederhof, sign-function list (Unicode 5.2 set), https://mjn.host.cs.st-andrews.ac.uk/egyptian/unicode/ — used under his written grant of 2026-09-04; published here CC BY 4.0"
𓍉,U21,U+13349,phonetic determinative,sṯp,,,,"Mark-Jan Nederhof, sign-function list (Unicode 5.2 set), https://mjn.host.cs.st-andrews.ac.uk/egyptian/unicode/ — used under his written grant of 2026-09-04; published here CC BY 4.0"
𓍊,U22,U+1334A,logogram or determinative,mnḫ,carve,,,"Mark-Jan Nederhof, sign-function list (Unicode 5.2 set), https://mjn.host.cs.st-andrews.ac.uk/egyptian/unicode/ — used under his written grant of 2026-09-04; published here CC BY 4.0"
𓍊,U22,U+1334A,phonetic determinative,mnḫ,,,,"Mark-Jan Nederhof, sign-function list (Unicode 5.2 set), https://mjn.host.cs.st-andrews.ac.uk/egyptian/unicode/ — used under his written grant of 2026-09-04; published here CC BY 4.0"
𓍋,U23,U+1334B,phonogram,mr,,,,"Mark-Jan Nederhof, sign-function list (Unicode 5.2 set), https://mjn.host.cs.st-andrews.ac.uk/egyptian/unicode/ — used under his written grant of 2026-09-04; published here CC BY 4.0"
𓍋,U23,U+1334B,phonogram,ꜣb,,,,"Mark-Jan Nederhof, sign-function list (Unicode 5.2 set), https://mjn.host.cs.st-andrews.ac.uk/egyptian/unicode/ — used under his written grant of 2026-09-04; published here CC BY 4.0"
𓍍,U24,U+1334D,logogram or determinative,ḥmt,craft,,root=ḥm,"Mark-Jan Nederhof, sign-function list (Unicode 5.2 set), https://mjn.host.cs.st-andrews.ac.uk/egyptian/unicode/ — used under his written grant of 2026-09-04; published here CC BY 4.0"
𓍏,U26,U+1334F,logogram or determinative,wbꜣ,open up,,,"Mark-Jan Nederhof, sign-function list (Unicode 5.2 set), https://mjn.host.cs.st-andrews.ac.uk/egyptian/unicode/ — used under his written grant of 2026-09-04; published here CC BY 4.0"
𓍑,U28,U+13351,logogram or determinative,ḏꜣ,fire-drill,,,"Mark-Jan Nederhof, sign-function list (Unicode 5.2 set), https://mjn.host.cs.st-andrews.ac.uk/egyptian/unicode/ — used under his written grant of 2026-09-04; published here CC BY 4.0"
𓍑,U28,U+13351,phonogram,ḏꜣ,,,,"Mark-Jan Nederhof, sign-function list (Unicode 5.2 set), https://mjn.host.cs.st-andrews.ac.uk/egyptian/unicode/ — used under his written grant of 2026-09-04; published here CC BY 4.0"
𓍑,U28,U+13351,logogram,ꜥ.w.s.,l.p.h.!,S34*U28*S29,,"Mark-Jan Nederhof, sign-function list (Unicode 5.2 set), https://mjn.host.cs.st-andrews.ac.uk/egyptian/unicode/ — used under his written grant of 2026-09-04; published here CC BY 4.0"
𓍑,U28,U+13351,phonogram,ḏ,,U28*G1,,"Mark-Jan Nederhof, sign-function list (Unicode 5.2 set), https://mjn.host.cs.st-andrews.ac.uk/egyptian/unicode/ — used under his written grant of 2026-09-04; published here CC BY 4.0"
𓍔,U30,U+13354,logogram,tꜣ,kiln,,,"Mark-Jan Nederhof, sign-function list (Unicode 5.2 set), https://mjn.host.cs.st-andrews.ac.uk/egyptian/unicode/ — used under his written grant of 2026-09-04; published here CC BY 4.0"
𓍔,U30,U+13354,phonogram,tꜣ,,,,"Mark-Jan Nederhof, sign-function list (Unicode 5.2 set), https://mjn.host.cs.st-andrews.ac.uk/egyptian/unicode/ — used under his written grant of 2026-09-04; published here CC BY 4.0"
𓍕,U31,U+13355,logogram or determinative,rtḥtꞽ,baker,,root=rtḥ,"Mark-Jan Nederhof, sign-function list (Unicode 5.2 set), https://mjn.host.cs.st-andrews.ac.uk/egyptian/unicode/ — used under his written grant of 2026-09-04; published here CC BY 4.0"
𓍕,U31,U+13355,phonetic determinative,rtḥ,,,,"Mark-Jan Nederhof, sign-function list (Unicode 5.2 set), https://mjn.host.cs.st-andrews.ac.uk/egyptian/unicode/ — used under his written grant of 2026-09-04; published here CC BY 4.0"
𓍕,U31,U+13355,phonetic determinative,ꞽtḥ,,,,"Mark-Jan Nederhof, sign-function list (Unicode 5.2 set), https://mjn.host.cs.st-andrews.ac.uk/egyptian/unicode/ — used under his written grant of 2026-09-04; published here CC BY 4.0"
𓍕,U31,U+13355,logogram or determinative,ḫnr,restrain,,,"Mark-Jan Nederhof, sign-function list (Unicode 5.2 set), https://mjn.host.cs.st-andrews.ac.uk/egyptian/unicode/ — used under his written grant of 2026-09-04; published here CC BY 4.0"
𓍖,U32,U+13356,logogram or determinative,sḥm,pound,,,"Mark-Jan Nederhof, sign-function list (Unicode 5.2 set), https://mjn.host.cs.st-andrews.ac.uk/egyptian/unicode/ — used under his written grant of 2026-09-04; published here CC BY 4.0"
𓍖,U32,U+13356,phonogram or phonetic determinative,smn,,,,"Mark-Jan Nederhof, sign-function list (Unicode 5.2 set), https://mjn.host.cs.st-andrews.ac.uk/egyptian/unicode/ — used under his written grant of 2026-09-04; published here CC BY 4.0"
𓍖,U32,U+13356,phonogram,ḥsmn,,,,"Mark-Jan Nederhof, sign-function list (Unicode 5.2 set), https://mjn.host.cs.st-andrews.ac.uk/egyptian/unicode/ — used under his written grant of 2026-09-04; published here CC BY 4.0"
𓍖,U32,U+13356,determinative,,"pound, press down, heavy",,,"Mark-Jan Nederhof, sign-function list (Unicode 5.2 set), https://mjn.host.cs.st-andrews.ac.uk/egyptian/unicode/ — used under his written grant of 2026-09-04; published here CC BY 4.0"
𓍖,U32,U+13356,determinative,ḥmꜣyt,salt,,,"Mark-Jan Nederhof, sign-function list (Unicode 5.2 set), https://mjn.host.cs.st-andrews.ac.uk/egyptian/unicode/ — used under his written grant of 2026-09-04; published here CC BY 4.0"
𓍘,U33,U+13358,logogram,tꞽt,pestle,,root=tꞽ,"Mark-Jan Nederhof, sign-function list (Unicode 5.2 set), https://mjn.host.cs.st-andrews.ac.uk/egyptian/unicode/ — used under his written grant of 2026-09-04; published here CC BY 4.0"
𓍘,U33,U+13358,phonogram,tꞽ,,,,"Mark-Jan Nederhof, sign-function list (Unicode 5.2 set), https://mjn.host.cs.st-andrews.ac.uk/egyptian/unicode/ — used under his written grant of 2026-09-04; published here CC BY 4.0"
𓍘,U33,U+13358,phonogram,t,,,,"Mark-Jan Nederhof, sign-function list (Unicode 5.2 set), https://mjn.host.cs.st-andrews.ac.uk/egyptian/unicode/ — used under his written grant of 2026-09-04; published here CC BY 4.0"
𓍘,U33,U+13358,phonogram,t,,U33,,"Mark-Jan Nederhof, sign-function list (Unicode 5.2 set), https://mjn.host.cs.st-andrews.ac.uk/egyptian/unicode/ — used under his written grant of 2026-09-04; published here CC BY 4.0"
𓍙,U34,U+13359,logogram or determinative,ḫsf,spin,,,"Mark-Jan Nederhof, sign-function list (Unicode 5.2 set), https://mjn.host.cs.st-andrews.ac.uk/egyptian/unicode/ — used under his written grant of 2026-09-04; published here CC BY 4.0"
𓍙,U34,U+13359,phonogram,ḫsf,,,,"Mark-Jan Nederhof, sign-function list (Unicode 5.2 set), https://mjn.host.cs.st-andrews.ac.uk/egyptian/unicode/ — used under his written grant of 2026-09-04; published here CC BY 4.0"
𓍛,U36,U+1335B,logogram,ḥmww,fuller,,,"Mark-Jan Nederhof, sign-function list (Unicode 5.2 set), https://mjn.host.cs.st-andrews.ac.uk/egyptian/unicode/ — used under his written grant of 2026-09-04; published here CC BY 4.0"
𓍛,U36,U+1335B,phonogram,ḥm,,,,"Mark-Jan Nederhof, sign-function list (Unicode 5.2 set), https://mjn.host.cs.st-andrews.ac.uk/egyptian/unicode/ — used under his written grant of 2026-09-04; published here CC BY 4.0"
𓍜,U37,U+1335C,logogram or determinative,ẖꜥq,shave,,,"Mark-Jan Nederhof, sign-function list (Unicode 5.2 set), https://mjn.host.cs.st-andrews.ac.uk/egyptian/unicode/ — used under his written grant of 2026-09-04; published here CC BY 4.0"
𓍝,U38,U+1335D,logogram or determinative,mḫꜣt,balance,,root=mḫꜣ,"Mark-Jan Nederhof, sign-function list (Unicode 5.2 set), https://mjn.host.cs.st-andrews.ac.uk/egyptian/unicode/ — used under his written grant of 2026-09-04; published here CC BY 4.0"
𓍞,U39,U+1335E,logogram or determinative,wṯst,post (of balance),,root=wṯs,"Mark-Jan Nederhof, sign-function list (Unicode 5.2 set), https://mjn.host.cs.st-andrews.ac.uk/egyptian/unicode/ — used under his written grant of 2026-09-04; published here CC BY 4.0"
𓍞,U39,U+1335E,logogram or determinative,ṯsꞽ,raise,,root=ṯs,"Mark-Jan Nederhof, sign-function list (Unicode 5.2 set), https://mjn.host.cs.st-andrews.ac.uk/egyptian/unicode/ — used under his written grant of 2026-09-04; published here CC BY 4.0"
𓍠,U41,U+13360,logogram or determinative,tḫ,plummet,,,"Mark-Jan Nederhof, sign-function list (Unicode 5.2 set), https://mjn.host.cs.st-andrews.ac.uk/egyptian/unicode/ — used under his written grant of 2026-09-04; published here CC BY 4.0"
𓍡,U42,U+13361,logogram or determinative,ꜥbwt,pitchfork,,root=ꜥbw,"Mark-Jan Nederhof, sign-function list (Unicode 5.2 set), https://mjn.host.cs.st-andrews.ac.uk/egyptian/unicode/ — used under his written grant of 2026-09-04; published here CC BY 4.0"
𓍡,U42,U+13361,phonogram,sḏb,,,,"Mark-Jan Nederhof, sign-function list (Unicode 5.2 set), https://mjn.host.cs.st-andrews.ac.uk/egyptian/unicode/ — used under his written grant of 2026-09-04; published here CC BY 4.0"
𓍡,U42,U+13361,phonetic determinative,sḏb,,,,"Mark-Jan Nederhof, sign-function list (Unicode 5.2 set), https://mjn.host.cs.st-andrews.ac.uk/egyptian/unicode/ — used under his written grant of 2026-09-04; published here CC BY 4.0"
𓍢,V1,U+13362,determinative,,rope,,,"Mark-Jan Nederhof, sign-function list (Unicode 5.2 set), https://mjn.host.cs.st-andrews.ac.uk/egyptian/unicode/ — used under his written grant of 2026-09-04; published here CC BY 4.0"
𓍢,V1,U+13362,phonogram or phonetic determinative,šn,,,,"Mark-Jan Nederhof, sign-function list (Unicode 5.2 set), https://mjn.host.cs.st-andrews.ac.uk/egyptian/unicode/ — used under his written grant of 2026-09-04; published here CC BY 4.0"
𓍢,V1,U+13362,logogram,šnt,100,,numeral=100; root=šn,"Mark-Jan Nederhof, sign-function list (Unicode 5.2 set), https://mjn.host.cs.st-andrews.ac.uk/egyptian/unicode/ — used under his written grant of 2026-09-04; published here CC BY 4.0"
𓍬,V2,U+1336C,logogram or determinative,sṯꜣ,drag,,,"Mark-Jan Nederhof, sign-function list (Unicode 5.2 set), https://mjn.host.cs.st-andrews.ac.uk/egyptian/unicode/ — used under his written grant of 2026-09-04; published here CC BY 4.0"
𓍬,V2,U+1336C,phonogram,sṯꜣ,,,,"Mark-Jan Nederhof, sign-function list (Unicode 5.2 set), https://mjn.host.cs.st-andrews.ac.uk/egyptian/unicode/ — used under his written grant of 2026-09-04; published here CC BY 4.0"
𓍬,V2,U+1336C,determinative,ꜣs,hasten,,,"Mark-Jan Nederhof, sign-function list (Unicode 5.2 set), https://mjn.host.cs.st-andrews.ac.uk/egyptian/unicode/ — used under his written grant of 2026-09-04; published here CC BY 4.0"
𓍮,V3,U+1336E,phonogram,sṯꜣw,,,,"Mark-Jan Nederhof, sign-function list (Unicode 5.2 set), https://mjn.host.cs.st-andrews.ac.uk/egyptian/unicode/ — used under his written grant of 2026-09-04; published here CC BY 4.0"
𓍯,V4,U+1336F,phonogram,wꜣ,,,,"Mark-Jan Nederhof, sign-function list (Unicode 5.2 set), https://mjn.host.cs.st-andrews.ac.uk/egyptian/unicode/ — used under his written grant of 2026-09-04; published here CC BY 4.0"
𓍰,V5,U+13370,determinative,snṯ,plan,,,"Mark-Jan Nederhof, sign-function list (Unicode 5.2 set), https://mjn.host.cs.st-andrews.ac.uk/egyptian/unicode/ — used under his written grant of 2026-09-04; published here CC BY 4.0"
𓍱,V6,U+13371,logogram or determinative,šs,rope,,,"Mark-Jan Nederhof, sign-function list (Unicode 5.2 set), https://mjn.host.cs.st-andrews.ac.uk/egyptian/unicode/ — used under his written grant of 2026-09-04; published here CC BY 4.0"
𓍱,V6,U+13371,phonogram,šs,,,,"Mark-Jan Nederhof, sign-function list (Unicode 5.2 set), https://mjn.host.cs.st-andrews.ac.uk/egyptian/unicode/ — used under his written grant of 2026-09-04; published here CC BY 4.0"
𓍲,V7,U+13372,logogram or determinative,šnꞽ,enclose,,root=šn,"Mark-Jan Nederhof, sign-function list (Unicode 5.2 set), https://mjn.host.cs.st-andrews.ac.uk/egyptian/unicode/ — used under his written grant of 2026-09-04; published here CC BY 4.0"
𓍲,V7,U+13372,phonogram,šn,,,,"Mark-Jan Nederhof, sign-function list (Unicode 5.2 set), https://mjn.host.cs.st-andrews.ac.uk/egyptian/unicode/ — used under his written grant of 2026-09-04; published here CC BY 4.0"
𓍶,V9,U+13376,logogram or determinative,šnw,cartouche,,root=šn,"Mark-Jan Nederhof, sign-function list (Unicode 5.2 set), https://mjn.host.cs.st-andrews.ac.uk/egyptian/unicode/ — used under his written grant of 2026-09-04; published here CC BY 4.0"
𓍷,V10,U+13377,logogram or determinative,šnw,cartouche,,root=šn,"Mark-Jan Nederhof, sign-function list (Unicode 5.2 set), https://mjn.host.cs.st-andrews.ac.uk/egyptian/unicode/ — used under his written grant of 2026-09-04; published here CC BY 4.0"
𓍷,V10,U+13377,determinative,,name,,,"Mark-Jan Nederhof, sign-function list (Unicode 5.2 set), https://mjn.host.cs.st-andrews.ac.uk/egyptian/unicode/ — used under his written grant of 2026-09-04; published here CC BY 4.0"
𓍸,V11,U+13378,determinative,dnꞽ,restrain,,,"Mark-Jan Nederhof, sign-function list (Unicode 5.2 set), https://mjn.host.cs.st-andrews.ac.uk/egyptian/unicode/ — used under his written grant of 2026-09-04; published here CC BY 4.0"
𓍸,V11,U+13378,determinative,pḫꜣ,split,,texttype=hieratic,"Mark-Jan Nederhof, sign-function list (Unicode 5.2 set), https://mjn.host.cs.st-andrews.ac.uk/egyptian/unicode/ — used under his written grant of 2026-09-04; published here CC BY 4.0"
𓍹,V11a,U+13379,typographic,,hieratic opening of cartouche,,,"Mark-Jan Nederhof, sign-function list (Unicode 5.2 set), https://mjn.host.cs.st-andrews.ac.uk/egyptian/unicode/ — used under his written grant of 2026-09-04; published here CC BY 4.0"
𓍺,V11b,U+1337A,typographic,,hieratic closing of cartouche,,,"Mark-Jan Nederhof, sign-function list (Unicode 5.2 set), https://mjn.host.cs.st-andrews.ac.uk/egyptian/unicode/ — used under his written grant of 2026-09-04; published here CC BY 4.0"
𓍻,V11c,U+1337B,typographic,,hieratic closing of knotless cartouche,,,"Mark-Jan Nederhof, sign-function list (Unicode 5.2 set), https://mjn.host.cs.st-andrews.ac.uk/egyptian/unicode/ — used under his written grant of 2026-09-04; published here CC BY 4.0"
𓍼,V12,U+1337C,determinative,,bind,,,"Mark-Jan Nederhof, sign-function list (Unicode 5.2 set), https://mjn.host.cs.st-andrews.ac.uk/egyptian/unicode/ — used under his written grant of 2026-09-04; published here CC BY 4.0"
𓍼,V12,U+1337C,phonogram or phonetic determinative,fḫ,,,,"Mark-Jan Nederhof, sign-function list (Unicode 5.2 set), https://mjn.host.cs.st-andrews.ac.uk/egyptian/unicode/ — used under his written grant of 2026-09-04; published here CC BY 4.0"
𓍼,V12,U+1337C,phonogram or phonetic determinative,ꜥrq,,,,"Mark-Jan Nederhof, sign-function list (Unicode 5.2 set), https://mjn.host.cs.st-andrews.ac.uk/egyptian/unicode/ — used under his written grant of 2026-09-04; published here CC BY 4.0"
𓍼,V12,U+1337C,determinative,,papyrus,,,"Mark-Jan Nederhof, sign-function list (Unicode 5.2 set), https://mjn.host.cs.st-andrews.ac.uk/egyptian/unicode/ — used under his written grant of 2026-09-04; published here CC BY 4.0"
𓍿,V13,U+1337F,phonogram,ṯ,,,,"Mark-Jan Nederhof, sign-function list (Unicode 5.2 set), https://mjn.host.cs.st-andrews.ac.uk/egyptian/unicode/ — used under his written grant of 2026-09-04; published here CC BY 4.0"
𓎀,V14,U+13380,phonogram,ṯ,,,,"Mark-Jan Nederhof, sign-function list (Unicode 5.2 set), https://mjn.host.cs.st-andrews.ac.uk/egyptian/unicode/ — used under his written grant of 2026-09-04; published here CC BY 4.0"
𓎁,V15,U+13381,logogram,ꞽṯꞽ,seize,,root=ꞽṯ,"Mark-Jan Nederhof, sign-function list (Unicode 5.2 set), https://mjn.host.cs.st-andrews.ac.uk/egyptian/unicode/ — used under his written grant of 2026-09-04; published here CC BY 4.0"
𓎂,V16,U+13382,logogram,sꜣ,hobble,,,"Mark-Jan Nederhof, sign-function list (Unicode 5.2 set), https://mjn.host.cs.st-andrews.ac.uk/egyptian/unicode/ — used under his written grant of 2026-09-04; published here CC BY 4.0"
𓎂,V16,U+13382,phonogram,sꜣ,,,,"Mark-Jan Nederhof, sign-function list (Unicode 5.2 set), https://mjn.host.cs.st-andrews.ac.uk/egyptian/unicode/ — used under his written grant of 2026-09-04; published here CC BY 4.0"
𓎃,V17,U+13383,logogram or determinative,sꜣ,protection,,,"Mark-Jan Nederhof, sign-function list (Unicode 5.2 set), https://mjn.host.cs.st-andrews.ac.uk/egyptian/unicode/ — used under his written grant of 2026-09-04; published here CC BY 4.0"
𓎅,V19,U+13385,logogram or determinative,mḏt,stable,,root=mḏ,"Mark-Jan Nederhof, sign-function list (Unicode 5.2 set), https://mjn.host.cs.st-andrews.ac.uk/egyptian/unicode/ — used under his written grant of 2026-09-04; published here CC BY 4.0"
𓎅,V19,U+13385,phonogram or phonetic determinative,tmꜣ,,,,"Mark-Jan Nederhof, sign-function list (Unicode 5.2 set), https://mjn.host.cs.st-andrews.ac.uk/egyptian/unicode/ — used under his written grant of 2026-09-04; published here CC BY 4.0"
𓎅,V19,U+13385,logogram or determinative,ẖꜣr,sack,,,"Mark-Jan Nederhof, sign-function list (Unicode 5.2 set), https://mjn.host.cs.st-andrews.ac.uk/egyptian/unicode/ — used under his written grant of 2026-09-04; published here CC BY 4.0"
𓎅,V19,U+13385,determinative,,"palanquin, portable shrine",,,"Mark-Jan Nederhof, sign-function list (Unicode 5.2 set), https://mjn.host.cs.st-andrews.ac.uk/egyptian/unicode/ — used under his written grant of 2026-09-04; published here CC BY 4.0"
𓎆,V20,U+13386,phonogram,mḏ,,,,"Mark-Jan Nederhof, sign-function list (Unicode 5.2 set), https://mjn.host.cs.st-andrews.ac.uk/egyptian/unicode/ — used under his written grant of 2026-09-04; published here CC BY 4.0"
𓎆,V20,U+13386,logogram,mḏ,10,,numeral=10,"Mark-Jan Nederhof, sign-function list (Unicode 5.2 set), https://mjn.host.cs.st-andrews.ac.uk/egyptian/unicode/ — used under his written grant of 2026-09-04; published here CC BY 4.0"
𓎓,V21,U+13393,logogram,mḏt,stable,,root=mḏ,"Mark-Jan Nederhof, sign-function list (Unicode 5.2 set), https://mjn.host.cs.st-andrews.ac.uk/egyptian/unicode/ — used under his written grant of 2026-09-04; published here CC BY 4.0"
𓎓,V21,U+13393,phonogram,mḏ,,,,"Mark-Jan Nederhof, sign-function list (Unicode 5.2 set), https://mjn.host.cs.st-andrews.ac.uk/egyptian/unicode/ — used under his written grant of 2026-09-04; published here CC BY 4.0"
𓎔,V22,U+13394,phonogram,mḥ,,,,"Mark-Jan Nederhof, sign-function list (Unicode 5.2 set), https://mjn.host.cs.st-andrews.ac.uk/egyptian/unicode/ — used under his written grant of 2026-09-04; published here CC BY 4.0"
𓎗,V24,U+13397,phonogram,wḏ,,,,"Mark-Jan Nederhof, sign-function list (Unicode 5.2 set), https://mjn.host.cs.st-andrews.ac.uk/egyptian/unicode/ — used under his written grant of 2026-09-04; published here CC BY 4.0"
𓎙,V26,U+13399,logogram or determinative,ꜥḏ,spool,,,"Mark-Jan Nederhof, sign-function list (Unicode 5.2 set), https://mjn.host.cs.st-andrews.ac.uk/egyptian/unicode/ — used under his written grant of 2026-09-04; published here CC BY 4.0"
𓎙,V26,U+13399,phonogram or phonetic determinative,ꜥḏ,,,,"Mark-Jan Nederhof, sign-function list (Unicode 5.2 set), https://mjn.host.cs.st-andrews.ac.uk/egyptian/unicode/ — used under his written grant of 2026-09-04; published here CC BY 4.0"
𓎛,V28,U+1339B,phonogram,ḥ,,,,"Mark-Jan Nederhof, sign-function list (Unicode 5.2 set), https://mjn.host.cs.st-andrews.ac.uk/egyptian/unicode/ — used under his written grant of 2026-09-04; published here CC BY 4.0"
𓎜,V28a,U+1339C,phonogram,ḥꜥ,,,,"Mark-Jan Nederhof, sign-function list (Unicode 5.2 set), https://mjn.host.cs.st-andrews.ac.uk/egyptian/unicode/ — used under his written grant of 2026-09-04; published here CC BY 4.0"
𓎝,V29,U+1339D,logogram or determinative,sk,wipe,,,"Mark-Jan Nederhof, sign-function list (Unicode 5.2 set), https://mjn.host.cs.st-andrews.ac.uk/egyptian/unicode/ — used under his written grant of 2026-09-04; published here CC BY 4.0"
𓎝,V29,U+1339D,phonogram,sk,,,,"Mark-Jan Nederhof, sign-function list (Unicode 5.2 set), https://mjn.host.cs.st-andrews.ac.uk/egyptian/unicode/ — used under his written grant of 2026-09-04; published here CC BY 4.0"
𓎝,V29,U+1339D,phonogram or phonetic determinative,wꜣḥ,,,,"Mark-Jan Nederhof, sign-function list (Unicode 5.2 set), https://mjn.host.cs.st-andrews.ac.uk/egyptian/unicode/ — used under his written grant of 2026-09-04; published here CC BY 4.0"
𓎝,V29,U+1339D,determinative,ḫsr,ward off,,,"Mark-Jan Nederhof, sign-function list (Unicode 5.2 set), https://mjn.host.cs.st-andrews.ac.uk/egyptian/unicode/ — used under his written grant of 2026-09-04; published here CC BY 4.0"
𓎝,V29,U+1339D,determinative,mꜥr,fortunate,,,"Mark-Jan Nederhof, sign-function list (Unicode 5.2 set), https://mjn.host.cs.st-andrews.ac.uk/egyptian/unicode/ — used under his written grant of 2026-09-04; published here CC BY 4.0"
𓎞,V29a,U+1339E,phonogram,sk,,,,"Mark-Jan Nederhof, sign-function list (Unicode 5.2 set), https://mjn.host.cs.st-andrews.ac.uk/egyptian/unicode/ — used under his written grant of 2026-09-04; published here CC BY 4.0"
𓎟,V30,U+1339F,logogram or determinative,nbt,basket,,root=nb,"Mark-Jan Nederhof, sign-function list (Unicode 5.2 set), https://mjn.host.cs.st-andrews.ac.uk/egyptian/unicode/ — used under his written grant of 2026-09-04; published here CC BY 4.0"
𓎟,V30,U+1339F,phonogram,nb,,,,"Mark-Jan Nederhof, sign-function list (Unicode 5.2 set), https://mjn.host.cs.st-andrews.ac.uk/egyptian/unicode/ — used under his written grant of 2026-09-04; published here CC BY 4.0"
𓎡,V31,U+133A1,phonogram,k,,,,"Mark-Jan Nederhof, sign-function list (Unicode 5.2 set), https://mjn.host.cs.st-andrews.ac.uk/egyptian/unicode/ — used under his written grant of 2026-09-04; published here CC BY 4.0"
𓎣,V32,U+133A3,logogram or determinative,msnw,harpooner,,,"Mark-Jan Nederhof, sign-function list (Unicode 5.2 set), https://mjn.host.cs.st-andrews.ac.uk/egyptian/unicode/ — used under his written grant of 2026-09-04; published here CC BY 4.0"
𓎣,V32,U+133A3,phonogram,msn,,,,"Mark-Jan Nederhof, sign-function list (Unicode 5.2 set), https://mjn.host.cs.st-andrews.ac.uk/egyptian/unicode/ — used under his written grant of 2026-09-04; published here CC BY 4.0"
𓎣,V32,U+133A3,logogram or determinative,gꜣwt,tribute,,root=gꜣw,"Mark-Jan Nederhof, sign-function list (Unicode 5.2 set), https://mjn.host.cs.st-andrews.ac.uk/egyptian/unicode/ — used under his written grant of 2026-09-04; published here CC BY 4.0"
𓎣,V32,U+133A3,phonetic determinative,gꜣw,,,,"Mark-Jan Nederhof, sign-function list (Unicode 5.2 set), https://mjn.host.cs.st-andrews.ac.uk/egyptian/unicode/ — used under his written grant of 2026-09-04; published here CC BY 4.0"
𓎤,V33,U+133A4,logogram or determinative,sšr,linen,,,"Mark-Jan Nederhof, sign-function list (Unicode 5.2 set), https://mjn.host.cs.st-andrews.ac.uk/egyptian/unicode/ — used under his written grant of 2026-09-04; published here CC BY 4.0"
𓎤,V33,U+133A4,phonogram,sšr,,,,"Mark-Jan Nederhof, sign-function list (Unicode 5.2 set), https://mjn.host.cs.st-andrews.ac.uk/egyptian/unicode/ — used under his written grant of 2026-09-04; published here CC BY 4.0"
𓎤,V33,U+133A4,phonogram,g,,,,"Mark-Jan Nederhof, sign-function list (Unicode 5.2 set), https://mjn.host.cs.st-andrews.ac.uk/egyptian/unicode/ — used under his written grant of 2026-09-04; published here CC BY 4.0"
𓎤,V33,U+133A4,determinative,,"tie up, envelop, perfume",,,"Mark-Jan Nederhof, sign-function list (Unicode 5.2 set), https://mjn.host.cs.st-andrews.ac.uk/egyptian/unicode/ — used under his written grant of 2026-09-04; published here CC BY 4.0"
𓎥,V33a,U+133A5,logogram or determinative,qꜣr,bundle,,,"Mark-Jan Nederhof, sign-function list (Unicode 5.2 set), https://mjn.host.cs.st-andrews.ac.uk/egyptian/unicode/ — used under his written grant of 2026-09-04; published here CC BY 4.0"
𓎨,V36,U+133A8,logogram or determinative,ḥn,receptacle,,,"Mark-Jan Nederhof, sign-function list (Unicode 5.2 set), https://mjn.host.cs.st-andrews.ac.uk/egyptian/unicode/ — used under his written grant of 2026-09-04; published here CC BY 4.0"
𓎨,V36,U+133A8,phonogram or phonetic determinative,ḥn,,,,"Mark-Jan Nederhof, sign-function list (Unicode 5.2 set), https://mjn.host.cs.st-andrews.ac.uk/egyptian/unicode/ — used under his written grant of 2026-09-04; published here CC BY 4.0"
𓎨,V36,U+133A8,logogram,ḥntꞽ,end,V36*[sep=0.2]V36,,"Mark-Jan Nederhof, sign-function list (Unicode 5.2 set), https://mjn.host.cs.st-andrews.ac.uk/egyptian/unicode/ — used under his written grant of 2026-09-04; published here CC BY 4.0"
𓎩,V37,U+133A9,logogram or determinative,ꞽdr,bandage,,,"Mark-Jan Nederhof, sign-function list (Unicode 5.2 set), https://mjn.host.cs.st-andrews.ac.uk/egyptian/unicode/ — used under his written grant of 2026-09-04; published here CC BY 4.0"
𓎩,V37,U+133A9,phonogram or phonetic determinative,ꞽdr,,,,"Mark-Jan Nederhof, sign-function list (Unicode 5.2 set), https://mjn.host.cs.st-andrews.ac.uk/egyptian/unicode/ — used under his written grant of 2026-09-04; published here CC BY 4.0"
𓎫,V38,U+133AB,logogram or determinative,wt,bandage,,,"Mark-Jan Nederhof, sign-function list (Unicode 5.2 set), https://mjn.host.cs.st-andrews.ac.uk/egyptian/unicode/ — used under his written grant of 2026-09-04; published here CC BY 4.0"
𓎬,V39,U+133AC,logogram or determinative,tꞽt,knot-amulet,,root=tꞽ,"Mark-Jan Nederhof, sign-function list (Unicode 5.2 set), https://mjn.host.cs.st-andrews.ac.uk/egyptian/unicode/ — used under his written grant of 2026-09-04; published here CC BY 4.0"
𓎭,V40,U+133AD,logogram,mḏ,10 (in days of the month),,numeral=10,"Mark-Jan Nederhof, sign-function list (Unicode 5.2 set), https://mjn.host.cs.st-andrews.ac.uk/egyptian/unicode/ — used under his written grant of 2026-09-04; published here CC BY 4.0"
𓎯,W1,U+133AF,logogram or determinative,mrḥt,unguent,,root=mrḥ,"Mark-Jan Nederhof, sign-function list (Unicode 5.2 set), https://mjn.host.cs.st-andrews.ac.uk/egyptian/unicode/ — used under his written grant of 2026-09-04; published here CC BY 4.0"
𓎯,W1,U+133AF,determinative,,"oil, unguent",,,"Mark-Jan Nederhof, sign-function list (Unicode 5.2 set), https://mjn.host.cs.st-andrews.ac.uk/egyptian/unicode/ — used under his written grant of 2026-09-04; published here CC BY 4.0"
𓎰,W2,U+133B0,logogram or determinative,bꜣs,jar,,,"Mark-Jan Nederhof, sign-function list (Unicode 5.2 set), https://mjn.host.cs.st-andrews.ac.uk/egyptian/unicode/ — used under his written grant of 2026-09-04; published here CC BY 4.0"
𓎰,W2,U+133B0,phonogram,bꜣs,,,,"Mark-Jan Nederhof, sign-function list (Unicode 5.2 set), https://mjn.host.cs.st-andrews.ac.uk/egyptian/unicode/ — used under his written grant of 2026-09-04; published here CC BY 4.0"
𓎱,W3,U+133B1,logogram or determinative,šs,alabaster,,,"Mark-Jan Nederhof, sign-function list (Unicode 5.2 set), https://mjn.host.cs.st-andrews.ac.uk/egyptian/unicode/ — used under his written grant of 2026-09-04; published here CC BY 4.0"
𓎱,W3,U+133B1,determinative,,feast,,,"Mark-Jan Nederhof, sign-function list (Unicode 5.2 set), https://mjn.host.cs.st-andrews.ac.uk/egyptian/unicode/ — used under his written grant of 2026-09-04; published here CC BY 4.0"
𓎱,W3,U+133B1,phonogram or phonetic determinative,ḥb,,,,"Mark-Jan Nederhof, sign-function list (Unicode 5.2 set), https://mjn.host.cs.st-andrews.ac.uk/egyptian/unicode/ — used under his written grant of 2026-09-04; published here CC BY 4.0"
𓎱,W3,U+133B1,logogram,ḥbt,ritual book,,root=ḥb,"Mark-Jan Nederhof, sign-function list (Unicode 5.2 set), https://mjn.host.cs.st-andrews.ac.uk/egyptian/unicode/ — used under his written grant of 2026-09-04; published here CC BY 4.0"
𓎳,W4,U+133B3,logogram or determinative,ḥb,feast,,,"Mark-Jan Nederhof, sign-function list (Unicode 5.2 set), https://mjn.host.cs.st-andrews.ac.uk/egyptian/unicode/ — used under his written grant of 2026-09-04; published here CC BY 4.0"
𓎳,W4,U+133B3,determinative,,feast,,,"Mark-Jan Nederhof, sign-function list (Unicode 5.2 set), https://mjn.host.cs.st-andrews.ac.uk/egyptian/unicode/ — used under his written grant of 2026-09-04; published here CC BY 4.0"
𓎴,W5,U+133B4,logogram,ẖrꞽ-ḥbt,lector priest,,,"Mark-Jan Nederhof, sign-function list (Unicode 5.2 set), https://mjn.host.cs.st-andrews.ac.uk/egyptian/unicode/ — used under his written grant of 2026-09-04; published here CC BY 4.0"
𓎵,W6,U+133B5,logogram or determinative,wḥꜣt,cauldron,,root=wḥꜣ,"Mark-Jan Nederhof, sign-function list (Unicode 5.2 set), https://mjn.host.cs.st-andrews.ac.uk/egyptian/unicode/ — used under his written grant of 2026-09-04; published here CC BY 4.0"
𓎶,W7,U+133B6,logogram or determinative,mꜣṯ,granite,,,"Mark-Jan Nederhof, sign-function list (Unicode 5.2 set), https://mjn.host.cs.st-andrews.ac.uk/egyptian/unicode/ — used under his written grant of 2026-09-04; published here CC BY 4.0"
𓎶,W7,U+133B6,phonetic determinative,mꜣṯ,,,,"Mark-Jan Nederhof, sign-function list (Unicode 5.2 set), https://mjn.host.cs.st-andrews.ac.uk/egyptian/unicode/ — used under his written grant of 2026-09-04; published here CC BY 4.0"
𓎶,W7,U+133B6,determinative,^ꜣbw,Elephantine,,,"Mark-Jan Nederhof, sign-function list (Unicode 5.2 set), https://mjn.host.cs.st-andrews.ac.uk/egyptian/unicode/ — used under his written grant of 2026-09-04; published here CC BY 4.0"
𓎶,W7,U+133B6,phonetic determinative,ꜣb,,,,"Mark-Jan Nederhof, sign-function list (Unicode 5.2 set), https://mjn.host.cs.st-andrews.ac.uk/egyptian/unicode/ — used under his written grant of 2026-09-04; published here CC BY 4.0"
𓎸,W9,U+133B8,logogram or determinative,nẖnm,nechnem-vase,,,"Mark-Jan Nederhof, sign-function list (Unicode 5.2 set), https://mjn.host.cs.st-andrews.ac.uk/egyptian/unicode/ — used under his written grant of 2026-09-04; published here CC BY 4.0"
𓎸,W9,U+133B8,phonogram,ẖnm,,,,"Mark-Jan Nederhof, sign-function list (Unicode 5.2 set), https://mjn.host.cs.st-andrews.ac.uk/egyptian/unicode/ — used under his written grant of 2026-09-04; published here CC BY 4.0"
𓎺,W10,U+133BA,determinative,,cup,,,"Mark-Jan Nederhof, sign-function list (Unicode 5.2 set), https://mjn.host.cs.st-andrews.ac.uk/egyptian/unicode/ — used under his written grant of 2026-09-04; published here CC BY 4.0"
𓎺,W10,U+133BA,logogram or determinative,ꞽꜥb,cup,,,"Mark-Jan Nederhof, sign-function list (Unicode 5.2 set), https://mjn.host.cs.st-andrews.ac.uk/egyptian/unicode/ — used under his written grant of 2026-09-04; published here CC BY 4.0"
𓎺,W10,U+133BA,phonogram or phonetic determinative,ꞽꜥb,,,,"Mark-Jan Nederhof, sign-function list (Unicode 5.2 set), https://mjn.host.cs.st-andrews.ac.uk/egyptian/unicode/ — used under his written grant of 2026-09-04; published here CC BY 4.0"
𓎺,W10,U+133BA,phonogram or phonetic determinative,ꜥb,,,,"Mark-Jan Nederhof, sign-function list (Unicode 5.2 set), https://mjn.host.cs.st-andrews.ac.uk/egyptian/unicode/ — used under his written grant of 2026-09-04; published here CC BY 4.0"
𓎺,W10,U+133BA,logogram or determinative,wsḫ,cup,,,"Mark-Jan Nederhof, sign-function list (Unicode 5.2 set), https://mjn.host.cs.st-andrews.ac.uk/egyptian/unicode/ — used under his written grant of 2026-09-04; published here CC BY 4.0"
𓎺,W10,U+133BA,phonogram or phonetic determinative,wsḫ,,,,"Mark-Jan Nederhof, sign-function list (Unicode 5.2 set), https://mjn.host.cs.st-andrews.ac.uk/egyptian/unicode/ — used under his written grant of 2026-09-04; published here CC BY 4.0"
𓎺,W10,U+133BA,phonetic determinative,sḫw,,,,"Mark-Jan Nederhof, sign-function list (Unicode 5.2 set), https://mjn.host.cs.st-andrews.ac.uk/egyptian/unicode/ — used under his written grant of 2026-09-04; published here CC BY 4.0"
𓎺,W10,U+133BA,logogram or determinative,ḥnwt,cup,,root=ḥnw,"Mark-Jan Nederhof, sign-function list (Unicode 5.2 set), https://mjn.host.cs.st-andrews.ac.uk/egyptian/unicode/ — used under his written grant of 2026-09-04; published here CC BY 4.0"
𓎺,W10,U+133BA,phonogram,ḥnt,,,,"Mark-Jan Nederhof, sign-function list (Unicode 5.2 set), https://mjn.host.cs.st-andrews.ac.uk/egyptian/unicode/ — used under his written grant of 2026-09-04; published here CC BY 4.0"
𓎻,W10a,U+133BB,phonogram or phonetic determinative,bꜣ,,,,"Mark-Jan Nederhof, sign-function list (Unicode 5.2 set), https://mjn.host.cs.st-andrews.ac.uk/egyptian/unicode/ — used under his written grant of 2026-09-04; published here CC BY 4.0"
𓎼,W11,U+133BC,logogram or determinative,nst,seat,,root=ns,"Mark-Jan Nederhof, sign-function list (Unicode 5.2 set), https://mjn.host.cs.st-andrews.ac.uk/egyptian/unicode/ — used under his written grant of 2026-09-04; published here CC BY 4.0"
𓎼,W11,U+133BC,phonogram,g,,,,"Mark-Jan Nederhof, sign-function list (Unicode 5.2 set), https://mjn.host.cs.st-andrews.ac.uk/egyptian/unicode/ — used under his written grant of 2026-09-04; published here CC BY 4.0"
𓎾,W13,U+133BE,logogram or determinative,dšrt,earthenware pot,,root=dšr,"Mark-Jan Nederhof, sign-function list (Unicode 5.2 set), https://mjn.host.cs.st-andrews.ac.uk/egyptian/unicode/ — used under his written grant of 2026-09-04; published here CC BY 4.0"
𓎿,W14,U+133BF,logogram or determinative,ḥst,water jar,,root=ḥs,"Mark-Jan Nederhof, sign-function list (Unicode 5.2 set), https://mjn.host.cs.st-andrews.ac.uk/egyptian/unicode/ — used under his written grant of 2026-09-04; published here CC BY 4.0"
𓎿,W14,U+133BF,phonogram,ḥs,,,,"Mark-Jan Nederhof, sign-function list (Unicode 5.2 set), https://mjn.host.cs.st-andrews.ac.uk/egyptian/unicode/ — used under his written grant of 2026-09-04; published here CC BY 4.0"
𓎿,W14,U+133BF,determinative,,jar,,,"Mark-Jan Nederhof, sign-function list (Unicode 5.2 set), https://mjn.host.cs.st-andrews.ac.uk/egyptian/unicode/ — used under his written grant of 2026-09-04; published here CC BY 4.0"
𓏀,W14a,U+133C0,phonogram,ḥs,,,,"Mark-Jan Nederhof, sign-function list (Unicode 5.2 set), https://mjn.host.cs.st-andrews.ac.uk/egyptian/unicode/ — used under his written grant of 2026-09-04; published here CC BY 4.0"
𓏁,W15,U+133C1,determinative,qbb,cool,,root=qb,"Mark-Jan Nederhof, sign-function list (Unicode 5.2 set), https://mjn.host.cs.st-andrews.ac.uk/egyptian/unicode/ — used under his written grant of 2026-09-04; published here CC BY 4.0"
𓏁,W15,U+133C1,logogram or determinative,qbḥ,cool,,,"Mark-Jan Nederhof, sign-function list (Unicode 5.2 set), https://mjn.host.cs.st-andrews.ac.uk/egyptian/unicode/ — used under his written grant of 2026-09-04; published here CC BY 4.0"
𓏂,W16,U+133C2,logogram or determinative,qbḥ,cool,,,"Mark-Jan Nederhof, sign-function list (Unicode 5.2 set), https://mjn.host.cs.st-andrews.ac.uk/egyptian/unicode/ — used under his written grant of 2026-09-04; published here CC BY 4.0"
𓏂,W16,U+133C2,determinative,qbb,cool,,root=qb,"Mark-Jan Nederhof, sign-function list (Unicode 5.2 set), https://mjn.host.cs.st-andrews.ac.uk/egyptian/unicode/ — used under his written grant of 2026-09-04; published here CC BY 4.0"
𓏃,W17,U+133C3,logogram,ḫnt,rack,,,"Mark-Jan Nederhof, sign-function list (Unicode 5.2 set), https://mjn.host.cs.st-andrews.ac.uk/egyptian/unicode/ — used under his written grant of 2026-09-04; published here CC BY 4.0"
𓏃,W17,U+133C3,phonogram,ḫnt,,,,"Mark-Jan Nederhof, sign-function list (Unicode 5.2 set), https://mjn.host.cs.st-andrews.ac.uk/egyptian/unicode/ — used under his written grant of 2026-09-04; published here CC BY 4.0"
𓏇,W19,U+133C7,logogram or determinative,mhr,milk jug,,,"Mark-Jan Nederhof, sign-function list (Unicode 5.2 set), https://mjn.host.cs.st-andrews.ac.uk/egyptian/unicode/ — used under his written grant of 2026-09-04; published here CC BY 4.0"
𓏇,W19,U+133C7,phonogram,mr,,,,"Mark-Jan Nederhof, sign-function list (Unicode 5.2 set), https://mjn.host.cs.st-andrews.ac.uk/egyptian/unicode/ — used under his written grant of 2026-09-04; published here CC BY 4.0"
𓏈,W20,U+133C8,logogram or determinative,ꞽrṯt,milk,,root=ꞽrṯ,"Mark-Jan Nederhof, sign-function list (Unicode 5.2 set), https://mjn.host.cs.st-andrews.ac.uk/egyptian/unicode/ — used under his written grant of 2026-09-04; published here CC BY 4.0"
𓏉,W21,U+133C9,logogram or determinative,ꞽrp,wine,,,"Mark-Jan Nederhof, sign-function list (Unicode 5.2 set), https://mjn.host.cs.st-andrews.ac.uk/egyptian/unicode/ — used under his written grant of 2026-09-04; published here CC BY 4.0"
𓏊,W22,U+133CA,logogram or determinative,ḥnqt,beer,,root=ḥnq,"Mark-Jan Nederhof, sign-function list (Unicode 5.2 set), https://mjn.host.cs.st-andrews.ac.uk/egyptian/unicode/ — used under his written grant of 2026-09-04; published here CC BY 4.0"
𓏊,W22,U+133CA,determinative,,"pot, fluid, measure, tribute",,,"Mark-Jan Nederhof, sign-function list (Unicode 5.2 set), https://mjn.host.cs.st-andrews.ac.uk/egyptian/unicode/ — used under his written grant of 2026-09-04; published here CC BY 4.0"
𓏊,W22,U+133CA,logogram or determinative,wdpw,butler,,root=wdp,"Mark-Jan Nederhof, sign-function list (Unicode 5.2 set), https://mjn.host.cs.st-andrews.ac.uk/egyptian/unicode/ — used under his written grant of 2026-09-04; published here CC BY 4.0"
𓏌,W24,U+133CC,phonogram,nw,,,,"Mark-Jan Nederhof, sign-function list (Unicode 5.2 set), https://mjn.host.cs.st-andrews.ac.uk/egyptian/unicode/ — used under his written grant of 2026-09-04; published here CC BY 4.0"
𓏌,W24,U+133CC,phonogram,nw,,W24a,,"Mark-Jan Nederhof, sign-function list (Unicode 5.2 set), https://mjn.host.cs.st-andrews.ac.uk/egyptian/unicode/ — used under his written grant of 2026-09-04; published here CC BY 4.0"
𓏌,W24,U+133CC,phonogram,ꞽn,,,,"Mark-Jan Nederhof, sign-function list (Unicode 5.2 set), https://mjn.host.cs.st-andrews.ac.uk/egyptian/unicode/ — used under his written grant of 2026-09-04; published here CC BY 4.0"
𓏌,W24,U+133CC,phonogram,nḏ,,Aa27-W24,period=ME,"Mark-Jan Nederhof, sign-function list (Unicode 5.2 set), https://mjn.host.cs.st-andrews.ac.uk/egyptian/unicode/ — used under his written grant of 2026-09-04; published here CC BY 4.0"
𓏌,W24,U+133CC,logogram,m-ẖnw,inside,W24:N35a,,"Mark-Jan Nederhof, sign-function list (Unicode 5.2 set), https://mjn.host.cs.st-andrews.ac.uk/egyptian/unicode/ — used under his written grant of 2026-09-04; published here CC BY 4.0"
𓏌,W24,U+133CC,determinative,ḏꜣḏꜣt,council,,root=ḏꜣḏꜣ,"Mark-Jan Nederhof, sign-function list (Unicode 5.2 set), https://mjn.host.cs.st-andrews.ac.uk/egyptian/unicode/ — used under his written grant of 2026-09-04; published here CC BY 4.0"
𓏌,W24,U+133CC,determinative,^nḫbt,Nekhbet,,,"Mark-Jan Nederhof, sign-function list (Unicode 5.2 set), https://mjn.host.cs.st-andrews.ac.uk/egyptian/unicode/ — used under his written grant of 2026-09-04; published here CC BY 4.0"
𓏎,W25,U+133CE,logogram,ꞽnꞽ,bring,,root=ꞽn,"Mark-Jan Nederhof, sign-function list (Unicode 5.2 set), https://mjn.host.cs.st-andrews.ac.uk/egyptian/unicode/ — used under his written grant of 2026-09-04; published here CC BY 4.0"
𓏏,X1,U+133CF,logogram,t,bread,,,"Mark-Jan Nederhof, sign-function list (Unicode 5.2 set), https://mjn.host.cs.st-andrews.ac.uk/egyptian/unicode/ — used under his written grant of 2026-09-04; published here CC BY 4.0"
𓏏,X1,U+133CF,phonogram,t,,,,"Mark-Jan Nederhof, sign-function list (Unicode 5.2 set), https://mjn.host.cs.st-andrews.ac.uk/egyptian/unicode/ — used under his written grant of 2026-09-04; published here CC BY 4.0"
𓏏,X1,U+133CF,logogram,ꞽt-nṯr,god's father (title),.:X1-[fit]R8,,"Mark-Jan Nederhof, sign-function list (Unicode 5.2 set), https://mjn.host.cs.st-andrews.ac.uk/egyptian/unicode/ — used under his written grant of 2026-09-04; published here CC BY 4.0"
𓏏,X1,U+133CF,phonogram,t,,X1:X2-X4b:Z2,,"Mark-Jan Nederhof, sign-function list (Unicode 5.2 set), https://mjn.host.cs.st-andrews.ac.uk/egyptian/unicode/ — used under his written grant of 2026-09-04; published here CC BY 4.0"
𓏐,X2,U+133D0,determinative,,bread,,,"Mark-Jan Nederhof, sign-function list (Unicode 5.2 set), https://mjn.host.cs.st-andrews.ac.uk/egyptian/unicode/ — used under his written grant of 2026-09-04; published here CC BY 4.0"
𓏐,X2,U+133D0,determinative,,food,X2*W22,,"Mark-Jan Nederhof, sign-function list (Unicode 5.2 set), https://mjn.host.cs.st-andrews.ac.uk/egyptian/unicode/ — used under his written grant of 2026-09-04; published here CC BY 4.0"
𓏐,X2,U+133D0,logogram,^ḏḥwtꞽ,Thoth,,root=ḏḥwt,"Mark-Jan Nederhof, sign-function list (Unicode 5.2 set), https://mjn.host.cs.st-andrews.ac.uk/egyptian/unicode/ — used under his written grant of 2026-09-04; published here CC BY 4.0"
𓏐,X2,U+133D0,logogram,^gb,Geb,,,"Mark-Jan Nederhof, sign-function list (Unicode 5.2 set), https://mjn.host.cs.st-andrews.ac.uk/egyptian/unicode/ — used under his written grant of 2026-09-04; published here CC BY 4.0"
𓏐,X2,U+133D0,logogram,^ꞽnpw,Anubis,,root=ꞽnp,"Mark-Jan Nederhof, sign-function list (Unicode 5.2 set), https://mjn.host.cs.st-andrews.ac.uk/egyptian/unicode/ — used under his written grant of 2026-09-04; published here CC BY 4.0"
𓏐,X2,U+133D0,logogram,ꞽt-nṯr,god's father (title),.:X2-[fit]R8,,"Mark-Jan Nederhof, sign-function list (Unicode 5.2 set), https://mjn.host.cs.st-andrews.ac.uk/egyptian/unicode/ — used under his written grant of 2026-09-04; published here CC BY 4.0"
𓏒,X4,U+133D2,determinative,,"bread, food",,,"Mark-Jan Nederhof, sign-function list (Unicode 5.2 set), https://mjn.host.cs.st-andrews.ac.uk/egyptian/unicode/ — used under his written grant of 2026-09-04; published here CC BY 4.0"
𓏒,X4,U+133D2,phonetic determinative,sn,,,,"Mark-Jan Nederhof, sign-function list (Unicode 5.2 set), https://mjn.host.cs.st-andrews.ac.uk/egyptian/unicode/ — used under his written grant of 2026-09-04; published here CC BY 4.0"
𓏒,X4,U+133D2,logogram or determinative,fqꜣ,cake,,,"Mark-Jan Nederhof, sign-function list (Unicode 5.2 set), https://mjn.host.cs.st-andrews.ac.uk/egyptian/unicode/ — used under his written grant of 2026-09-04; published here CC BY 4.0"
𓏒,X4,U+133D2,phonetic determinative,fqꜣ,,,,"Mark-Jan Nederhof, sign-function list (Unicode 5.2 set), https://mjn.host.cs.st-andrews.ac.uk/egyptian/unicode/ — used under his written grant of 2026-09-04; published here CC BY 4.0"
𓏖,X6,U+133D6,logogram or determinative,pꜣt,loaf,,root=pꜣ,"Mark-Jan Nederhof, sign-function list (Unicode 5.2 set), https://mjn.host.cs.st-andrews.ac.uk/egyptian/unicode/ — used under his written grant of 2026-09-04; published here CC BY 4.0"
𓏖,X6,U+133D6,phonetic determinative,pꜣt,,,,"Mark-Jan Nederhof, sign-function list (Unicode 5.2 set), https://mjn.host.cs.st-andrews.ac.uk/egyptian/unicode/ — used under his written grant of 2026-09-04; published here CC BY 4.0"
𓏘,X7,U+133D8,logogram or determinative,wnm,eat,X7:X7-A2,,"Mark-Jan Nederhof, sign-function list (Unicode 5.2 set), https://mjn.host.cs.st-andrews.ac.uk/egyptian/unicode/ — used under his written grant of 2026-09-04; published here CC BY 4.0"
𓏘,X7,U+133D8,determinative,,eat,X7:X7-A2,,"Mark-Jan Nederhof, sign-function list (Unicode 5.2 set), https://mjn.host.cs.st-andrews.ac.uk/egyptian/unicode/ — used under his written grant of 2026-09-04; published here CC BY 4.0"
𓏘,X7,U+133D8,determinative,snw,food offerings,,,"Mark-Jan Nederhof, sign-function list (Unicode 5.2 set), https://mjn.host.cs.st-andrews.ac.uk/egyptian/unicode/ — used under his written grant of 2026-09-04; published here CC BY 4.0"
𓏙,X8,U+133D9,logogram,ḏꞽ,give,,root=ḏ,"Mark-Jan Nederhof, sign-function list (Unicode 5.2 set), https://mjn.host.cs.st-andrews.ac.uk/egyptian/unicode/ — used under his written grant of 2026-09-04; published here CC BY 4.0"
𓏙,X8,U+133D9,logogram,rḏꞽ,give,D21-X8,root=rḏ,"Mark-Jan Nederhof, sign-function list (Unicode 5.2 set), https://mjn.host.cs.st-andrews.ac.uk/egyptian/unicode/ — used under his written grant of 2026-09-04; published here CC BY 4.0"
𓏙,X8,U+133D9,logogram,ꞽmꞽ,give!,,,"Mark-Jan Nederhof, sign-function list (Unicode 5.2 set), https://mjn.host.cs.st-andrews.ac.uk/egyptian/unicode/ — used under his written grant of 2026-09-04; published here CC BY 4.0"
𓏙,X8,U+133D9,phonogram,d,,,,"Mark-Jan Nederhof, sign-function list (Unicode 5.2 set), https://mjn.host.cs.st-andrews.ac.uk/egyptian/unicode/ — used under his written grant of 2026-09-04; published here CC BY 4.0"
𓏙,X8,U+133D9,logogram,dꞽw,provisions,,certain=false,"Mark-Jan Nederhof, sign-function list (Unicode 5.2 set), https://mjn.host.cs.st-andrews.ac.uk/egyptian/unicode/ — used under his written grant of 2026-09-04; published here CC BY 4.0"
𓏛,Y1,U+133DB,logogram or determinative,mḏꜣt,papyrus roll,,root=mḏꜣ,"Mark-Jan Nederhof, sign-function list (Unicode 5.2 set), https://mjn.host.cs.st-andrews.ac.uk/egyptian/unicode/ — used under his written grant of 2026-09-04; published here CC BY 4.0"
𓏛,Y1,U+133DB,phonogram,mḏꜣt,,,,"Mark-Jan Nederhof, sign-function list (Unicode 5.2 set), https://mjn.host.cs.st-andrews.ac.uk/egyptian/unicode/ — used under his written grant of 2026-09-04; published here CC BY 4.0"
𓏛,Y1,U+133DB,determinative,,"writing and what is written, abstract notions",,,"Mark-Jan Nederhof, sign-function list (Unicode 5.2 set), https://mjn.host.cs.st-andrews.ac.uk/egyptian/unicode/ — used under his written grant of 2026-09-04; published here CC BY 4.0"
𓏛,Y1,U+133DB,logogram,dmḏ,total,,,"Mark-Jan Nederhof, sign-function list (Unicode 5.2 set), https://mjn.host.cs.st-andrews.ac.uk/egyptian/unicode/ — used under his written grant of 2026-09-04; published here CC BY 4.0"
𓏞,Y3,U+133DE,logogram or determinative,mnhḏ,scribe's outfit,,,"Mark-Jan Nederhof, sign-function list (Unicode 5.2 set), https://mjn.host.cs.st-andrews.ac.uk/egyptian/unicode/ — used under his written grant of 2026-09-04; published here CC BY 4.0"
𓏞,Y3,U+133DE,logogram or determinative,sš,writing,,,"Mark-Jan Nederhof, sign-function list (Unicode 5.2 set), https://mjn.host.cs.st-andrews.ac.uk/egyptian/unicode/ — used under his written grant of 2026-09-04; published here CC BY 4.0"
𓏞,Y3,U+133DE,determinative,nꜥꜥ,smooth,,,"Mark-Jan Nederhof, sign-function list (Unicode 5.2 set), https://mjn.host.cs.st-andrews.ac.uk/egyptian/unicode/ — used under his written grant of 2026-09-04; published here CC BY 4.0"
𓏞,Y3,U+133DE,logogram,snꜥꜥ,made smooth,,,"Mark-Jan Nederhof, sign-function list (Unicode 5.2 set), https://mjn.host.cs.st-andrews.ac.uk/egyptian/unicode/ — used under his written grant of 2026-09-04; published here CC BY 4.0"
𓏞,Y3,U+133DE,determinative,ṯms,red,,,"Mark-Jan Nederhof, sign-function list (Unicode 5.2 set), https://mjn.host.cs.st-andrews.ac.uk/egyptian/unicode/ — used under his written grant of 2026-09-04; published here CC BY 4.0"
𓏞,Y3,U+133DE,phonetic determinative,ṯms,,,,"Mark-Jan Nederhof, sign-function list (Unicode 5.2 set), https://mjn.host.cs.st-andrews.ac.uk/egyptian/unicode/ — used under his written grant of 2026-09-04; published here CC BY 4.0"
𓏠,Y5,U+133E0,phonogram,mn,,,,"Mark-Jan Nederhof, sign-function list (Unicode 5.2 set), https://mjn.host.cs.st-andrews.ac.uk/egyptian/unicode/ — used under his written grant of 2026-09-04; published here CC BY 4.0"
𓏡,Y6,U+133E1,logogram or determinative,ꞽbꜣ,game piece,,,"Mark-Jan Nederhof, sign-function list (Unicode 5.2 set), https://mjn.host.cs.st-andrews.ac.uk/egyptian/unicode/ — used under his written grant of 2026-09-04; published here CC BY 4.0"
𓏡,Y6,U+133E1,phonogram or phonetic determinative,ꞽbꜣ,,,,"Mark-Jan Nederhof, sign-function list (Unicode 5.2 set), https://mjn.host.cs.st-andrews.ac.uk/egyptian/unicode/ — used under his written grant of 2026-09-04; published here CC BY 4.0"
𓏢,Y7,U+133E2,logogram or determinative,bnt,harp,,root=bn,"Mark-Jan Nederhof, sign-function list (Unicode 5.2 set), https://mjn.host.cs.st-andrews.ac.uk/egyptian/unicode/ — used under his written grant of 2026-09-04; published here CC BY 4.0"
𓏣,Y8,U+133E3,logogram or determinative,sššt,sistrum,,root=sšš,"Mark-Jan Nederhof, sign-function list (Unicode 5.2 set), https://mjn.host.cs.st-andrews.ac.uk/egyptian/unicode/ — used under his written grant of 2026-09-04; published here CC BY 4.0"
𓏣,Y8,U+133E3,phonogram,sḫm,,,period=13-18,"Mark-Jan Nederhof, sign-function list (Unicode 5.2 set), https://mjn.host.cs.st-andrews.ac.uk/egyptian/unicode/ — used under his written grant of 2026-09-04; published here CC BY 4.0"
𓏤,Z1,U+133E4,typographic,,semogram marker,,,"Mark-Jan Nederhof, sign-function list (Unicode 5.2 set), https://mjn.host.cs.st-andrews.ac.uk/egyptian/unicode/ — used under his written grant of 2026-09-04; published here CC BY 4.0"
𓏤,Z1,U+133E4,typographic,,space filler,,period=12,"Mark-Jan Nederhof, sign-function list (Unicode 5.2 set), https://mjn.host.cs.st-andrews.ac.uk/egyptian/unicode/ — used under his written grant of 2026-09-04; published here CC BY 4.0"
𓏤,Z1,U+133E4,logogram,=ꞽ,I,,,"Mark-Jan Nederhof, sign-function list (Unicode 5.2 set), https://mjn.host.cs.st-andrews.ac.uk/egyptian/unicode/ — used under his written grant of 2026-09-04; published here CC BY 4.0"
𓏤,Z1,U+133E4,typographic,,plurality or collectivity,Z1*Z1*Z1,,"Mark-Jan Nederhof, sign-function list (Unicode 5.2 set), https://mjn.host.cs.st-andrews.ac.uk/egyptian/unicode/ — used under his written grant of 2026-09-04; published here CC BY 4.0"
𓏤,Z1,U+133E4,phonogram,w,,Z1*Z1*Z1,,"Mark-Jan Nederhof, sign-function list (Unicode 5.2 set), https://mjn.host.cs.st-andrews.ac.uk/egyptian/unicode/ — used under his written grant of 2026-09-04; published here CC BY 4.0"
𓏭,Z4,U+133ED,typographic,,duality,,,"Mark-Jan Nederhof, sign-function list (Unicode 5.2 set), https://mjn.host.cs.st-andrews.ac.uk/egyptian/unicode/ — used under his written grant of 2026-09-04; published here CC BY 4.0"
𓏭,Z4,U+133ED,phonogram,ꞽ,,,,"Mark-Jan Nederhof, sign-function list (Unicode 5.2 set), https://mjn.host.cs.st-andrews.ac.uk/egyptian/unicode/ — used under his written grant of 2026-09-04; published here CC BY 4.0"
𓏭,Z4,U+133ED,typographic,,"replaces two human figures, or signs difficult to draw",,,"Mark-Jan Nederhof, sign-function list (Unicode 5.2 set), https://mjn.host.cs.st-andrews.ac.uk/egyptian/unicode/ — used under his written grant of 2026-09-04; published here CC BY 4.0"
𓏯,Z5,U+133EF,typographic,,"replaces human figure, or sign difficult to draw",,,"Mark-Jan Nederhof, sign-function list (Unicode 5.2 set), https://mjn.host.cs.st-andrews.ac.uk/egyptian/unicode/ — used under his written grant of 2026-09-04; published here CC BY 4.0"
𓏳,Z8,U+133F3,determinative,,round,,,"Mark-Jan Nederhof, sign-function list (Unicode 5.2 set), https://mjn.host.cs.st-andrews.ac.uk/egyptian/unicode/ — used under his written grant of 2026-09-04; published here CC BY 4.0"
𓏴,Z9,U+133F4,determinative,,"break, divide, cross, answer",,,"Mark-Jan Nederhof, sign-function list (Unicode 5.2 set), https://mjn.host.cs.st-andrews.ac.uk/egyptian/unicode/ — used under his written grant of 2026-09-04; published here CC BY 4.0"
𓏴,Z9,U+133F4,logogram,ḥsb,1/4,,,"Mark-Jan Nederhof, sign-function list (Unicode 5.2 set), https://mjn.host.cs.st-andrews.ac.uk/egyptian/unicode/ — used under his written grant of 2026-09-04; published here CC BY 4.0"
𓏴,Z9,U+133F4,phonogram or phonetic determinative,swꜣ,,,,"Mark-Jan Nederhof, sign-function list (Unicode 5.2 set), https://mjn.host.cs.st-andrews.ac.uk/egyptian/unicode/ — used under his written grant of 2026-09-04; published here CC BY 4.0"
𓏴,Z9,U+133F4,phonogram or phonetic determinative,sḏ,,,,"Mark-Jan Nederhof, sign-function list (Unicode 5.2 set), https://mjn.host.cs.st-andrews.ac.uk/egyptian/unicode/ — used under his written grant of 2026-09-04; published here CC BY 4.0"
𓏴,Z9,U+133F4,phonogram or phonetic determinative,ḫbs,,,,"Mark-Jan Nederhof, sign-function list (Unicode 5.2 set), https://mjn.host.cs.st-andrews.ac.uk/egyptian/unicode/ — used under his written grant of 2026-09-04; published here CC BY 4.0"
𓏴,Z9,U+133F4,phonogram or phonetic determinative,šbn,,,,"Mark-Jan Nederhof, sign-function list (Unicode 5.2 set), https://mjn.host.cs.st-andrews.ac.uk/egyptian/unicode/ — used under his written grant of 2026-09-04; published here CC BY 4.0"
𓏴,Z9,U+133F4,phonogram or phonetic determinative,wp,,,,"Mark-Jan Nederhof, sign-function list (Unicode 5.2 set), https://mjn.host.cs.st-andrews.ac.uk/egyptian/unicode/ — used under his written grant of 2026-09-04; published here CC BY 4.0"
𓏴,Z9,U+133F4,phonogram or phonetic determinative,wr,,,,"Mark-Jan Nederhof, sign-function list (Unicode 5.2 set), https://mjn.host.cs.st-andrews.ac.uk/egyptian/unicode/ — used under his written grant of 2026-09-04; published here CC BY 4.0"
𓏶,Z11,U+133F6,phonogram,ꞽmꞽ,,,,"Mark-Jan Nederhof, sign-function list (Unicode 5.2 set), https://mjn.host.cs.st-andrews.ac.uk/egyptian/unicode/ — used under his written grant of 2026-09-04; published here CC BY 4.0"
𓏷,Z12,U+133F7,phonetic determinative,ḥw,,,,"Mark-Jan Nederhof, sign-function list (Unicode 5.2 set), https://mjn.host.cs.st-andrews.ac.uk/egyptian/unicode/ — used under his written grant of 2026-09-04; published here CC BY 4.0"
𓏸,Z13,U+133F8,determinative,,round,,,"Mark-Jan Nederhof, sign-function list (Unicode 5.2 set), https://mjn.host.cs.st-andrews.ac.uk/egyptian/unicode/ — used under his written grant of 2026-09-04; published here CC BY 4.0"
𓏸,Z13,U+133F8,phonetic determinative,qd,,,,"Mark-Jan Nederhof, sign-function list (Unicode 5.2 set), https://mjn.host.cs.st-andrews.ac.uk/egyptian/unicode/ — used under his written grant of 2026-09-04; published here CC BY 4.0"
𓏺,Z15,U+133FA,logogram,wꜥ,1,,numeral=1,"Mark-Jan Nederhof, sign-function list (Unicode 5.2 set), https://mjn.host.cs.st-andrews.ac.uk/egyptian/unicode/ — used under his written grant of 2026-09-04; published here CC BY 4.0"
𓐄,Z16,U+13404,logogram,wꜥ,1 (in days of the month),,numeral=1,"Mark-Jan Nederhof, sign-function list (Unicode 5.2 set), https://mjn.host.cs.st-andrews.ac.uk/egyptian/unicode/ — used under his written grant of 2026-09-04; published here CC BY 4.0"
𓐍,Aa1,U+1340D,phonogram,ḫ,,,,"Mark-Jan Nederhof, sign-function list (Unicode 5.2 set), https://mjn.host.cs.st-andrews.ac.uk/egyptian/unicode/ — used under his written grant of 2026-09-04; published here CC BY 4.0"
𓐎,Aa2,U+1340E,determinative,,bodily growths or conditions,,,"Mark-Jan Nederhof, sign-function list (Unicode 5.2 set), https://mjn.host.cs.st-andrews.ac.uk/egyptian/unicode/ — used under his written grant of 2026-09-04; published here CC BY 4.0"
𓐎,Aa2,U+1340E,logogram or determinative,ẖpw,sculptured reliefs,,,"Mark-Jan Nederhof, sign-function list (Unicode 5.2 set), https://mjn.host.cs.st-andrews.ac.uk/egyptian/unicode/ — used under his written grant of 2026-09-04; published here CC BY 4.0"
𓐎,Aa2,U+1340E,logogram or determinative,ḥsb,reckon,,,"Mark-Jan Nederhof, sign-function list (Unicode 5.2 set), https://mjn.host.cs.st-andrews.ac.uk/egyptian/unicode/ — used under his written grant of 2026-09-04; published here CC BY 4.0"
𓐎,Aa2,U+1340E,phonogram,wḥꜣ,,,,"Mark-Jan Nederhof, sign-function list (Unicode 5.2 set), https://mjn.host.cs.st-andrews.ac.uk/egyptian/unicode/ — used under his written grant of 2026-09-04; published here CC BY 4.0"
𓐎,Aa2,U+1340E,logogram or determinative,gꜣwt,tribute,,root=gꜣw,"Mark-Jan Nederhof, sign-function list (Unicode 5.2 set), https://mjn.host.cs.st-andrews.ac.uk/egyptian/unicode/ — used under his written grant of 2026-09-04; published here CC BY 4.0"
𓐎,Aa2,U+1340E,phonetic determinative,gꜣw,,,,"Mark-Jan Nederhof, sign-function list (Unicode 5.2 set), https://mjn.host.cs.st-andrews.ac.uk/egyptian/unicode/ — used under his written grant of 2026-09-04; published here CC BY 4.0"
𓐏,Aa3,U+1340F,determinative,,soft body tissues and fluids,,,"Mark-Jan Nederhof, sign-function list (Unicode 5.2 set), https://mjn.host.cs.st-andrews.ac.uk/egyptian/unicode/ — used under his written grant of 2026-09-04; published here CC BY 4.0"
𓐑,Aa5,U+13411,logogram or determinative,ḥpt,helm,,root=ḥp,"Mark-Jan Nederhof, sign-function list (Unicode 5.2 set), https://mjn.host.cs.st-andrews.ac.uk/egyptian/unicode/ — used under his written grant of 2026-09-04; published here CC BY 4.0"
𓐑,Aa5,U+13411,phonogram,ḥp,,,,"Mark-Jan Nederhof, sign-function list (Unicode 5.2 set), https://mjn.host.cs.st-andrews.ac.uk/egyptian/unicode/ — used under his written grant of 2026-09-04; published here CC BY 4.0"
𓐒,Aa6,U+13412,determinative,tmꜣ,mat,,,"Mark-Jan Nederhof, sign-function list (Unicode 5.2 set), https://mjn.host.cs.st-andrews.ac.uk/egyptian/unicode/ — used under his written grant of 2026-09-04; published here CC BY 4.0"
𓐒,Aa6,U+13412,phonetic determinative,ṯmꜣ,,,,"Mark-Jan Nederhof, sign-function list (Unicode 5.2 set), https://mjn.host.cs.st-andrews.ac.uk/egyptian/unicode/ — used under his written grant of 2026-09-04; published here CC BY 4.0"
𓐓,Aa7,U+13413,logogram or determinative,sqr,smite,,,"Mark-Jan Nederhof, sign-function list (Unicode 5.2 set), https://mjn.host.cs.st-andrews.ac.uk/egyptian/unicode/ — used under his written grant of 2026-09-04; published here CC BY 4.0"
𓐖,Aa8,U+13416,logogram or determinative,ḏꜣtt,estate,,root=ḏꜣt; certain=false,"Mark-Jan Nederhof, sign-function list (Unicode 5.2 set), https://mjn.host.cs.st-andrews.ac.uk/egyptian/unicode/ — used under his written grant of 2026-09-04; published here CC BY 4.0"
𓐖,Aa8,U+13416,phonetic determinative,ḏꜣt,,,,"Mark-Jan Nederhof, sign-function list (Unicode 5.2 set), https://mjn.host.cs.st-andrews.ac.uk/egyptian/unicode/ — used under his written grant of 2026-09-04; published here CC BY 4.0"
𓐖,Aa8,U+13416,phonogram,qn,,,,"Mark-Jan Nederhof, sign-function list (Unicode 5.2 set), https://mjn.host.cs.st-andrews.ac.uk/egyptian/unicode/ — used under his written grant of 2026-09-04; published here CC BY 4.0"
𓐗,Aa9,U+13417,determinative,ḫwd,rich,,,"Mark-Jan Nederhof, sign-function list (Unicode 5.2 set), https://mjn.host.cs.st-andrews.ac.uk/egyptian/unicode/ — used under his written grant of 2026-09-04; published here CC BY 4.0"
𓐘,Aa10,U+13418,determinative,drf,writing,,,"Mark-Jan Nederhof, sign-function list (Unicode 5.2 set), https://mjn.host.cs.st-andrews.ac.uk/egyptian/unicode/ — used under his written grant of 2026-09-04; published here CC BY 4.0"
𓐙,Aa11,U+13419,phonogram,mꜣꜥ,,,,"Mark-Jan Nederhof, sign-function list (Unicode 5.2 set), https://mjn.host.cs.st-andrews.ac.uk/egyptian/unicode/ — used under his written grant of 2026-09-04; published here CC BY 4.0"
𓐙,Aa11,U+13419,logogram,mꜣꜥ-ḫrw,true of voice,Aa11:P8[rotate=270],,"Mark-Jan Nederhof, sign-function list (Unicode 5.2 set), https://mjn.host.cs.st-andrews.ac.uk/egyptian/unicode/ — used under his written grant of 2026-09-04; published here CC BY 4.0"
𓐙,Aa11,U+13419,determinative,ṯnṯꜣt,platform,,root=ṯnṯꜣ,"Mark-Jan Nederhof, sign-function list (Unicode 5.2 set), https://mjn.host.cs.st-andrews.ac.uk/egyptian/unicode/ — used under his written grant of 2026-09-04; published here CC BY 4.0"
𓐛,Aa13,U+1341B,logogram or determinative,ꞽm,rib,,,"Mark-Jan Nederhof, sign-function list (Unicode 5.2 set), https://mjn.host.cs.st-andrews.ac.uk/egyptian/unicode/ — used under his written grant of 2026-09-04; published here CC BY 4.0"
𓐛,Aa13,U+1341B,phonogram,ꞽm,,,,"Mark-Jan Nederhof, sign-function list (Unicode 5.2 set), https://mjn.host.cs.st-andrews.ac.uk/egyptian/unicode/ — used under his written grant of 2026-09-04; published here CC BY 4.0"
𓐛,Aa13,U+1341B,phonogram,m,,,period=18-,"Mark-Jan Nederhof, sign-function list (Unicode 5.2 set), https://mjn.host.cs.st-andrews.ac.uk/egyptian/unicode/ — used under his written grant of 2026-09-04; published here CC BY 4.0"
𓐞,Aa16,U+1341E,logogram or determinative,gs,side,,,"Mark-Jan Nederhof, sign-function list (Unicode 5.2 set), https://mjn.host.cs.st-andrews.ac.uk/egyptian/unicode/ — used under his written grant of 2026-09-04; published here CC BY 4.0"
𓐞,Aa16,U+1341E,logogram,1/2,half,,,"Mark-Jan Nederhof, sign-function list (Unicode 5.2 set), https://mjn.host.cs.st-andrews.ac.uk/egyptian/unicode/ — used under his written grant of 2026-09-04; published here CC BY 4.0"
𓐞,Aa16,U+1341E,phonogram,gs,,,,"Mark-Jan Nederhof, sign-function list (Unicode 5.2 set), https://mjn.host.cs.st-andrews.ac.uk/egyptian/unicode/ — used under his written grant of 2026-09-04; published here CC BY 4.0"
𓐟,Aa17,U+1341F,logogram,sꜣ,back,,,"Mark-Jan Nederhof, sign-function list (Unicode 5.2 set), https://mjn.host.cs.st-andrews.ac.uk/egyptian/unicode/ — used under his written grant of 2026-09-04; published here CC BY 4.0"
𓐟,Aa17,U+1341F,phonogram,sꜣ,,,,"Mark-Jan Nederhof, sign-function list (Unicode 5.2 set), https://mjn.host.cs.st-andrews.ac.uk/egyptian/unicode/ — used under his written grant of 2026-09-04; published here CC BY 4.0"
𓐠,Aa18,U+13420,phonogram,s,,Aa18,,"Mark-Jan Nederhof, sign-function list (Unicode 5.2 set), https://mjn.host.cs.st-andrews.ac.uk/egyptian/unicode/ — used under his written grant of 2026-09-04; published here CC BY 4.0"
𓐡,Aa19,U+13421,phonetic determinative,ḥr,,,,"Mark-Jan Nederhof, sign-function list (Unicode 5.2 set), https://mjn.host.cs.st-andrews.ac.uk/egyptian/unicode/ — used under his written grant of 2026-09-04; published here CC BY 4.0"
𓐡,Aa19,U+13421,determinative,ṯꜣr,fasten,,,"Mark-Jan Nederhof, sign-function list (Unicode 5.2 set), https://mjn.host.cs.st-andrews.ac.uk/egyptian/unicode/ — used under his written grant of 2026-09-04; published here CC BY 4.0"
𓐢,Aa20,U+13422,phonogram or phonetic determinative,ꜥpr,,,,"Mark-Jan Nederhof, sign-function list (Unicode 5.2 set), https://mjn.host.cs.st-andrews.ac.uk/egyptian/unicode/ — used under his written grant of 2026-09-04; published here CC BY 4.0"
𓐣,Aa21,U+13423,logogram or determinative,wḏꜥ,sever,,,"Mark-Jan Nederhof, sign-function list (Unicode 5.2 set), https://mjn.host.cs.st-andrews.ac.uk/egyptian/unicode/ — used under his written grant of 2026-09-04; published here CC BY 4.0"
𓐣,Aa21,U+13423,logogram,^stḫ,Seth,,period=MK,"Mark-Jan Nederhof, sign-function list (Unicode 5.2 set), https://mjn.host.cs.st-andrews.ac.uk/egyptian/unicode/ — used under his written grant of 2026-09-04; published here CC BY 4.0"
𓐥,Aa23,U+13425,logogram or determinative,mḏd,hit,,,"Mark-Jan Nederhof, sign-function list (Unicode 5.2 set), https://mjn.host.cs.st-andrews.ac.uk/egyptian/unicode/ — used under his written grant of 2026-09-04; published here CC BY 4.0"
𓐧,Aa25,U+13427,logogram,smꜣ,clothing priest,,,"Mark-Jan Nederhof, sign-function list (Unicode 5.2 set), https://mjn.host.cs.st-andrews.ac.uk/egyptian/unicode/ — used under his written grant of 2026-09-04; published here CC BY 4.0"
𓐨,Aa26,U+13428,phonetic determinative,sbꞽ,,,,"Mark-Jan Nederhof, sign-function list (Unicode 5.2 set), https://mjn.host.cs.st-andrews.ac.uk/egyptian/unicode/ — used under his written grant of 2026-09-04; published here CC BY 4.0"
𓐩,Aa27,U+13429,phonogram,nḏ,,,,"Mark-Jan Nederhof, sign-function list (Unicode 5.2 set), https://mjn.host.cs.st-andrews.ac.uk/egyptian/unicode/ — used under his written grant of 2026-09-04; published here CC BY 4.0"
𓐪,Aa28,U+1342A,phonogram or phonetic determinative,qd,,,,"Mark-Jan Nederhof, sign-function list (Unicode 5.2 set), https://mjn.host.cs.st-andrews.ac.uk/egyptian/unicode/ — used under his written grant of 2026-09-04; published here CC BY 4.0"
𓐬,Aa30,U+1342C,logogram or determinative,ẖkr,adorn,,,"Mark-Jan Nederhof, sign-function list (Unicode 5.2 set), https://mjn.host.cs.st-andrews.ac.uk/egyptian/unicode/ — used under his written grant of 2026-09-04; published here CC BY 4.0"
𓐮,Aa32,U+1342E,logogram,stꞽ,Nubian,,,"Mark-Jan Nederhof, sign-function list (Unicode 5.2 set), https://mjn.host.cs.st-andrews.ac.uk/egyptian/unicode/ — used under his written grant of 2026-09-04; published here CC BY 4.0"
𓐮,Aa32,U+1342E,logogram,stꞽ,some mineral,,,"Mark-Jan Nederhof, sign-function list (Unicode 5.2 set), https://mjn.host.cs.st-andrews.ac.uk/egyptian/unicode/ — used under his written grant of 2026-09-04; published here CC BY 4.0"
